Executing command: ./xptools/nushap/nushap.py -ds ../../Datasets_CACM25v2/mnist/sample/shap-sample-0.csv -if ../../Datasets_CACM25v2/mnist/inst/shap-inst-0.csv --error 0.0015 --alpha 0.015 --verb 10
Copyright (C) 2024 Joao Marques-Silva

This program is private and unlicensed. This program may not
be modified. No parts of this program may be redistributed.
For additional restrictions, see the file NOTICES.md.
### Done parsing arguments. Elapsed time: 0.200 sec
### Done parsing dataset & instance. Elapsed time: 0.036 sec
## WCXps:
      | pixel_0_0  pixel_0_1  pixel_0_2  pixel_0_3  pixel_0_4  pixel_0_5  pixel_0_6  pixel_0_7  pixel_0_8  pixel_0_9  …  pixel_27_25  pixel_27_26  pixel_27_27  _RefID_  _TCounts_
     |     bool8      bool8      bool8      bool8      bool8      bool8      bool8      bool8      bool8      bool8           bool8        bool8        bool8    int32      int32
---- + ---------  ---------  ---------  ---------  ---------  ---------  ---------  ---------  ---------  ---------     -----------  -----------  -----------  -------  ---------
   0 |         0          0          0          0          0          0          0          0          0          0  …            0            0            0     3292        136
   1 |         0          0          0          0          0          0          0          0          0          0  …            0            0            0     5503        137
   2 |         0          0          0          0          0          0          0          0          0          0  …            0            0            0     2909        138
   3 |         0          0          0          0          0          0          0          0          0          0  …            0            0            0     5748        139
   4 |         0          0          0          0          0          0          0          0          0          0  …            0            0            0     5747        140
   5 |         0          0          0          0          0          0          0          0          0          0  …            0            0            0     1559        141
   6 |         0          0          0          0          0          0          0          0          0          0  …            0            0            0     3096        142
   7 |         0          0          0          0          0          0          0          0          0          0  …            0            0            0     5743        142
   8 |         0          0          0          0          0          0          0          0          0          0  …            0            0            0     6084        142
   9 |         0          0          0          0          0          0          0          0          0          0  …            0            0            0     2910        143
  10 |         0          0          0          0          0          0          0          0          0          0  …            0            0            0     3104        143
  11 |         0          0          0          0          0          0          0          0          0          0  …            0            0            0     3193        143
  12 |         0          0          0          0          0          0          0          0          0          0  …            0            0            0     3264        143
  13 |         0          0          0          0          0          0          0          0          0          0  …            0            0            0     3381        143
  14 |         0          0          0          0          0          0          0          0          0          0  …            0            0            0     3524        143
   … |         …          …          …          …          …          …          …          …          …          …  …            …            …            …        …          …
5503 |         0          0          0          0          0          0          0          0          0          0  …            0            0            0     5356        315
5504 |         0          0          0          0          0          0          0          0          0          0  …            0            0            0     4058        322
5505 |         0          0          0          0          0          0          0          0          0          0  …            0            0            0     3749        325
5506 |         0          0          0          0          0          0          0          0          0          0  …            0            0            0     4900        327
5507 |         0          0          0          0          0          0          0          0          0          0  …            0            0            0     4443        338
[5508 rows x 786 columns]

## Reduced WCXps:
      | pixel_0_0  pixel_0_1  pixel_0_2  pixel_0_3  pixel_0_4  pixel_0_5  pixel_0_6  pixel_0_7  pixel_0_8  pixel_0_9  …  pixel_27_25  pixel_27_26  pixel_27_27  _RefID_  _TCounts_
     |     bool8      bool8      bool8      bool8      bool8      bool8      bool8      bool8      bool8      bool8           bool8        bool8        bool8    int32      int32
---- + ---------  ---------  ---------  ---------  ---------  ---------  ---------  ---------  ---------  ---------     -----------  -----------  -----------  -------  ---------
   0 |         0          0          0          0          0          0          0          0          0          0  …            0            0            0     3292        136
   1 |         0          0          0          0          0          0          0          0          0          0  …            0            0            0     5503        137
   2 |         0          0          0          0          0          0          0          0          0          0  …            0            0            0     2909        138
   3 |         0          0          0          0          0          0          0          0          0          0  …            0            0            0     5748        139
   4 |         0          0          0          0          0          0          0          0          0          0  …            0            0            0     5747        140
   5 |         0          0          0          0          0          0          0          0          0          0  …            0            0            0     1559        141
   6 |         0          0          0          0          0          0          0          0          0          0  …            0            0            0     3096        142
   7 |         0          0          0          0          0          0          0          0          0          0  …            0            0            0     5743        142
   8 |         0          0          0          0          0          0          0          0          0          0  …            0            0            0     6084        142
   9 |         0          0          0          0          0          0          0          0          0          0  …            0            0            0     2910        143
  10 |         0          0          0          0          0          0          0          0          0          0  …            0            0            0     3104        143
  11 |         0          0          0          0          0          0          0          0          0          0  …            0            0            0     3193        143
  12 |         0          0          0          0          0          0          0          0          0          0  …            0            0            0     3264        143
  13 |         0          0          0          0          0          0          0          0          0          0  …            0            0            0     3524        143
  14 |         0          0          0          0          0          0          0          0          0          0  …            0            0            0     3381        143
   … |         …          …          …          …          …          …          …          …          …          …  …            …            …            …        …          …
5357 |         0          0          0          0          0          0          0          0          0          0  …            0            0            0     5356        315
5358 |         0          0          0          0          0          0          0          0          0          0  …            0            0            0     4058        322
5359 |         0          0          0          0          0          0          0          0          0          0  …            0            0            0     3749        325
5360 |         0          0          0          0          0          0          0          0          0          0  …            0            0            0     4900        327
5361 |         0          0          0          0          0          0          0          0          0          0  …            0            0            0     4443        338
[5362 rows x 786 columns]

WCXp matrix density: 26.743%
CXp matrix density: 26.630%
### Done setting up AXp/CXp info. Elapsed time: 15.067 sec
### mval: 523255
### Svs: 0.0000 0.0000 0.0000 0.0000 0.0000 0.0000 0.0000 0.0000 0.0000 0.0000 0.0000 0.0000 0.0000 0.0000 0.0000 0.0000 0.0000 0.0000 0.0000 0.0000 0.0000 0.0000 0.0000 0.0000 0.0000 0.0000 0.0000 0.0000 0.0000 0.0000 0.0000 0.0000 0.0000 0.0000 0.0000 0.0000 0.0000 0.0000 0.0000 0.0000 0.0000 0.0000 0.0000 0.0000 0.0000 0.0000 0.0000 0.0000 0.0000 0.0000 0.0000 0.0000 0.0000 0.0000 0.0000 0.0000 0.0000 0.0000 0.0000 0.0000 0.0000 0.0000 0.0000 0.0000 0.0000 0.0000 0.0000 0.0000 0.0000 0.0000 0.0000 0.0000 0.0000 0.0000 0.0000 0.0000 0.0000 0.0000 0.0000 0.0000 0.0000 0.0000 0.0000 0.0000 0.0000 0.0000 0.0000 0.0000 0.0000 0.0000 0.0000 0.0000 0.0000 0.0000 0.0000 0.0000 0.0000 0.0000 0.0000 0.0000 0.0000 0.0000 0.0000 0.0000 0.0000 0.0000 0.0000 0.0000 0.0000 0.0000 0.0000 0.0000 0.0000 0.0000 0.0000 0.0000 0.0000 0.0000 0.0000 0.0000 0.0000 0.0000 0.0000 0.0000 0.0000 0.0000 0.0000 0.0000 0.0000 0.0000 0.0000 0.0000 0.0000 0.0000 0.0000 0.0000 0.0000 0.0000 0.0000 0.0000 0.0000 0.0000 0.0000 0.0000 0.0000 0.0000 0.0000 0.0000 0.0000 0.0000 0.0000 0.0000 0.0000 0.0000 0.0000 0.0000 0.0000 0.0000 0.0000 0.0000 0.0000 0.0000 0.0000 0.0000 0.0000 0.0000 0.0000 0.0000 0.0000 0.0000 0.0000 0.0000 0.0000 0.0000 0.0000 0.0000 0.0000 0.0000 0.0000 0.0000 0.0000 0.0000 0.0000 0.0000 0.0000 0.0000 0.0000 0.0000 0.0000 0.0000 0.0000 0.0000 0.0000 0.0000 0.0000 0.0000 0.0000 0.0000 0.0000 0.0000 0.0000 0.0000 0.0088 0.0086 0.0086 0.0090 0.0086 0.0087 0.0000 0.0000 0.0000 0.0000 0.0000 0.0000 0.0000 0.0000 0.0000 0.0000 0.0000 0.0000 0.0000 0.0000 0.0000 0.0000 0.0000 0.0000 0.0000 0.0000 0.0000 0.0000 0.0085 0.0088 0.0088 0.0086 0.0088 0.0088 0.0089 0.0086 0.0088 0.0086 0.0088 0.0089 0.0086 0.0086 0.0085 0.0088 0.0000 0.0000 0.0000 0.0000 0.0000 0.0000 0.0000 0.0000 0.0000 0.0000 0.0000 0.0000 0.0086 0.0087 0.0086 0.0087 0.0085 0.0085 0.0088 0.0087 0.0085 0.0089 0.0088 0.0087 0.0089 0.0088 0.0087 0.0085 0.0000 0.0000 0.0000 0.0000 0.0000 0.0000 0.0000 0.0000 0.0000 0.0000 0.0000 0.0000 0.0000 0.0000 0.0000 0.0000 0.0000 0.0089 0.0087 0.0090 0.0088 0.0086 0.0088 0.0091 0.0087 0.0089 0.0086 0.0086 0.0000 0.0000 0.0000 0.0000 0.0000 0.0000 0.0000 0.0000 0.0000 0.0000 0.0000 0.0000 0.0000 0.0000 0.0000 0.0000 0.0000 0.0000 0.0000 0.0000 0.0000 0.0000 0.0000 0.0000 0.0086 0.0088 0.0086 0.0087 0.0000 0.0000 0.0000 0.0000 0.0000 0.0000 0.0000 0.0000 0.0000 0.0000 0.0000 0.0000 0.0000 0.0000 0.0000 0.0000 0.0000 0.0000 0.0000 0.0000 0.0000 0.0000 0.0000 0.0088 0.0085 0.0000 0.0085 0.0000 0.0000 0.0000 0.0000 0.0000 0.0000 0.0000 0.0000 0.0000 0.0000 0.0000 0.0000 0.0000 0.0000 0.0000 0.0000 0.0000 0.0000 0.0000 0.0000 0.0000 0.0000 0.0000 0.0000 0.0090 0.0090 0.0086 0.0089 0.0000 0.0000 0.0000 0.0000 0.0000 0.0000 0.0000 0.0000 0.0000 0.0000 0.0000 0.0000 0.0000 0.0000 0.0000 0.0000 0.0000 0.0000 0.0000 0.0000 0.0000 0.0000 0.0000 0.0086 0.0085 0.0089 0.0086 0.0000 0.0000 0.0000 0.0000 0.0000 0.0000 0.0000 0.0000 0.0000 0.0000 0.0000 0.0000 0.0000 0.0000 0.0000 0.0000 0.0000 0.0000 0.0000 0.0000 0.0000 0.0000 0.0000 0.0000 0.0084 0.0087 0.0087 0.0087 0.0000 0.0000 0.0000 0.0000 0.0000 0.0000 0.0000 0.0000 0.0000 0.0000 0.0000 0.0000 0.0000 0.0000 0.0000 0.0000 0.0000 0.0000 0.0000 0.0000 0.0000 0.0000 0.0000 0.0085 0.0087 0.0084 0.0088 0.0000 0.0000 0.0000 0.0000 0.0000 0.0000 0.0000 0.0000 0.0000 0.0000 0.0000 0.0000 0.0000 0.0000 0.0000 0.0000 0.0000 0.0000 0.0000 0.0000 0.0000 0.0000 0.0000 0.0000 0.0087 0.0086 0.0086 0.0000 0.0000 0.0000 0.0000 0.0000 0.0000 0.0000 0.0000 0.0000 0.0000 0.0000 0.0000 0.0000 0.0000 0.0000 0.0000 0.0000 0.0000 0.0000 0.0000 0.0000 0.0000 0.0000 0.0000 0.0088 0.0087 0.0088 0.0086 0.0000 0.0000 0.0000 0.0000 0.0000 0.0000 0.0000 0.0000 0.0000 0.0000 0.0000 0.0000 0.0000 0.0000 0.0000 0.0000 0.0000 0.0000 0.0000 0.0000 0.0000 0.0000 0.0000 0.0088 0.0085 0.0088 0.0088 0.0000 0.0000 0.0000 0.0000 0.0000 0.0000 0.0000 0.0000 0.0000 0.0000 0.0000 0.0000 0.0000 0.0000 0.0000 0.0000 0.0000 0.0000 0.0000 0.0000 0.0000 0.0000 0.0000 0.0087 0.0087 0.0087 0.0086 0.0087 0.0000 0.0000 0.0000 0.0000 0.0000 0.0000 0.0000 0.0000 0.0000 0.0000 0.0000 0.0000 0.0000 0.0000 0.0000 0.0000 0.0000 0.0000 0.0000 0.0000 0.0000 0.0000 0.0000 0.0089 0.0087 0.0087 0.0088 0.0000 0.0000 0.0000 0.0000 0.0000 0.0000 0.0000 0.0000 0.0000 0.0000 0.0000 0.0000 0.0000 0.0000 0.0000 0.0000 0.0000 0.0000 0.0000 0.0000 0.0000 0.0000 0.0000 0.0087 0.0086 0.0087 0.0086 0.0084 0.0000 0.0000 0.0000 0.0000 0.0000 0.0000 0.0000 0.0000 0.0000 0.0000 0.0000 0.0000 0.0000 0.0000 0.0000 0.0000 0.0000 0.0000 0.0000 0.0000 0.0000 0.0000 0.0000 0.0086 0.0086 0.0088 0.0086 0.0000 0.0000 0.0000 0.0000 0.0000 0.0000 0.0000 0.0000 0.0000 0.0000 0.0000 0.0000 0.0000 0.0000 0.0000 0.0000 0.0000 0.0000 0.0000 0.0000 0.0000 0.0000 0.0000 0.0088 0.0085 0.0086 0.0086 0.0088 0.0000 0.0000 0.0000 0.0000 0.0000 0.0000 0.0000 0.0000 0.0000 0.0000 0.0000 0.0000 0.0000 0.0000 0.0000 0.0000 0.0000 0.0000 0.0000 0.0000 0.0000 0.0000 0.0000 0.0088 0.0088 0.0086 0.0086 0.0089 0.0000 0.0000 0.0000 0.0000 0.0000 0.0000 0.0000 0.0000 0.0000 0.0000 0.0000 0.0000 0.0000 0.0000 0.0000 0.0000 0.0000 0.0000 0.0000 0.0000 0.0000 0.0000 0.0000 0.0087 0.0084 0.0086 0.0088 0.0000 0.0000 0.0000 0.0000 0.0000 0.0000 0.0000 0.0000 0.0000 0.0000 0.0000 0.0000 0.0000 0.0000 0.0000 0.0000 0.0000 0.0000 0.0000 0.0000 0.0000 0.0000 0.0000 0.0000 0.0000 0.0000 0.0000 0.0000 0.0000 0.0000 0.0000 0.0000 0.0000 0.0000 0.0000 0.0000 0.0000 0.0000 0.0000 0.0000 0.0000 0.0000 
### Terminating execution. Total running time: 154.554 sec
Executing command: ./xptools/nushap/nushap.py -ds ../../Datasets_CACM25v2/mnist/sample/shap-sample-1.csv -if ../../Datasets_CACM25v2/mnist/inst/shap-inst-1.csv --error 0.0015 --alpha 0.015 --verb 10
Copyright (C) 2024 Joao Marques-Silva

This program is private and unlicensed. This program may not
be modified. No parts of this program may be redistributed.
For additional restrictions, see the file NOTICES.md.
### Done parsing arguments. Elapsed time: 0.299 sec
### Done parsing dataset & instance. Elapsed time: 0.028 sec
## WCXps:
      | pixel_0_0  pixel_0_1  pixel_0_2  pixel_0_3  pixel_0_4  pixel_0_5  pixel_0_6  pixel_0_7  pixel_0_8  pixel_0_9  …  pixel_27_25  pixel_27_26  pixel_27_27  _RefID_  _TCounts_
     |     bool8      bool8      bool8      bool8      bool8      bool8      bool8      bool8      bool8      bool8           bool8        bool8        bool8    int32      int32
---- + ---------  ---------  ---------  ---------  ---------  ---------  ---------  ---------  ---------  ---------     -----------  -----------  -----------  -------  ---------
   0 |         0          0          0          0          0          0          0          0          0          0  …            0            0            0     1559        166
   1 |         0          0          0          0          0          0          0          0          0          0  …            0            0            0     1604        166
   2 |         0          0          0          0          0          0          0          0          0          0  …            0            0            0     1605        166
   3 |         0          0          0          0          0          0          0          0          0          0  …            0            0            0     1224        167
   4 |         0          0          0          0          0          0          0          0          0          0  …            0            0            0     2179        167
   5 |         0          0          0          0          0          0          0          0          0          0  …            0            0            0     2180        167
   6 |         0          0          0          0          0          0          0          0          0          0  …            0            0            0     2559        167
   7 |         0          0          0          0          0          0          0          0          0          0  …            0            0            0     1119        168
   8 |         0          0          0          0          0          0          0          0          0          0  …            0            0            0     1930        168
   9 |         0          0          0          0          0          0          0          0          0          0  …            0            0            0     1931        168
  10 |         0          0          0          0          0          0          0          0          0          0  …            0            0            0     2236        168
  11 |         0          0          0          0          0          0          0          0          0          0  …            0            0            0     2237        168
  12 |         0          0          0          0          0          0          0          0          0          0  …            0            0            0     2412        168
  13 |         0          0          0          0          0          0          0          0          0          0  …            0            0            0      800        169
  14 |         0          0          0          0          0          0          0          0          0          0  …            0            0            0      810        169
   … |         …          …          …          …          …          …          …          …          …          …  …            …            …            …        …          …
1398 |         0          0          0          0          0          0          0          0          0          0  …            0            0            0      852        319
1399 |         0          0          0          0          0          0          0          0          0          0  …            0            0            0       98        320
1400 |         0          0          0          0          0          0          0          0          0          0  …            0            0            0       99        321
1401 |         0          0          0          0          0          0          0          0          0          0  …            0            0            0      140        327
1402 |         0          0          0          0          0          0          0          0          0          0  …            0            0            0      141        328
[1403 rows x 786 columns]

## Reduced WCXps:
      | pixel_0_0  pixel_0_1  pixel_0_2  pixel_0_3  pixel_0_4  pixel_0_5  pixel_0_6  pixel_0_7  pixel_0_8  pixel_0_9  …  pixel_27_25  pixel_27_26  pixel_27_27  _RefID_  _TCounts_
     |     bool8      bool8      bool8      bool8      bool8      bool8      bool8      bool8      bool8      bool8           bool8        bool8        bool8    int32      int32
---- + ---------  ---------  ---------  ---------  ---------  ---------  ---------  ---------  ---------  ---------     -----------  -----------  -----------  -------  ---------
   0 |         0          0          0          0          0          0          0          0          0          0  …            0            0            0     1604        166
   1 |         0          0          0          0          0          0          0          0          0          0  …            0            0            0     1559        166
   2 |         0          0          0          0          0          0          0          0          0          0  …            0            0            0     1224        167
   3 |         0          0          0          0          0          0          0          0          0          0  …            0            0            0     2559        167
   4 |         0          0          0          0          0          0          0          0          0          0  …            0            0            0     2179        167
   5 |         0          0          0          0          0          0          0          0          0          0  …            0            0            0     2412        168
   6 |         0          0          0          0          0          0          0          0          0          0  …            0            0            0     1930        168
   7 |         0          0          0          0          0          0          0          0          0          0  …            0            0            0     2236        168
   8 |         0          0          0          0          0          0          0          0          0          0  …            0            0            0     1119        168
   9 |         0          0          0          0          0          0          0          0          0          0  …            0            0            0      800        169
  10 |         0          0          0          0          0          0          0          0          0          0  …            0            0            0      810        169
  11 |         0          0          0          0          0          0          0          0          0          0  …            0            0            0     1617        169
  12 |         0          0          0          0          0          0          0          0          0          0  …            0            0            0     1525        169
  13 |         0          0          0          0          0          0          0          0          0          0  …            0            0            0     2554        170
  14 |         0          0          0          0          0          0          0          0          0          0  …            0            0            0     1691        171
   … |         …          …          …          …          …          …          …          …          …          …  …            …            …            …        …          …
1156 |         0          0          0          0          0          0          0          0          0          0  …            0            0            0      852        319
1157 |         0          0          0          0          0          0          0          0          0          0  …            0            0            0       98        320
1158 |         0          0          0          0          0          0          0          0          0          0  …            0            0            0       99        321
1159 |         0          0          0          0          0          0          0          0          0          0  …            0            0            0      140        327
1160 |         0          0          0          0          0          0          0          0          0          0  …            0            0            0      141        328
[1161 rows x 786 columns]

WCXp matrix density: 28.365%
CXp matrix density: 27.103%
### Done setting up AXp/CXp info. Elapsed time: 1.097 sec
### mval: 523255
### Svs: 0.0000 0.0000 0.0000 0.0000 0.0000 0.0000 0.0000 0.0000 0.0000 0.0000 0.0000 0.0000 0.0000 0.0000 0.0000 0.0000 0.0000 0.0000 0.0000 0.0000 0.0000 0.0000 0.0000 0.0000 0.0000 0.0000 0.0000 0.0000 0.0000 0.0000 0.0000 0.0000 0.0000 0.0000 0.0000 0.0000 0.0000 0.0000 0.0000 0.0000 0.0000 0.0000 0.0000 0.0000 0.0000 0.0000 0.0000 0.0000 0.0000 0.0000 0.0000 0.0000 0.0000 0.0000 0.0000 0.0000 0.0000 0.0000 0.0000 0.0000 0.0000 0.0000 0.0000 0.0000 0.0000 0.0000 0.0000 0.0000 0.0000 0.0000 0.0000 0.0000 0.0000 0.0000 0.0000 0.0000 0.0000 0.0000 0.0000 0.0000 0.0000 0.0000 0.0000 0.0000 0.0000 0.0000 0.0000 0.0000 0.0000 0.0000 0.0000 0.0000 0.0000 0.0000 0.0062 0.0061 0.0061 0.0000 0.0000 0.0059 0.0061 0.0000 0.0000 0.0000 0.0000 0.0000 0.0000 0.0000 0.0000 0.0000 0.0000 0.0000 0.0000 0.0000 0.0000 0.0000 0.0000 0.0000 0.0000 0.0000 0.0000 0.0061 0.0061 0.0062 0.0059 0.0063 0.0061 0.0061 0.0060 0.0064 0.0000 0.0000 0.0000 0.0000 0.0000 0.0000 0.0000 0.0000 0.0000 0.0000 0.0000 0.0000 0.0000 0.0000 0.0000 0.0000 0.0000 0.0000 0.0061 0.0061 0.0062 0.0062 0.0061 0.0060 0.0061 0.0062 0.0059 0.0061 0.0000 0.0000 0.0000 0.0000 0.0000 0.0000 0.0000 0.0000 0.0000 0.0000 0.0000 0.0000 0.0000 0.0000 0.0000 0.0000 0.0000 0.0061 0.0062 0.0063 0.0061 0.0062 0.0062 0.0000 0.0061 0.0060 0.0062 0.0063 0.0000 0.0000 0.0000 0.0000 0.0000 0.0000 0.0000 0.0000 0.0000 0.0000 0.0000 0.0000 0.0000 0.0000 0.0000 0.0000 0.0000 0.0061 0.0061 0.0059 0.0062 0.0000 0.0000 0.0000 0.0062 0.0061 0.0060 0.0061 0.0000 0.0000 0.0000 0.0000 0.0000 0.0000 0.0000 0.0000 0.0000 0.0000 0.0000 0.0000 0.0000 0.0000 0.0000 0.0000 0.0000 0.0000 0.0062 0.0060 0.0000 0.0000 0.0000 0.0000 0.0061 0.0061 0.0060 0.0061 0.0000 0.0000 0.0000 0.0000 0.0000 0.0000 0.0000 0.0000 0.0000 0.0000 0.0000 0.0000 0.0000 0.0000 0.0000 0.0000 0.0000 0.0000 0.0000 0.0000 0.0000 0.0000 0.0000 0.0061 0.0062 0.0062 0.0062 0.0061 0.0000 0.0000 0.0000 0.0000 0.0000 0.0000 0.0000 0.0000 0.0000 0.0000 0.0000 0.0000 0.0000 0.0000 0.0000 0.0000 0.0000 0.0000 0.0000 0.0000 0.0000 0.0000 0.0060 0.0061 0.0062 0.0062 0.0061 0.0000 0.0000 0.0000 0.0000 0.0000 0.0000 0.0000 0.0000 0.0000 0.0000 0.0000 0.0000 0.0000 0.0000 0.0000 0.0000 0.0000 0.0000 0.0000 0.0000 0.0000 0.0000 0.0000 0.0062 0.0061 0.0060 0.0061 0.0000 0.0000 0.0000 0.0000 0.0000 0.0000 0.0000 0.0000 0.0000 0.0000 0.0000 0.0000 0.0000 0.0000 0.0000 0.0000 0.0000 0.0000 0.0000 0.0000 0.0000 0.0000 0.0000 0.0059 0.0061 0.0063 0.0061 0.0061 0.0000 0.0000 0.0000 0.0000 0.0000 0.0000 0.0000 0.0000 0.0000 0.0000 0.0000 0.0000 0.0000 0.0000 0.0000 0.0000 0.0000 0.0000 0.0000 0.0000 0.0000 0.0000 0.0062 0.0063 0.0061 0.0062 0.0061 0.0000 0.0000 0.0000 0.0000 0.0000 0.0000 0.0000 0.0000 0.0000 0.0000 0.0000 0.0000 0.0000 0.0000 0.0000 0.0000 0.0000 0.0000 0.0000 0.0000 0.0000 0.0000 0.0000 0.0062 0.0061 0.0061 0.0060 0.0000 0.0000 0.0000 0.0000 0.0000 0.0000 0.0000 0.0000 0.0000 0.0000 0.0000 0.0000 0.0000 0.0000 0.0000 0.0000 0.0000 0.0000 0.0000 0.0000 0.0000 0.0000 0.0000 0.0060 0.0063 0.0062 0.0062 0.0062 0.0000 0.0000 0.0000 0.0000 0.0000 0.0000 0.0000 0.0000 0.0000 0.0000 0.0000 0.0000 0.0000 0.0000 0.0000 0.0000 0.0000 0.0000 0.0000 0.0000 0.0000 0.0000 0.0061 0.0061 0.0062 0.0062 0.0061 0.0000 0.0000 0.0000 0.0000 0.0000 0.0000 0.0000 0.0000 0.0000 0.0000 0.0000 0.0000 0.0000 0.0000 0.0000 0.0000 0.0000 0.0000 0.0000 0.0000 0.0000 0.0000 0.0000 0.0060 0.0060 0.0060 0.0062 0.0062 0.0000 0.0000 0.0000 0.0000 0.0000 0.0000 0.0000 0.0000 0.0000 0.0000 0.0000 0.0000 0.0000 0.0000 0.0000 0.0000 0.0000 0.0000 0.0000 0.0000 0.0000 0.0000 0.0000 0.0060 0.0061 0.0061 0.0061 0.0000 0.0000 0.0000 0.0000 0.0000 0.0000 0.0000 0.0000 0.0000 0.0000 0.0000 0.0000 0.0000 0.0000 0.0000 0.0000 0.0000 0.0000 0.0000 0.0000 0.0000 0.0000 0.0000 0.0000 0.0060 0.0061 0.0064 0.0060 0.0061 0.0059 0.0061 0.0061 0.0062 0.0000 0.0060 0.0064 0.0060 0.0061 0.0061 0.0062 0.0063 0.0061 0.0061 0.0000 0.0000 0.0000 0.0000 0.0000 0.0000 0.0000 0.0000 0.0000 0.0061 0.0062 0.0061 0.0062 0.0061 0.0061 0.0062 0.0060 0.0062 0.0062 0.0065 0.0062 0.0062 0.0063 0.0062 0.0062 0.0063 0.0063 0.0063 0.0000 0.0000 0.0000 0.0000 0.0000 0.0000 0.0000 0.0000 0.0000 0.0062 0.0062 0.0061 0.0064 0.0061 0.0060 0.0062 0.0062 0.0061 0.0060 0.0060 0.0061 0.0059 0.0062 0.0062 0.0062 0.0062 0.0061 0.0060 0.0000 0.0000 0.0000 0.0000 0.0000 0.0000 0.0000 0.0000 0.0000 0.0000 0.0061 0.0063 0.0060 0.0062 0.0065 0.0060 0.0062 0.0062 0.0061 0.0062 0.0060 0.0060 0.0000 0.0000 0.0000 0.0000 0.0000 0.0000 0.0000 0.0000 0.0000 0.0000 0.0000 0.0000 0.0000 0.0000 0.0000 0.0000 0.0000 0.0000 0.0000 0.0000 0.0000 0.0000 0.0000 0.0000 0.0000 0.0000 0.0000 0.0000 0.0000 0.0000 0.0000 0.0000 0.0000 0.0000 0.0000 0.0000 0.0000 0.0000 0.0000 0.0000 0.0000 0.0000 0.0000 0.0000 0.0000 0.0000 0.0000 0.0000 0.0000 0.0000 0.0000 0.0000 0.0000 0.0000 0.0000 0.0000 0.0000 0.0000 0.0000 0.0000 0.0000 0.0000 0.0000 0.0000 0.0000 0.0000 0.0000 0.0000 0.0000 0.0000 0.0000 0.0000 0.0000 0.0000 0.0000 0.0000 0.0000 0.0000 0.0000 0.0000 0.0000 0.0000 0.0000 0.0000 0.0000 0.0000 0.0000 0.0000 0.0000 0.0000 0.0000 0.0000 0.0000 0.0000 0.0000 0.0000 0.0000 0.0000 0.0000 0.0000 0.0000 0.0000 0.0000 0.0000 0.0000 0.0000 0.0000 0.0000 0.0000 0.0000 0.0000 0.0000 0.0000 0.0000 0.0000 0.0000 0.0000 0.0000 0.0000 0.0000 0.0000 0.0000 0.0000 0.0000 0.0000 0.0000 0.0000 0.0000 0.0000 0.0000 0.0000 0.0000 0.0000 0.0000 0.0000 0.0000 0.0000 0.0000 0.0000 0.0000 0.0000 0.0000 0.0000 0.0000 0.0000 0.0000 0.0000 
### Terminating execution. Total running time: 34.997 sec
Executing command: ./xptools/nushap/nushap.py -ds ../../Datasets_CACM25v2/mnist/sample/shap-sample-2.csv -if ../../Datasets_CACM25v2/mnist/inst/shap-inst-2.csv --error 0.0015 --alpha 0.015 --verb 10
Copyright (C) 2024 Joao Marques-Silva

This program is private and unlicensed. This program may not
be modified. No parts of this program may be redistributed.
For additional restrictions, see the file NOTICES.md.
### Done parsing arguments. Elapsed time: 0.209 sec
### Done parsing dataset & instance. Elapsed time: 0.026 sec
## WCXps:
      | pixel_0_0  pixel_0_1  pixel_0_2  pixel_0_3  pixel_0_4  pixel_0_5  pixel_0_6  pixel_0_7  pixel_0_8  pixel_0_9  …  pixel_27_25  pixel_27_26  pixel_27_27  _RefID_  _TCounts_
     |     bool8      bool8      bool8      bool8      bool8      bool8      bool8      bool8      bool8      bool8           bool8        bool8        bool8    int32      int32
---- + ---------  ---------  ---------  ---------  ---------  ---------  ---------  ---------  ---------  ---------     -----------  -----------  -----------  -------  ---------
   0 |         0          0          0          0          0          0          0          0          0          0  …            0            0            0     1138         91
   1 |         0          0          0          0          0          0          0          0          0          0  …            0            0            0      567         93
   2 |         0          0          0          0          0          0          0          0          0          0  …            0            0            0      550         94
   3 |         0          0          0          0          0          0          0          0          0          0  …            0            0            0      551         95
   4 |         0          0          0          0          0          0          0          0          0          0  …            0            0            0       80         96
   5 |         0          0          0          0          0          0          0          0          0          0  …            0            0            0     2008         96
   6 |         0          0          0          0          0          0          0          0          0          0  …            0            0            0     1125         97
   7 |         0          0          0          0          0          0          0          0          0          0  …            0            0            0     1898         97
   8 |         0          0          0          0          0          0          0          0          0          0  …            0            0            0     1899         97
   9 |         0          0          0          0          0          0          0          0          0          0  …            0            0            0     1295         98
  10 |         0          0          0          0          0          0          0          0          0          0  …            0            0            0     1621         98
  11 |         0          0          0          0          0          0          0          0          0          0  …            0            0            0     1246         99
  12 |         0          0          0          0          0          0          0          0          0          0  …            0            0            0     1299         99
  13 |         0          0          0          0          0          0          0          0          0          0  …            0            0            0     1326         99
  14 |         0          0          0          0          0          0          0          0          0          0  …            0            0            0     1353         99
   … |         …          …          …          …          …          …          …          …          …          …  …            …            …            …        …          …
1241 |         0          0          0          0          0          0          0          0          0          0  …            0            0            0     2169        256
1242 |         0          0          0          0          0          0          0          0          0          0  …            0            0            0      306        258
1243 |         0          0          0          0          0          0          0          0          0          0  …            0            0            0      258        262
1244 |         0          0          0          0          0          0          0          0          0          0  …            0            0            0     2405        263
1245 |         0          0          0          0          0          0          0          0          0          0  …            0            0            0      269        302
[1246 rows x 786 columns]

## Reduced WCXps:
      | pixel_0_0  pixel_0_1  pixel_0_2  pixel_0_3  pixel_0_4  pixel_0_5  pixel_0_6  pixel_0_7  pixel_0_8  pixel_0_9  …  pixel_27_25  pixel_27_26  pixel_27_27  _RefID_  _TCounts_
     |     bool8      bool8      bool8      bool8      bool8      bool8      bool8      bool8      bool8      bool8           bool8        bool8        bool8    int32      int32
---- + ---------  ---------  ---------  ---------  ---------  ---------  ---------  ---------  ---------  ---------     -----------  -----------  -----------  -------  ---------
   0 |         0          0          0          0          0          0          0          0          0          0  …            0            0            0     1138         91
   1 |         0          0          0          0          0          0          0          0          0          0  …            0            0            0      567         93
   2 |         0          0          0          0          0          0          0          0          0          0  …            0            0            0      550         94
   3 |         0          0          0          0          0          0          0          0          0          0  …            0            0            0      551         95
   4 |         0          0          0          0          0          0          0          0          0          0  …            0            0            0       80         96
   5 |         0          0          0          0          0          0          0          0          0          0  …            0            0            0     2008         96
   6 |         0          0          0          0          0          0          0          0          0          0  …            0            0            0     1125         97
   7 |         0          0          0          0          0          0          0          0          0          0  …            0            0            0     1898         97
   8 |         0          0          0          0          0          0          0          0          0          0  …            0            0            0     1295         98
   9 |         0          0          0          0          0          0          0          0          0          0  …            0            0            0     1621         98
  10 |         0          0          0          0          0          0          0          0          0          0  …            0            0            0     1326         99
  11 |         0          0          0          0          0          0          0          0          0          0  …            0            0            0     1353         99
  12 |         0          0          0          0          0          0          0          0          0          0  …            0            0            0     1299         99
  13 |         0          0          0          0          0          0          0          0          0          0  …            0            0            0     1246         99
  14 |         0          0          0          0          0          0          0          0          0          0  …            0            0            0     2498         99
   … |         …          …          …          …          …          …          …          …          …          …  …            …            …            …        …          …
1152 |         0          0          0          0          0          0          0          0          0          0  …            0            0            0     2169        256
1153 |         0          0          0          0          0          0          0          0          0          0  …            0            0            0      306        258
1154 |         0          0          0          0          0          0          0          0          0          0  …            0            0            0      258        262
1155 |         0          0          0          0          0          0          0          0          0          0  …            0            0            0     2405        263
1156 |         0          0          0          0          0          0          0          0          0          0  …            0            0            0      269        302
[1157 rows x 786 columns]

WCXp matrix density: 19.312%
CXp matrix density: 19.228%
### Done setting up AXp/CXp info. Elapsed time: 0.970 sec
### mval: 523255
### Svs: 0.0000 0.0000 0.0000 0.0000 0.0000 0.0000 0.0000 0.0000 0.0000 0.0000 0.0000 0.0000 0.0000 0.0000 0.0000 0.0000 0.0000 0.0000 0.0000 0.0000 0.0000 0.0000 0.0000 0.0000 0.0000 0.0000 0.0000 0.0000 0.0000 0.0000 0.0000 0.0000 0.0000 0.0000 0.0000 0.0000 0.0000 0.0000 0.0000 0.0000 0.0000 0.0000 0.0000 0.0000 0.0000 0.0000 0.0000 0.0000 0.0000 0.0000 0.0000 0.0000 0.0000 0.0000 0.0000 0.0000 0.0000 0.0000 0.0000 0.0000 0.0000 0.0000 0.0000 0.0000 0.0000 0.0000 0.0000 0.0000 0.0000 0.0000 0.0000 0.0000 0.0000 0.0000 0.0000 0.0000 0.0000 0.0000 0.0000 0.0000 0.0000 0.0000 0.0000 0.0000 0.0000 0.0000 0.0000 0.0000 0.0000 0.0000 0.0000 0.0000 0.0000 0.0000 0.0000 0.0000 0.0000 0.0000 0.0000 0.0000 0.0000 0.0000 0.0000 0.0000 0.0000 0.0000 0.0000 0.0000 0.0000 0.0000 0.0000 0.0000 0.0000 0.0000 0.0000 0.0000 0.0000 0.0000 0.0000 0.0000 0.0000 0.0000 0.0000 0.0000 0.0000 0.0000 0.0000 0.0000 0.0158 0.0160 0.0158 0.0000 0.0000 0.0000 0.0000 0.0000 0.0000 0.0000 0.0000 0.0000 0.0000 0.0000 0.0000 0.0000 0.0000 0.0000 0.0000 0.0000 0.0000 0.0000 0.0000 0.0000 0.0000 0.0000 0.0000 0.0000 0.0161 0.0157 0.0153 0.0000 0.0000 0.0000 0.0000 0.0000 0.0000 0.0000 0.0000 0.0000 0.0000 0.0000 0.0000 0.0000 0.0000 0.0000 0.0000 0.0000 0.0000 0.0000 0.0000 0.0000 0.0000 0.0000 0.0000 0.0000 0.0159 0.0158 0.0000 0.0000 0.0000 0.0000 0.0000 0.0000 0.0000 0.0000 0.0000 0.0000 0.0000 0.0000 0.0000 0.0000 0.0000 0.0000 0.0000 0.0000 0.0000 0.0000 0.0000 0.0000 0.0000 0.0000 0.0000 0.0158 0.0157 0.0160 0.0000 0.0000 0.0000 0.0000 0.0000 0.0000 0.0000 0.0000 0.0000 0.0000 0.0000 0.0000 0.0000 0.0000 0.0000 0.0000 0.0000 0.0000 0.0000 0.0000 0.0000 0.0000 0.0000 0.0000 0.0000 0.0161 0.0159 0.0162 0.0000 0.0000 0.0000 0.0000 0.0000 0.0000 0.0000 0.0000 0.0000 0.0000 0.0000 0.0000 0.0000 0.0000 0.0000 0.0000 0.0000 0.0000 0.0000 0.0000 0.0000 0.0000 0.0000 0.0000 0.0000 0.0157 0.0159 0.0158 0.0000 0.0000 0.0000 0.0000 0.0000 0.0000 0.0000 0.0000 0.0000 0.0000 0.0000 0.0000 0.0000 0.0000 0.0000 0.0000 0.0000 0.0000 0.0000 0.0000 0.0000 0.0000 0.0000 0.0000 0.0156 0.0157 0.0159 0.0000 0.0000 0.0000 0.0000 0.0000 0.0000 0.0000 0.0000 0.0000 0.0000 0.0000 0.0000 0.0000 0.0000 0.0000 0.0000 0.0000 0.0000 0.0000 0.0000 0.0000 0.0000 0.0000 0.0000 0.0000 0.0158 0.0161 0.0156 0.0000 0.0000 0.0000 0.0000 0.0000 0.0000 0.0000 0.0000 0.0000 0.0000 0.0000 0.0000 0.0000 0.0000 0.0000 0.0000 0.0000 0.0000 0.0000 0.0000 0.0000 0.0000 0.0000 0.0000 0.0000 0.0157 0.0160 0.0157 0.0000 0.0000 0.0000 0.0000 0.0000 0.0000 0.0000 0.0000 0.0000 0.0000 0.0000 0.0000 0.0000 0.0000 0.0000 0.0000 0.0000 0.0000 0.0000 0.0000 0.0000 0.0000 0.0000 0.0000 0.0157 0.0159 0.0159 0.0161 0.0000 0.0000 0.0000 0.0000 0.0000 0.0000 0.0000 0.0000 0.0000 0.0000 0.0000 0.0000 0.0000 0.0000 0.0000 0.0000 0.0000 0.0000 0.0000 0.0000 0.0000 0.0000 0.0000 0.0000 0.0160 0.0000 0.0159 0.0000 0.0000 0.0000 0.0000 0.0000 0.0000 0.0000 0.0000 0.0000 0.0000 0.0000 0.0000 0.0000 0.0000 0.0000 0.0000 0.0000 0.0000 0.0000 0.0000 0.0000 0.0000 0.0000 0.0000 0.0000 0.0159 0.0160 0.0158 0.0000 0.0000 0.0000 0.0000 0.0000 0.0000 0.0000 0.0000 0.0000 0.0000 0.0000 0.0000 0.0000 0.0000 0.0000 0.0000 0.0000 0.0000 0.0000 0.0000 0.0000 0.0000 0.0000 0.0000 0.0156 0.0159 0.0156 0.0000 0.0000 0.0000 0.0000 0.0000 0.0000 0.0000 0.0000 0.0000 0.0000 0.0000 0.0000 0.0000 0.0000 0.0000 0.0000 0.0000 0.0000 0.0000 0.0000 0.0000 0.0000 0.0000 0.0000 0.0000 0.0158 0.0156 0.0159 0.0000 0.0000 0.0000 0.0000 0.0000 0.0000 0.0000 0.0000 0.0000 0.0000 0.0000 0.0000 0.0000 0.0000 0.0000 0.0000 0.0000 0.0000 0.0000 0.0000 0.0000 0.0000 0.0000 0.0000 0.0000 0.0160 0.0158 0.0161 0.0000 0.0000 0.0000 0.0000 0.0000 0.0000 0.0000 0.0000 0.0000 0.0000 0.0000 0.0000 0.0000 0.0000 0.0000 0.0000 0.0000 0.0000 0.0000 0.0000 0.0000 0.0000 0.0000 0.0000 0.0000 0.0158 0.0160 0.0159 0.0000 0.0000 0.0000 0.0000 0.0000 0.0000 0.0000 0.0000 0.0000 0.0000 0.0000 0.0000 0.0000 0.0000 0.0000 0.0000 0.0000 0.0000 0.0000 0.0000 0.0000 0.0000 0.0000 0.0000 0.0158 0.0160 0.0157 0.0157 0.0000 0.0000 0.0000 0.0000 0.0000 0.0000 0.0000 0.0000 0.0000 0.0000 0.0000 0.0000 0.0000 0.0000 0.0000 0.0000 0.0000 0.0000 0.0000 0.0000 0.0000 0.0000 0.0000 0.0000 0.0158 0.0158 0.0154 0.0157 0.0000 0.0000 0.0000 0.0000 0.0000 0.0000 0.0000 0.0000 0.0000 0.0000 0.0000 0.0000 0.0000 0.0000 0.0000 0.0000 0.0000 0.0000 0.0000 0.0000 0.0000 0.0000 0.0000 0.0158 0.0157 0.0155 0.0160 0.0000 0.0000 0.0000 0.0000 0.0000 0.0000 0.0000 0.0000 0.0000 0.0000 0.0000 0.0000 0.0000 0.0000 0.0000 0.0000 0.0000 0.0000 0.0000 0.0000 0.0000 0.0000 0.0000 0.0000 0.0160 0.0158 0.0158 0.0159 0.0000 0.0000 0.0000 0.0000 0.0000 0.0000 0.0000 0.0000 0.0000 0.0000 0.0000 0.0000 0.0000 0.0000 0.0000 0.0000 0.0000 0.0000 0.0000 0.0000 0.0000 0.0000 0.0000 0.0000 0.0000 0.0000 0.0000 0.0000 0.0000 0.0000 0.0000 0.0000 0.0000 0.0000 0.0000 0.0000 0.0000 0.0000 0.0000 0.0000 0.0000 0.0000 0.0000 0.0000 0.0000 0.0000 0.0000 0.0000 0.0000 0.0000 0.0000 0.0000 0.0000 0.0000 0.0000 0.0000 0.0000 0.0000 0.0000 0.0000 0.0000 0.0000 0.0000 0.0000 0.0000 0.0000 0.0000 0.0000 0.0000 0.0000 0.0000 0.0000 0.0000 0.0000 0.0000 0.0000 0.0000 0.0000 0.0000 0.0000 0.0000 0.0000 0.0000 0.0000 0.0000 0.0000 0.0000 0.0000 0.0000 0.0000 0.0000 0.0000 0.0000 0.0000 0.0000 0.0000 0.0000 0.0000 0.0000 0.0000 0.0000 0.0000 0.0000 0.0000 0.0000 0.0000 0.0000 0.0000 0.0000 0.0000 0.0000 0.0000 0.0000 0.0000 0.0000 0.0000 0.0000 0.0000 0.0000 0.0000 0.0000 0.0000 0.0000 0.0000 0.0000 0.0000 
### Terminating execution. Total running time: 63.780 sec
Executing command: ./xptools/nushap/nushap.py -ds ../../Datasets_CACM25v2/mnist/sample/shap-sample-3.csv -if ../../Datasets_CACM25v2/mnist/inst/shap-inst-3.csv --error 0.0015 --alpha 0.015 --verb 10
Copyright (C) 2024 Joao Marques-Silva

This program is private and unlicensed. This program may not
be modified. No parts of this program may be redistributed.
For additional restrictions, see the file NOTICES.md.
### Done parsing arguments. Elapsed time: 0.323 sec
### Done parsing dataset & instance. Elapsed time: 0.028 sec
## WCXps:
     | pixel_0_0  pixel_0_1  pixel_0_2  pixel_0_3  pixel_0_4  pixel_0_5  pixel_0_6  pixel_0_7  pixel_0_8  pixel_0_9  …  pixel_27_25  pixel_27_26  pixel_27_27  _RefID_  _TCounts_
    |     bool8      bool8      bool8      bool8      bool8      bool8      bool8      bool8      bool8      bool8           bool8        bool8        bool8    int32      int32
--- + ---------  ---------  ---------  ---------  ---------  ---------  ---------  ---------  ---------  ---------     -----------  -----------  -----------  -------  ---------
  0 |         0          0          0          0          0          0          0          0          0          0  …            0            0            0      990        204
  1 |         0          0          0          0          0          0          0          0          0          0  …            0            0            0     1568        204
  2 |         0          0          0          0          0          0          0          0          0          0  …            0            0            0     2214        204
  3 |         0          0          0          0          0          0          0          0          0          0  …            0            0            0      626        205
  4 |         0          0          0          0          0          0          0          0          0          0  …            0            0            0      890        205
  5 |         0          0          0          0          0          0          0          0          0          0  …            0            0            0      891        205
  6 |         0          0          0          0          0          0          0          0          0          0  …            0            0            0     2448        205
  7 |         0          0          0          0          0          0          0          0          0          0  …            0            0            0      989        206
  8 |         0          0          0          0          0          0          0          0          0          0  …            0            0            0     1645        206
  9 |         0          0          0          0          0          0          0          0          0          0  …            0            0            0     2185        206
 10 |         0          0          0          0          0          0          0          0          0          0  …            0            0            0     2514        207
 11 |         0          0          0          0          0          0          0          0          0          0  …            0            0            0     2636        207
 12 |         0          0          0          0          0          0          0          0          0          0  …            0            0            0     2637        207
 13 |         0          0          0          0          0          0          0          0          0          0  …            0            0            0      589        208
 14 |         0          0          0          0          0          0          0          0          0          0  …            0            0            0     1448        208
  … |         …          …          …          …          …          …          …          …          …          …  …            …            …            …        …          …
988 |         0          0          0          0          0          0          0          0          0          0  …            0            0            0     2728        297
989 |         0          0          0          0          0          0          0          0          0          0  …            0            0            0     2305        301
990 |         0          0          0          0          0          0          0          0          0          0  …            0            0            0     2306        302
991 |         0          0          0          0          0          0          0          0          0          0  …            0            0            0     2240        326
992 |         0          0          0          0          0          0          0          0          0          0  …            0            0            0     2241        327
[993 rows x 786 columns]

## Reduced WCXps:
     | pixel_0_0  pixel_0_1  pixel_0_2  pixel_0_3  pixel_0_4  pixel_0_5  pixel_0_6  pixel_0_7  pixel_0_8  pixel_0_9  …  pixel_27_25  pixel_27_26  pixel_27_27  _RefID_  _TCounts_
    |     bool8      bool8      bool8      bool8      bool8      bool8      bool8      bool8      bool8      bool8           bool8        bool8        bool8    int32      int32
--- + ---------  ---------  ---------  ---------  ---------  ---------  ---------  ---------  ---------  ---------     -----------  -----------  -----------  -------  ---------
  0 |         0          0          0          0          0          0          0          0          0          0  …            0            0            0     1568        204
  1 |         0          0          0          0          0          0          0          0          0          0  …            0            0            0      990        204
  2 |         0          0          0          0          0          0          0          0          0          0  …            0            0            0     2214        204
  3 |         0          0          0          0          0          0          0          0          0          0  …            0            0            0      890        205
  4 |         0          0          0          0          0          0          0          0          0          0  …            0            0            0      626        205
  5 |         0          0          0          0          0          0          0          0          0          0  …            0            0            0     2448        205
  6 |         0          0          0          0          0          0          0          0          0          0  …            0            0            0      989        206
  7 |         0          0          0          0          0          0          0          0          0          0  …            0            0            0     2185        206
  8 |         0          0          0          0          0          0          0          0          0          0  …            0            0            0     1645        206
  9 |         0          0          0          0          0          0          0          0          0          0  …            0            0            0     2514        207
 10 |         0          0          0          0          0          0          0          0          0          0  …            0            0            0     2636        207
 11 |         0          0          0          0          0          0          0          0          0          0  …            0            0            0      589        208
 12 |         0          0          0          0          0          0          0          0          0          0  …            0            0            0     1448        208
 13 |         0          0          0          0          0          0          0          0          0          0  …            0            0            0     2173        209
 14 |         0          0          0          0          0          0          0          0          0          0  …            0            0            0     1569        209
  … |         …          …          …          …          …          …          …          …          …          …  …            …            …            …        …          …
779 |         0          0          0          0          0          0          0          0          0          0  …            0            0            0     2728        297
780 |         0          0          0          0          0          0          0          0          0          0  …            0            0            0     2305        301
781 |         0          0          0          0          0          0          0          0          0          0  …            0            0            0     2306        302
782 |         0          0          0          0          0          0          0          0          0          0  …            0            0            0     2240        326
783 |         0          0          0          0          0          0          0          0          0          0  …            0            0            0     2241        327
[784 rows x 786 columns]

WCXp matrix density: 30.239%
CXp matrix density: 30.139%
### Done setting up AXp/CXp info. Elapsed time: 0.896 sec
### mval: 523255
### Svs: 0.0000 0.0000 0.0000 0.0000 0.0000 0.0000 0.0000 0.0000 0.0000 0.0000 0.0000 0.0000 0.0000 0.0000 0.0000 0.0000 0.0000 0.0000 0.0000 0.0000 0.0000 0.0000 0.0000 0.0000 0.0000 0.0000 0.0000 0.0000 0.0000 0.0000 0.0000 0.0000 0.0000 0.0000 0.0000 0.0000 0.0000 0.0000 0.0000 0.0000 0.0000 0.0000 0.0000 0.0000 0.0000 0.0000 0.0000 0.0000 0.0000 0.0000 0.0000 0.0000 0.0000 0.0000 0.0000 0.0000 0.0000 0.0000 0.0000 0.0000 0.0000 0.0000 0.0000 0.0000 0.0000 0.0000 0.0000 0.0000 0.0000 0.0000 0.0000 0.0000 0.0000 0.0000 0.0000 0.0000 0.0000 0.0000 0.0000 0.0000 0.0000 0.0000 0.0000 0.0000 0.0000 0.0000 0.0000 0.0000 0.0000 0.0000 0.0000 0.0000 0.0000 0.0000 0.0000 0.0000 0.0000 0.0000 0.0000 0.0000 0.0000 0.0000 0.0000 0.0000 0.0000 0.0000 0.0000 0.0000 0.0000 0.0000 0.0000 0.0000 0.0000 0.0000 0.0000 0.0000 0.0000 0.0000 0.0000 0.0000 0.0000 0.0000 0.0000 0.0000 0.0055 0.0053 0.0053 0.0053 0.0053 0.0000 0.0000 0.0000 0.0000 0.0000 0.0000 0.0000 0.0000 0.0000 0.0000 0.0000 0.0000 0.0000 0.0000 0.0000 0.0000 0.0000 0.0000 0.0000 0.0000 0.0000 0.0000 0.0000 0.0052 0.0053 0.0053 0.0050 0.0052 0.0000 0.0000 0.0000 0.0000 0.0000 0.0000 0.0000 0.0000 0.0000 0.0000 0.0000 0.0000 0.0000 0.0000 0.0000 0.0000 0.0000 0.0000 0.0000 0.0000 0.0000 0.0000 0.0052 0.0053 0.0051 0.0053 0.0055 0.0052 0.0000 0.0000 0.0000 0.0000 0.0000 0.0000 0.0000 0.0000 0.0000 0.0000 0.0000 0.0000 0.0000 0.0000 0.0000 0.0000 0.0000 0.0000 0.0000 0.0000 0.0000 0.0050 0.0053 0.0052 0.0053 0.0052 0.0052 0.0053 0.0053 0.0053 0.0000 0.0000 0.0000 0.0000 0.0000 0.0000 0.0000 0.0000 0.0000 0.0000 0.0000 0.0000 0.0000 0.0000 0.0000 0.0000 0.0000 0.0000 0.0000 0.0052 0.0053 0.0054 0.0052 0.0052 0.0053 0.0052 0.0053 0.0053 0.0052 0.0000 0.0000 0.0000 0.0000 0.0000 0.0000 0.0000 0.0000 0.0000 0.0000 0.0000 0.0000 0.0000 0.0000 0.0000 0.0000 0.0000 0.0052 0.0000 0.0053 0.0052 0.0053 0.0052 0.0053 0.0053 0.0052 0.0053 0.0050 0.0000 0.0000 0.0000 0.0000 0.0000 0.0000 0.0000 0.0000 0.0000 0.0000 0.0000 0.0000 0.0000 0.0000 0.0000 0.0000 0.0053 0.0052 0.0052 0.0052 0.0052 0.0053 0.0053 0.0052 0.0053 0.0053 0.0054 0.0052 0.0054 0.0000 0.0000 0.0000 0.0000 0.0000 0.0000 0.0000 0.0000 0.0000 0.0000 0.0000 0.0000 0.0000 0.0000 0.0052 0.0053 0.0054 0.0052 0.0052 0.0052 0.0052 0.0053 0.0000 0.0000 0.0051 0.0054 0.0053 0.0052 0.0052 0.0053 0.0000 0.0000 0.0000 0.0000 0.0000 0.0000 0.0000 0.0000 0.0000 0.0000 0.0000 0.0000 0.0053 0.0053 0.0053 0.0053 0.0053 0.0053 0.0000 0.0000 0.0000 0.0000 0.0000 0.0053 0.0053 0.0052 0.0053 0.0053 0.0000 0.0000 0.0000 0.0000 0.0000 0.0000 0.0000 0.0000 0.0000 0.0000 0.0000 0.0000 0.0054 0.0052 0.0052 0.0053 0.0051 0.0000 0.0000 0.0000 0.0000 0.0000 0.0000 0.0053 0.0053 0.0052 0.0054 0.0053 0.0000 0.0000 0.0000 0.0000 0.0000 0.0000 0.0000 0.0000 0.0000 0.0000 0.0000 0.0000 0.0053 0.0053 0.0054 0.0000 0.0000 0.0000 0.0000 0.0000 0.0000 0.0000 0.0000 0.0050 0.0054 0.0000 0.0055 0.0052 0.0000 0.0000 0.0000 0.0000 0.0000 0.0000 0.0000 0.0000 0.0000 0.0000 0.0000 0.0000 0.0053 0.0053 0.0052 0.0000 0.0000 0.0000 0.0000 0.0000 0.0000 0.0000 0.0000 0.0053 0.0055 0.0053 0.0052 0.0054 0.0000 0.0000 0.0000 0.0000 0.0000 0.0000 0.0000 0.0000 0.0000 0.0000 0.0000 0.0000 0.0053 0.0052 0.0054 0.0000 0.0000 0.0000 0.0000 0.0000 0.0000 0.0052 0.0054 0.0053 0.0052 0.0055 0.0055 0.0053 0.0000 0.0000 0.0000 0.0000 0.0000 0.0000 0.0000 0.0000 0.0000 0.0000 0.0000 0.0000 0.0052 0.0050 0.0053 0.0000 0.0000 0.0000 0.0000 0.0000 0.0000 0.0052 0.0052 0.0052 0.0052 0.0053 0.0053 0.0000 0.0000 0.0000 0.0000 0.0000 0.0000 0.0000 0.0000 0.0000 0.0000 0.0000 0.0000 0.0000 0.0052 0.0051 0.0053 0.0000 0.0000 0.0000 0.0000 0.0000 0.0053 0.0053 0.0053 0.0053 0.0054 0.0052 0.0000 0.0000 0.0000 0.0000 0.0000 0.0000 0.0000 0.0000 0.0000 0.0000 0.0000 0.0000 0.0000 0.0000 0.0053 0.0052 0.0054 0.0052 0.0053 0.0052 0.0052 0.0054 0.0000 0.0051 0.0053 0.0052 0.0051 0.0000 0.0000 0.0000 0.0000 0.0000 0.0000 0.0000 0.0000 0.0000 0.0000 0.0000 0.0000 0.0000 0.0000 0.0000 0.0052 0.0053 0.0054 0.0050 0.0053 0.0052 0.0052 0.0054 0.0053 0.0053 0.0051 0.0054 0.0053 0.0000 0.0000 0.0000 0.0000 0.0000 0.0000 0.0000 0.0000 0.0000 0.0000 0.0000 0.0000 0.0000 0.0000 0.0000 0.0053 0.0053 0.0053 0.0052 0.0053 0.0052 0.0052 0.0053 0.0053 0.0053 0.0051 0.0051 0.0053 0.0000 0.0000 0.0000 0.0000 0.0000 0.0000 0.0000 0.0000 0.0000 0.0000 0.0000 0.0000 0.0000 0.0000 0.0000 0.0000 0.0052 0.0053 0.0053 0.0052 0.0052 0.0053 0.0051 0.0052 0.0052 0.0000 0.0000 0.0000 0.0000 0.0000 0.0000 0.0000 0.0000 0.0000 0.0000 0.0000 0.0000 0.0000 0.0000 0.0000 0.0000 0.0000 0.0000 0.0000 0.0000 0.0000 0.0053 0.0051 0.0052 0.0051 0.0053 0.0053 0.0053 0.0000 0.0000 0.0000 0.0000 0.0000 0.0000 0.0000 0.0000 0.0000 0.0000 0.0000 0.0000 0.0000 0.0000 0.0000 0.0000 0.0000 0.0000 0.0000 0.0000 0.0000 0.0000 0.0000 0.0000 0.0000 0.0000 0.0000 0.0000 0.0000 0.0000 0.0000 0.0000 0.0000 0.0000 0.0000 0.0000 0.0000 0.0000 0.0000 0.0000 0.0000 0.0000 0.0000 0.0000 0.0000 0.0000 0.0000 0.0000 0.0000 0.0000 0.0000 0.0000 0.0000 0.0000 0.0000 0.0000 0.0000 0.0000 0.0000 0.0000 0.0000 0.0000 0.0000 0.0000 0.0000 0.0000 0.0000 0.0000 0.0000 0.0000 0.0000 0.0000 0.0000 0.0000 0.0000 0.0000 0.0000 0.0000 0.0000 0.0000 0.0000 0.0000 0.0000 0.0000 0.0000 0.0000 0.0000 0.0000 0.0000 0.0000 0.0000 0.0000 0.0000 0.0000 0.0000 0.0000 0.0000 0.0000 0.0000 0.0000 0.0000 0.0000 0.0000 0.0000 0.0000 0.0000 0.0000 0.0000 0.0000 0.0000 0.0000 0.0000 0.0000 0.0000 0.0000 0.0000 0.0000 0.0000 0.0000 0.0000 0.0000 0.0000 0.0000 
### Terminating execution. Total running time: 32.912 sec
Executing command: ./xptools/nushap/nushap.py -ds ../../Datasets_CACM25v2/mnist/sample/shap-sample-4.csv -if ../../Datasets_CACM25v2/mnist/inst/shap-inst-4.csv --error 0.0015 --alpha 0.015 --verb 10
Copyright (C) 2024 Joao Marques-Silva

This program is private and unlicensed. This program may not
be modified. No parts of this program may be redistributed.
For additional restrictions, see the file NOTICES.md.
### Done parsing arguments. Elapsed time: 0.323 sec
### Done parsing dataset & instance. Elapsed time: 0.028 sec
## WCXps:
      | pixel_0_0  pixel_0_1  pixel_0_2  pixel_0_3  pixel_0_4  pixel_0_5  pixel_0_6  pixel_0_7  pixel_0_8  pixel_0_9  …  pixel_27_25  pixel_27_26  pixel_27_27  _RefID_  _TCounts_
     |     bool8      bool8      bool8      bool8      bool8      bool8      bool8      bool8      bool8      bool8           bool8        bool8        bool8    int32      int32
---- + ---------  ---------  ---------  ---------  ---------  ---------  ---------  ---------  ---------  ---------     -----------  -----------  -----------  -------  ---------
   0 |         0          0          0          0          0          0          0          0          0          0  …            0            0            0      214        141
   1 |         0          0          0          0          0          0          0          0          0          0  …            0            0            0     1116        141
   2 |         0          0          0          0          0          0          0          0          0          0  …            0            0            0      572        142
   3 |         0          0          0          0          0          0          0          0          0          0  …            0            0            0      771        142
   4 |         0          0          0          0          0          0          0          0          0          0  …            0            0            0     1044        142
   5 |         0          0          0          0          0          0          0          0          0          0  …            0            0            0     1437        142
   6 |         0          0          0          0          0          0          0          0          0          0  …            0            0            0     2301        142
   7 |         0          0          0          0          0          0          0          0          0          0  …            0            0            0      789        143
   8 |         0          0          0          0          0          0          0          0          0          0  …            0            0            0     1438        143
   9 |         0          0          0          0          0          0          0          0          0          0  …            0            0            0      554        144
  10 |         0          0          0          0          0          0          0          0          0          0  …            0            0            0     2381        144
  11 |         0          0          0          0          0          0          0          0          0          0  …            0            0            0     2382        144
  12 |         0          0          0          0          0          0          0          0          0          0  …            0            0            0      555        145
  13 |         0          0          0          0          0          0          0          0          0          0  …            0            0            0      741        145
  14 |         0          0          0          0          0          0          0          0          0          0  …            0            0            0     1025        145
   … |         …          …          …          …          …          …          …          …          …          …  …            …            …            …        …          …
1366 |         0          0          0          0          0          0          0          0          0          0  …            0            0            0      388        272
1367 |         0          0          0          0          0          0          0          0          0          0  …            0            0            0     2244        274
1368 |         0          0          0          0          0          0          0          0          0          0  …            0            0            0     1782        277
1369 |         0          0          0          0          0          0          0          0          0          0  …            0            0            0     1783        278
1370 |         0          0          0          0          0          0          0          0          0          0  …            0            0            0     1970        290
[1371 rows x 786 columns]

## Reduced WCXps:
      | pixel_0_0  pixel_0_1  pixel_0_2  pixel_0_3  pixel_0_4  pixel_0_5  pixel_0_6  pixel_0_7  pixel_0_8  pixel_0_9  …  pixel_27_25  pixel_27_26  pixel_27_27  _RefID_  _TCounts_
     |     bool8      bool8      bool8      bool8      bool8      bool8      bool8      bool8      bool8      bool8           bool8        bool8        bool8    int32      int32
---- + ---------  ---------  ---------  ---------  ---------  ---------  ---------  ---------  ---------  ---------     -----------  -----------  -----------  -------  ---------
   0 |         0          0          0          0          0          0          0          0          0          0  …            0            0            0      214        141
   1 |         0          0          0          0          0          0          0          0          0          0  …            0            0            0     1116        141
   2 |         0          0          0          0          0          0          0          0          0          0  …            0            0            0      771        142
   3 |         0          0          0          0          0          0          0          0          0          0  …            0            0            0      572        142
   4 |         0          0          0          0          0          0          0          0          0          0  …            0            0            0     1044        142
   5 |         0          0          0          0          0          0          0          0          0          0  …            0            0            0     1437        142
   6 |         0          0          0          0          0          0          0          0          0          0  …            0            0            0     2301        142
   7 |         0          0          0          0          0          0          0          0          0          0  …            0            0            0      789        143
   8 |         0          0          0          0          0          0          0          0          0          0  …            0            0            0     1438        143
   9 |         0          0          0          0          0          0          0          0          0          0  …            0            0            0      554        144
  10 |         0          0          0          0          0          0          0          0          0          0  …            0            0            0     2381        144
  11 |         0          0          0          0          0          0          0          0          0          0  …            0            0            0      741        145
  12 |         0          0          0          0          0          0          0          0          0          0  …            0            0            0      555        145
  13 |         0          0          0          0          0          0          0          0          0          0  …            0            0            0     1025        145
  14 |         0          0          0          0          0          0          0          0          0          0  …            0            0            0      255        146
   … |         …          …          …          …          …          …          …          …          …          …  …            …            …            …        …          …
1190 |         0          0          0          0          0          0          0          0          0          0  …            0            0            0      387        272
1191 |         0          0          0          0          0          0          0          0          0          0  …            0            0            0     2244        274
1192 |         0          0          0          0          0          0          0          0          0          0  …            0            0            0     1782        277
1193 |         0          0          0          0          0          0          0          0          0          0  …            0            0            0     1783        278
1194 |         0          0          0          0          0          0          0          0          0          0  …            0            0            0     1970        290
[1195 rows x 786 columns]

WCXp matrix density: 23.858%
CXp matrix density: 23.782%
### Done setting up AXp/CXp info. Elapsed time: 0.997 sec
### mval: 523255
### Svs: 0.0000 0.0000 0.0000 0.0000 0.0000 0.0000 0.0000 0.0000 0.0000 0.0000 0.0000 0.0000 0.0000 0.0000 0.0000 0.0000 0.0000 0.0000 0.0000 0.0000 0.0000 0.0000 0.0000 0.0000 0.0000 0.0000 0.0000 0.0000 0.0000 0.0000 0.0000 0.0000 0.0000 0.0000 0.0000 0.0000 0.0000 0.0000 0.0000 0.0000 0.0000 0.0000 0.0000 0.0000 0.0000 0.0000 0.0000 0.0000 0.0000 0.0000 0.0000 0.0000 0.0000 0.0000 0.0000 0.0000 0.0000 0.0000 0.0000 0.0000 0.0000 0.0000 0.0000 0.0000 0.0000 0.0000 0.0000 0.0000 0.0000 0.0000 0.0000 0.0000 0.0000 0.0000 0.0000 0.0000 0.0000 0.0000 0.0000 0.0000 0.0000 0.0000 0.0000 0.0000 0.0000 0.0000 0.0000 0.0000 0.0000 0.0000 0.0000 0.0000 0.0000 0.0000 0.0000 0.0000 0.0000 0.0000 0.0000 0.0000 0.0000 0.0000 0.0000 0.0000 0.0000 0.0000 0.0000 0.0000 0.0000 0.0000 0.0000 0.0000 0.0000 0.0000 0.0000 0.0000 0.0000 0.0000 0.0000 0.0000 0.0000 0.0000 0.0000 0.0000 0.0000 0.0000 0.0000 0.0000 0.0000 0.0000 0.0000 0.0000 0.0000 0.0000 0.0000 0.0000 0.0000 0.0000 0.0000 0.0000 0.0000 0.0000 0.0000 0.0000 0.0000 0.0000 0.0000 0.0000 0.0000 0.0000 0.0084 0.0084 0.0000 0.0000 0.0000 0.0000 0.0000 0.0000 0.0000 0.0083 0.0084 0.0000 0.0000 0.0000 0.0000 0.0000 0.0000 0.0000 0.0000 0.0000 0.0000 0.0000 0.0000 0.0000 0.0000 0.0000 0.0000 0.0000 0.0084 0.0086 0.0000 0.0000 0.0000 0.0000 0.0000 0.0000 0.0000 0.0084 0.0086 0.0000 0.0000 0.0000 0.0000 0.0000 0.0000 0.0000 0.0000 0.0000 0.0000 0.0000 0.0000 0.0000 0.0000 0.0000 0.0000 0.0082 0.0086 0.0086 0.0000 0.0000 0.0000 0.0000 0.0000 0.0000 0.0000 0.0083 0.0086 0.0084 0.0000 0.0000 0.0000 0.0000 0.0000 0.0000 0.0000 0.0000 0.0000 0.0000 0.0000 0.0000 0.0000 0.0000 0.0000 0.0084 0.0084 0.0082 0.0000 0.0000 0.0000 0.0000 0.0000 0.0000 0.0000 0.0085 0.0086 0.0085 0.0000 0.0000 0.0000 0.0000 0.0000 0.0000 0.0000 0.0000 0.0000 0.0000 0.0000 0.0000 0.0000 0.0000 0.0085 0.0084 0.0085 0.0082 0.0000 0.0000 0.0000 0.0000 0.0000 0.0000 0.0000 0.0083 0.0083 0.0083 0.0000 0.0000 0.0000 0.0000 0.0000 0.0000 0.0000 0.0000 0.0000 0.0000 0.0000 0.0000 0.0000 0.0000 0.0083 0.0084 0.0086 0.0000 0.0000 0.0000 0.0000 0.0000 0.0000 0.0000 0.0085 0.0000 0.0085 0.0084 0.0000 0.0000 0.0000 0.0000 0.0000 0.0000 0.0000 0.0000 0.0000 0.0000 0.0000 0.0000 0.0000 0.0085 0.0084 0.0084 0.0000 0.0000 0.0000 0.0000 0.0000 0.0000 0.0000 0.0000 0.0083 0.0085 0.0082 0.0085 0.0000 0.0000 0.0000 0.0000 0.0000 0.0000 0.0000 0.0000 0.0000 0.0000 0.0000 0.0000 0.0000 0.0084 0.0083 0.0086 0.0000 0.0000 0.0000 0.0000 0.0000 0.0000 0.0000 0.0085 0.0085 0.0085 0.0084 0.0000 0.0000 0.0000 0.0000 0.0000 0.0000 0.0000 0.0000 0.0000 0.0000 0.0000 0.0000 0.0000 0.0085 0.0082 0.0086 0.0000 0.0000 0.0000 0.0000 0.0000 0.0000 0.0000 0.0000 0.0084 0.0082 0.0081 0.0000 0.0000 0.0000 0.0000 0.0000 0.0000 0.0000 0.0000 0.0000 0.0000 0.0000 0.0000 0.0000 0.0000 0.0084 0.0084 0.0082 0.0000 0.0000 0.0000 0.0000 0.0000 0.0000 0.0000 0.0000 0.0083 0.0084 0.0084 0.0000 0.0000 0.0000 0.0000 0.0000 0.0000 0.0000 0.0000 0.0000 0.0000 0.0000 0.0000 0.0000 0.0000 0.0084 0.0085 0.0083 0.0084 0.0000 0.0000 0.0000 0.0000 0.0000 0.0000 0.0087 0.0084 0.0086 0.0085 0.0000 0.0000 0.0000 0.0000 0.0000 0.0000 0.0000 0.0000 0.0000 0.0000 0.0000 0.0000 0.0000 0.0000 0.0000 0.0080 0.0083 0.0085 0.0083 0.0082 0.0085 0.0085 0.0082 0.0084 0.0083 0.0088 0.0084 0.0084 0.0000 0.0000 0.0000 0.0000 0.0000 0.0000 0.0000 0.0000 0.0000 0.0000 0.0000 0.0000 0.0000 0.0000 0.0000 0.0086 0.0083 0.0083 0.0085 0.0083 0.0084 0.0085 0.0084 0.0084 0.0084 0.0084 0.0083 0.0083 0.0000 0.0000 0.0000 0.0000 0.0000 0.0000 0.0000 0.0000 0.0000 0.0000 0.0000 0.0000 0.0000 0.0000 0.0000 0.0000 0.0000 0.0087 0.0083 0.0081 0.0083 0.0085 0.0000 0.0000 0.0083 0.0084 0.0086 0.0000 0.0000 0.0000 0.0000 0.0000 0.0000 0.0000 0.0000 0.0000 0.0000 0.0000 0.0000 0.0000 0.0000 0.0000 0.0000 0.0000 0.0000 0.0000 0.0000 0.0000 0.0000 0.0000 0.0000 0.0000 0.0085 0.0086 0.0083 0.0080 0.0000 0.0000 0.0000 0.0000 0.0000 0.0000 0.0000 0.0000 0.0000 0.0000 0.0000 0.0000 0.0000 0.0000 0.0000 0.0000 0.0000 0.0000 0.0000 0.0000 0.0000 0.0000 0.0000 0.0000 0.0083 0.0085 0.0084 0.0000 0.0000 0.0000 0.0000 0.0000 0.0000 0.0000 0.0000 0.0000 0.0000 0.0000 0.0000 0.0000 0.0000 0.0000 0.0000 0.0000 0.0000 0.0000 0.0000 0.0000 0.0000 0.0000 0.0000 0.0000 0.0083 0.0086 0.0085 0.0000 0.0000 0.0000 0.0000 0.0000 0.0000 0.0000 0.0000 0.0000 0.0000 0.0000 0.0000 0.0000 0.0000 0.0000 0.0000 0.0000 0.0000 0.0000 0.0000 0.0000 0.0000 0.0000 0.0000 0.0000 0.0085 0.0084 0.0083 0.0000 0.0000 0.0000 0.0000 0.0000 0.0000 0.0000 0.0000 0.0000 0.0000 0.0000 0.0000 0.0000 0.0000 0.0000 0.0000 0.0000 0.0000 0.0000 0.0000 0.0000 0.0000 0.0000 0.0000 0.0000 0.0086 0.0082 0.0085 0.0000 0.0000 0.0000 0.0000 0.0000 0.0000 0.0000 0.0000 0.0000 0.0000 0.0000 0.0000 0.0000 0.0000 0.0000 0.0000 0.0000 0.0000 0.0000 0.0000 0.0000 0.0000 0.0000 0.0000 0.0000 0.0085 0.0083 0.0000 0.0000 0.0000 0.0000 0.0000 0.0000 0.0000 0.0000 0.0000 0.0000 0.0000 0.0000 0.0000 0.0000 0.0000 0.0000 0.0000 0.0000 0.0000 0.0000 0.0000 0.0000 0.0000 0.0000 0.0000 0.0000 0.0000 0.0000 0.0000 0.0000 0.0000 0.0000 0.0000 0.0000 0.0000 0.0000 0.0000 0.0000 0.0000 0.0000 0.0000 0.0000 0.0000 0.0000 0.0000 0.0000 0.0000 0.0000 0.0000 0.0000 0.0000 0.0000 0.0000 0.0000 0.0000 0.0000 0.0000 0.0000 0.0000 0.0000 0.0000 0.0000 0.0000 0.0000 0.0000 0.0000 0.0000 0.0000 0.0000 0.0000 0.0000 0.0000 0.0000 0.0000 0.0000 0.0000 0.0000 0.0000 0.0000 0.0000 0.0000 0.0000 0.0000 0.0000 0.0000 0.0000 0.0000 0.0000 0.0000 0.0000 0.0000 0.0000 0.0000 0.0000 
### Terminating execution. Total running time: 53.611 sec
Executing command: ./xptools/nushap/nushap.py -ds ../../Datasets_CACM25v2/mnist/sample/shap-sample-5.csv -if ../../Datasets_CACM25v2/mnist/inst/shap-inst-5.csv --error 0.0015 --alpha 0.015 --verb 10
Copyright (C) 2024 Joao Marques-Silva

This program is private and unlicensed. This program may not
be modified. No parts of this program may be redistributed.
For additional restrictions, see the file NOTICES.md.
### Done parsing arguments. Elapsed time: 0.305 sec
### Done parsing dataset & instance. Elapsed time: 0.027 sec
## WCXps:
      | pixel_0_0  pixel_0_1  pixel_0_2  pixel_0_3  pixel_0_4  pixel_0_5  pixel_0_6  pixel_0_7  pixel_0_8  pixel_0_9  …  pixel_27_25  pixel_27_26  pixel_27_27  _RefID_  _TCounts_
     |     bool8      bool8      bool8      bool8      bool8      bool8      bool8      bool8      bool8      bool8           bool8        bool8        bool8    int32      int32
---- + ---------  ---------  ---------  ---------  ---------  ---------  ---------  ---------  ---------  ---------     -----------  -----------  -----------  -------  ---------
   0 |         0          0          0          0          0          0          0          0          0          0  …            0            0            0      269        109
   1 |         0          0          0          0          0          0          0          0          0          0  …            0            0            0      271        109
   2 |         0          0          0          0          0          0          0          0          0          0  …            0            0            0      391        109
   3 |         0          0          0          0          0          0          0          0          0          0  …            0            0            0      320        111
   4 |         0          0          0          0          0          0          0          0          0          0  …            0            0            0      389        114
   5 |         0          0          0          0          0          0          0          0          0          0  …            0            0            0     1238        116
   6 |         0          0          0          0          0          0          0          0          0          0  …            0            0            0      225        119
   7 |         0          0          0          0          0          0          0          0          0          0  …            0            0            0     2187        119
   8 |         0          0          0          0          0          0          0          0          0          0  …            0            0            0      226        120
   9 |         0          0          0          0          0          0          0          0          0          0  …            0            0            0      235        120
  10 |         0          0          0          0          0          0          0          0          0          0  …            0            0            0      309        120
  11 |         0          0          0          0          0          0          0          0          0          0  …            0            0            0      345        120
  12 |         0          0          0          0          0          0          0          0          0          0  …            0            0            0      274        121
  13 |         0          0          0          0          0          0          0          0          0          0  …            0            0            0      757        121
  14 |         0          0          0          0          0          0          0          0          0          0  …            0            0            0     1572        121
   … |         …          …          …          …          …          …          …          …          …          …  …            …            …            …        …          …
1201 |         0          0          0          0          0          0          0          0          0          0  …            0            0            0     1960        258
1202 |         0          0          0          0          0          0          0          0          0          0  …            0            0            0     1961        259
1203 |         0          0          0          0          0          0          0          0          0          0  …            0            0            0     1603        263
1204 |         0          0          0          0          0          0          0          0          0          0  …            0            0            0      302        277
1205 |         0          0          0          0          0          0          0          0          0          0  …            0            0            0      303        278
[1206 rows x 786 columns]

## Reduced WCXps:
      | pixel_0_0  pixel_0_1  pixel_0_2  pixel_0_3  pixel_0_4  pixel_0_5  pixel_0_6  pixel_0_7  pixel_0_8  pixel_0_9  …  pixel_27_25  pixel_27_26  pixel_27_27  _RefID_  _TCounts_
     |     bool8      bool8      bool8      bool8      bool8      bool8      bool8      bool8      bool8      bool8           bool8        bool8        bool8    int32      int32
---- + ---------  ---------  ---------  ---------  ---------  ---------  ---------  ---------  ---------  ---------     -----------  -----------  -----------  -------  ---------
   0 |         0          0          0          0          0          0          0          0          0          0  …            0            0            0      391        109
   1 |         0          0          0          0          0          0          0          0          0          0  …            0            0            0      269        109
   2 |         0          0          0          0          0          0          0          0          0          0  …            0            0            0      320        111
   3 |         0          0          0          0          0          0          0          0          0          0  …            0            0            0      389        114
   4 |         0          0          0          0          0          0          0          0          0          0  …            0            0            0     1238        116
   5 |         0          0          0          0          0          0          0          0          0          0  …            0            0            0      225        119
   6 |         0          0          0          0          0          0          0          0          0          0  …            0            0            0     2187        119
   7 |         0          0          0          0          0          0          0          0          0          0  …            0            0            0      309        120
   8 |         0          0          0          0          0          0          0          0          0          0  …            0            0            0      235        120
   9 |         0          0          0          0          0          0          0          0          0          0  …            0            0            0      226        120
  10 |         0          0          0          0          0          0          0          0          0          0  …            0            0            0      345        120
  11 |         0          0          0          0          0          0          0          0          0          0  …            0            0            0      757        121
  12 |         0          0          0          0          0          0          0          0          0          0  …            0            0            0      274        121
  13 |         0          0          0          0          0          0          0          0          0          0  …            0            0            0     1572        121
  14 |         0          0          0          0          0          0          0          0          0          0  …            0            0            0      758        122
   … |         …          …          …          …          …          …          …          …          …          …  …            …            …            …        …          …
1094 |         0          0          0          0          0          0          0          0          0          0  …            0            0            0     1960        258
1095 |         0          0          0          0          0          0          0          0          0          0  …            0            0            0     1961        259
1096 |         0          0          0          0          0          0          0          0          0          0  …            0            0            0     1603        263
1097 |         0          0          0          0          0          0          0          0          0          0  …            0            0            0      302        277
1098 |         0          0          0          0          0          0          0          0          0          0  …            0            0            0      303        278
[1099 rows x 786 columns]

WCXp matrix density: 21.071%
CXp matrix density: 20.979%
### Done setting up AXp/CXp info. Elapsed time: 0.899 sec
### mval: 523255
### Svs: 0.0000 0.0000 0.0000 0.0000 0.0000 0.0000 0.0000 0.0000 0.0000 0.0000 0.0000 0.0000 0.0000 0.0000 0.0000 0.0000 0.0000 0.0000 0.0000 0.0000 0.0000 0.0000 0.0000 0.0000 0.0000 0.0000 0.0000 0.0000 0.0000 0.0000 0.0000 0.0000 0.0000 0.0000 0.0000 0.0000 0.0000 0.0000 0.0000 0.0000 0.0000 0.0000 0.0000 0.0000 0.0000 0.0000 0.0000 0.0000 0.0000 0.0000 0.0000 0.0000 0.0000 0.0000 0.0000 0.0000 0.0000 0.0000 0.0000 0.0000 0.0000 0.0000 0.0000 0.0000 0.0000 0.0000 0.0000 0.0000 0.0000 0.0000 0.0000 0.0000 0.0000 0.0000 0.0000 0.0000 0.0000 0.0000 0.0000 0.0000 0.0000 0.0000 0.0000 0.0000 0.0000 0.0000 0.0000 0.0000 0.0000 0.0000 0.0000 0.0000 0.0000 0.0000 0.0000 0.0000 0.0000 0.0000 0.0000 0.0000 0.0000 0.0000 0.0000 0.0000 0.0000 0.0000 0.0000 0.0000 0.0000 0.0000 0.0000 0.0000 0.0000 0.0000 0.0000 0.0000 0.0000 0.0000 0.0000 0.0000 0.0000 0.0000 0.0000 0.0000 0.0000 0.0000 0.0000 0.0000 0.0000 0.0000 0.0000 0.0000 0.0000 0.0000 0.0000 0.0000 0.0000 0.0000 0.0000 0.0000 0.0000 0.0000 0.0000 0.0000 0.0000 0.0000 0.0000 0.0000 0.0000 0.0000 0.0000 0.0000 0.0000 0.0000 0.0000 0.0000 0.0123 0.0121 0.0122 0.0121 0.0000 0.0000 0.0000 0.0000 0.0000 0.0000 0.0000 0.0000 0.0000 0.0000 0.0000 0.0000 0.0000 0.0000 0.0000 0.0000 0.0000 0.0000 0.0000 0.0000 0.0000 0.0000 0.0000 0.0120 0.0120 0.0121 0.0120 0.0122 0.0000 0.0000 0.0000 0.0000 0.0000 0.0000 0.0000 0.0000 0.0000 0.0000 0.0000 0.0000 0.0000 0.0000 0.0000 0.0000 0.0000 0.0000 0.0000 0.0000 0.0000 0.0000 0.0000 0.0120 0.0124 0.0123 0.0123 0.0121 0.0000 0.0000 0.0000 0.0000 0.0000 0.0000 0.0000 0.0000 0.0000 0.0000 0.0000 0.0000 0.0000 0.0000 0.0000 0.0000 0.0000 0.0000 0.0000 0.0000 0.0000 0.0000 0.0121 0.0120 0.0121 0.0124 0.0122 0.0000 0.0000 0.0000 0.0000 0.0000 0.0000 0.0000 0.0000 0.0000 0.0000 0.0000 0.0000 0.0000 0.0000 0.0000 0.0000 0.0000 0.0000 0.0000 0.0000 0.0000 0.0000 0.0000 0.0122 0.0122 0.0120 0.0121 0.0000 0.0000 0.0000 0.0000 0.0000 0.0000 0.0000 0.0000 0.0000 0.0000 0.0000 0.0000 0.0000 0.0000 0.0000 0.0000 0.0000 0.0000 0.0000 0.0000 0.0000 0.0000 0.0000 0.0000 0.0123 0.0118 0.0124 0.0120 0.0000 0.0000 0.0000 0.0000 0.0000 0.0000 0.0000 0.0000 0.0000 0.0000 0.0000 0.0000 0.0000 0.0000 0.0000 0.0000 0.0000 0.0000 0.0000 0.0000 0.0000 0.0000 0.0000 0.0000 0.0119 0.0123 0.0124 0.0121 0.0000 0.0000 0.0000 0.0000 0.0000 0.0000 0.0000 0.0000 0.0000 0.0000 0.0000 0.0000 0.0000 0.0000 0.0000 0.0000 0.0000 0.0000 0.0000 0.0000 0.0000 0.0000 0.0000 0.0123 0.0124 0.0122 0.0122 0.0000 0.0000 0.0000 0.0000 0.0000 0.0000 0.0000 0.0000 0.0000 0.0000 0.0000 0.0000 0.0000 0.0000 0.0000 0.0000 0.0000 0.0000 0.0000 0.0000 0.0000 0.0000 0.0000 0.0000 0.0125 0.0122 0.0123 0.0122 0.0000 0.0000 0.0000 0.0000 0.0000 0.0000 0.0000 0.0000 0.0000 0.0000 0.0000 0.0000 0.0000 0.0000 0.0000 0.0000 0.0000 0.0000 0.0000 0.0000 0.0000 0.0000 0.0000 0.0000 0.0122 0.0121 0.0122 0.0122 0.0000 0.0000 0.0000 0.0000 0.0000 0.0000 0.0000 0.0000 0.0000 0.0000 0.0000 0.0000 0.0000 0.0000 0.0000 0.0000 0.0000 0.0000 0.0000 0.0000 0.0000 0.0000 0.0000 0.0120 0.0124 0.0121 0.0119 0.0000 0.0000 0.0000 0.0000 0.0000 0.0000 0.0000 0.0000 0.0000 0.0000 0.0000 0.0000 0.0000 0.0000 0.0000 0.0000 0.0000 0.0000 0.0000 0.0000 0.0000 0.0000 0.0000 0.0000 0.0123 0.0119 0.0121 0.0124 0.0000 0.0000 0.0000 0.0000 0.0000 0.0000 0.0000 0.0000 0.0000 0.0000 0.0000 0.0000 0.0000 0.0000 0.0000 0.0000 0.0000 0.0000 0.0000 0.0000 0.0000 0.0000 0.0000 0.0000 0.0121 0.0123 0.0119 0.0120 0.0000 0.0000 0.0000 0.0000 0.0000 0.0000 0.0000 0.0000 0.0000 0.0000 0.0000 0.0000 0.0000 0.0000 0.0000 0.0000 0.0000 0.0000 0.0000 0.0000 0.0000 0.0000 0.0000 0.0124 0.0125 0.0120 0.0122 0.0000 0.0000 0.0000 0.0000 0.0000 0.0000 0.0000 0.0000 0.0000 0.0000 0.0000 0.0000 0.0000 0.0000 0.0000 0.0000 0.0000 0.0000 0.0000 0.0000 0.0000 0.0000 0.0000 0.0000 0.0120 0.0124 0.0124 0.0122 0.0000 0.0000 0.0000 0.0000 0.0000 0.0000 0.0000 0.0000 0.0000 0.0000 0.0000 0.0000 0.0000 0.0000 0.0000 0.0000 0.0000 0.0000 0.0000 0.0000 0.0000 0.0000 0.0000 0.0000 0.0124 0.0125 0.0124 0.0124 0.0000 0.0000 0.0000 0.0000 0.0000 0.0000 0.0000 0.0000 0.0000 0.0000 0.0000 0.0000 0.0000 0.0000 0.0000 0.0000 0.0000 0.0000 0.0000 0.0000 0.0000 0.0000 0.0000 0.0000 0.0120 0.0121 0.0123 0.0124 0.0000 0.0000 0.0000 0.0000 0.0000 0.0000 0.0000 0.0000 0.0000 0.0000 0.0000 0.0000 0.0000 0.0000 0.0000 0.0000 0.0000 0.0000 0.0000 0.0000 0.0000 0.0000 0.0000 0.0122 0.0122 0.0120 0.0121 0.0000 0.0000 0.0000 0.0000 0.0000 0.0000 0.0000 0.0000 0.0000 0.0000 0.0000 0.0000 0.0000 0.0000 0.0000 0.0000 0.0000 0.0000 0.0000 0.0000 0.0000 0.0000 0.0000 0.0000 0.0122 0.0120 0.0122 0.0121 0.0000 0.0000 0.0000 0.0000 0.0000 0.0000 0.0000 0.0000 0.0000 0.0000 0.0000 0.0000 0.0000 0.0000 0.0000 0.0000 0.0000 0.0000 0.0000 0.0000 0.0000 0.0000 0.0000 0.0000 0.0000 0.0125 0.0120 0.0122 0.0000 0.0000 0.0000 0.0000 0.0000 0.0000 0.0000 0.0000 0.0000 0.0000 0.0000 0.0000 0.0000 0.0000 0.0000 0.0000 0.0000 0.0000 0.0000 0.0000 0.0000 0.0000 0.0000 0.0000 0.0000 0.0000 0.0000 0.0000 0.0000 0.0000 0.0000 0.0000 0.0000 0.0000 0.0000 0.0000 0.0000 0.0000 0.0000 0.0000 0.0000 0.0000 0.0000 0.0000 0.0000 0.0000 0.0000 0.0000 0.0000 0.0000 0.0000 0.0000 0.0000 0.0000 0.0000 0.0000 0.0000 0.0000 0.0000 0.0000 0.0000 0.0000 0.0000 0.0000 0.0000 0.0000 0.0000 0.0000 0.0000 0.0000 0.0000 0.0000 0.0000 0.0000 0.0000 0.0000 0.0000 0.0000 0.0000 0.0000 0.0000 0.0000 0.0000 0.0000 0.0000 0.0000 0.0000 0.0000 0.0000 0.0000 0.0000 0.0000 0.0000 0.0000 0.0000 0.0000 0.0000 0.0000 
### Terminating execution. Total running time: 55.199 sec
Executing command: ./xptools/nushap/nushap.py -ds ../../Datasets_CACM25v2/mnist/sample/shap-sample-6.csv -if ../../Datasets_CACM25v2/mnist/inst/shap-inst-6.csv --error 0.0015 --alpha 0.015 --verb 10
Copyright (C) 2024 Joao Marques-Silva

This program is private and unlicensed. This program may not
be modified. No parts of this program may be redistributed.
For additional restrictions, see the file NOTICES.md.
### Done parsing arguments. Elapsed time: 0.295 sec
### Done parsing dataset & instance. Elapsed time: 0.027 sec
## WCXps:
      | pixel_0_0  pixel_0_1  pixel_0_2  pixel_0_3  pixel_0_4  pixel_0_5  pixel_0_6  pixel_0_7  pixel_0_8  pixel_0_9  …  pixel_27_25  pixel_27_26  pixel_27_27  _RefID_  _TCounts_
     |     bool8      bool8      bool8      bool8      bool8      bool8      bool8      bool8      bool8      bool8           bool8        bool8        bool8    int32      int32
---- + ---------  ---------  ---------  ---------  ---------  ---------  ---------  ---------  ---------  ---------     -----------  -----------  -----------  -------  ---------
   0 |         0          0          0          0          0          0          0          0          0          0  …            0            0            0     1183        141
   1 |         0          0          0          0          0          0          0          0          0          0  …            0            0            0     1232        146
   2 |         0          0          0          0          0          0          0          0          0          0  …            0            0            0     1321        146
   3 |         0          0          0          0          0          0          0          0          0          0  …            0            0            0     1322        146
   4 |         0          0          0          0          0          0          0          0          0          0  …            0            0            0     1267        147
   5 |         0          0          0          0          0          0          0          0          0          0  …            0            0            0     1088        148
   6 |         0          0          0          0          0          0          0          0          0          0  …            0            0            0     1094        148
   7 |         0          0          0          0          0          0          0          0          0          0  …            0            0            0     1268        148
   8 |         0          0          0          0          0          0          0          0          0          0  …            0            0            0      603        149
   9 |         0          0          0          0          0          0          0          0          0          0  …            0            0            0      668        149
  10 |         0          0          0          0          0          0          0          0          0          0  …            0            0            0      938        149
  11 |         0          0          0          0          0          0          0          0          0          0  …            0            0            0     1038        149
  12 |         0          0          0          0          0          0          0          0          0          0  …            0            0            0     1039        149
  13 |         0          0          0          0          0          0          0          0          0          0  …            0            0            0     1331        149
  14 |         0          0          0          0          0          0          0          0          0          0  …            0            0            0      620        150
   … |         …          …          …          …          …          …          …          …          …          …  …            …            …            …        …          …
1415 |         0          0          0          0          0          0          0          0          0          0  …            0            0            0      205        298
1416 |         0          0          0          0          0          0          0          0          0          0  …            0            0            0     1887        308
1417 |         0          0          0          0          0          0          0          0          0          0  …            0            0            0     2075        308
1418 |         0          0          0          0          0          0          0          0          0          0  …            0            0            0     2076        308
1419 |         0          0          0          0          0          0          0          0          0          0  …            0            0            0     1888        309
[1420 rows x 786 columns]

## Reduced WCXps:
      | pixel_0_0  pixel_0_1  pixel_0_2  pixel_0_3  pixel_0_4  pixel_0_5  pixel_0_6  pixel_0_7  pixel_0_8  pixel_0_9  …  pixel_27_25  pixel_27_26  pixel_27_27  _RefID_  _TCounts_
     |     bool8      bool8      bool8      bool8      bool8      bool8      bool8      bool8      bool8      bool8           bool8        bool8        bool8    int32      int32
---- + ---------  ---------  ---------  ---------  ---------  ---------  ---------  ---------  ---------  ---------     -----------  -----------  -----------  -------  ---------
   0 |         0          0          0          0          0          0          0          0          0          0  …            0            0            0     1183        141
   1 |         0          0          0          0          0          0          0          0          0          0  …            0            0            0     1232        146
   2 |         0          0          0          0          0          0          0          0          0          0  …            0            0            0     1321        146
   3 |         0          0          0          0          0          0          0          0          0          0  …            0            0            0     1267        147
   4 |         0          0          0          0          0          0          0          0          0          0  …            0            0            0     1268        148
   5 |         0          0          0          0          0          0          0          0          0          0  …            0            0            0     1094        148
   6 |         0          0          0          0          0          0          0          0          0          0  …            0            0            0     1088        148
   7 |         0          0          0          0          0          0          0          0          0          0  …            0            0            0      668        149
   8 |         0          0          0          0          0          0          0          0          0          0  …            0            0            0     1331        149
   9 |         0          0          0          0          0          0          0          0          0          0  …            0            0            0      603        149
  10 |         0          0          0          0          0          0          0          0          0          0  …            0            0            0      938        149
  11 |         0          0          0          0          0          0          0          0          0          0  …            0            0            0     1038        149
  12 |         0          0          0          0          0          0          0          0          0          0  …            0            0            0     1277        150
  13 |         0          0          0          0          0          0          0          0          0          0  …            0            0            0      620        150
  14 |         0          0          0          0          0          0          0          0          0          0  …            0            0            0     1332        150
   … |         …          …          …          …          …          …          …          …          …          …  …            …            …            …        …          …
1191 |         0          0          0          0          0          0          0          0          0          0  …            0            0            0     2548        297
1192 |         0          0          0          0          0          0          0          0          0          0  …            0            0            0      205        298
1193 |         0          0          0          0          0          0          0          0          0          0  …            0            0            0     1887        308
1194 |         0          0          0          0          0          0          0          0          0          0  …            0            0            0     2075        308
1195 |         0          0          0          0          0          0          0          0          0          0  …            0            0            0     1888        309
[1196 rows x 786 columns]

WCXp matrix density: 25.422%
CXp matrix density: 25.142%
### Done setting up AXp/CXp info. Elapsed time: 1.276 sec
### mval: 523255
### Svs: 0.0000 0.0000 0.0000 0.0000 0.0000 0.0000 0.0000 0.0000 0.0000 0.0000 0.0000 0.0000 0.0000 0.0000 0.0000 0.0000 0.0000 0.0000 0.0000 0.0000 0.0000 0.0000 0.0000 0.0000 0.0000 0.0000 0.0000 0.0000 0.0000 0.0000 0.0000 0.0000 0.0000 0.0000 0.0000 0.0000 0.0000 0.0000 0.0000 0.0000 0.0000 0.0000 0.0000 0.0000 0.0000 0.0000 0.0000 0.0000 0.0000 0.0000 0.0000 0.0000 0.0000 0.0000 0.0000 0.0000 0.0000 0.0000 0.0000 0.0000 0.0000 0.0000 0.0000 0.0000 0.0000 0.0000 0.0000 0.0000 0.0000 0.0000 0.0000 0.0000 0.0000 0.0000 0.0000 0.0000 0.0000 0.0000 0.0000 0.0000 0.0000 0.0000 0.0000 0.0000 0.0000 0.0000 0.0000 0.0000 0.0000 0.0000 0.0000 0.0000 0.0000 0.0000 0.0000 0.0000 0.0000 0.0000 0.0000 0.0000 0.0000 0.0000 0.0000 0.0000 0.0000 0.0000 0.0000 0.0000 0.0000 0.0000 0.0000 0.0000 0.0000 0.0000 0.0000 0.0000 0.0000 0.0000 0.0000 0.0000 0.0000 0.0000 0.0000 0.0000 0.0000 0.0000 0.0000 0.0000 0.0000 0.0000 0.0000 0.0000 0.0000 0.0000 0.0000 0.0000 0.0000 0.0000 0.0000 0.0000 0.0000 0.0000 0.0000 0.0000 0.0000 0.0000 0.0000 0.0000 0.0000 0.0074 0.0075 0.0075 0.0075 0.0000 0.0000 0.0000 0.0000 0.0000 0.0000 0.0000 0.0000 0.0073 0.0072 0.0073 0.0000 0.0000 0.0000 0.0000 0.0000 0.0000 0.0000 0.0000 0.0000 0.0000 0.0000 0.0000 0.0076 0.0075 0.0074 0.0074 0.0000 0.0000 0.0000 0.0000 0.0000 0.0000 0.0000 0.0000 0.0077 0.0074 0.0074 0.0073 0.0000 0.0000 0.0000 0.0000 0.0000 0.0000 0.0000 0.0000 0.0000 0.0000 0.0000 0.0074 0.0073 0.0075 0.0075 0.0000 0.0000 0.0000 0.0000 0.0000 0.0000 0.0000 0.0000 0.0000 0.0073 0.0075 0.0075 0.0000 0.0000 0.0000 0.0000 0.0000 0.0000 0.0000 0.0000 0.0000 0.0000 0.0000 0.0000 0.0076 0.0075 0.0076 0.0076 0.0000 0.0000 0.0000 0.0000 0.0000 0.0000 0.0000 0.0000 0.0075 0.0075 0.0073 0.0073 0.0000 0.0000 0.0000 0.0000 0.0000 0.0000 0.0000 0.0000 0.0000 0.0000 0.0000 0.0075 0.0075 0.0074 0.0076 0.0000 0.0000 0.0000 0.0000 0.0000 0.0000 0.0000 0.0000 0.0075 0.0075 0.0077 0.0075 0.0000 0.0000 0.0000 0.0000 0.0000 0.0000 0.0000 0.0000 0.0000 0.0000 0.0000 0.0000 0.0075 0.0000 0.0074 0.0075 0.0000 0.0000 0.0000 0.0000 0.0000 0.0000 0.0000 0.0000 0.0073 0.0075 0.0073 0.0000 0.0000 0.0000 0.0000 0.0000 0.0000 0.0000 0.0000 0.0000 0.0000 0.0000 0.0000 0.0000 0.0074 0.0076 0.0074 0.0074 0.0000 0.0000 0.0000 0.0000 0.0000 0.0000 0.0074 0.0075 0.0074 0.0074 0.0000 0.0000 0.0000 0.0000 0.0000 0.0000 0.0000 0.0000 0.0000 0.0000 0.0000 0.0000 0.0000 0.0000 0.0077 0.0075 0.0073 0.0073 0.0077 0.0075 0.0075 0.0073 0.0074 0.0077 0.0077 0.0076 0.0073 0.0075 0.0000 0.0000 0.0000 0.0000 0.0000 0.0000 0.0000 0.0000 0.0000 0.0000 0.0000 0.0000 0.0000 0.0000 0.0076 0.0074 0.0076 0.0075 0.0075 0.0075 0.0074 0.0073 0.0075 0.0075 0.0074 0.0075 0.0073 0.0073 0.0000 0.0000 0.0000 0.0000 0.0000 0.0000 0.0000 0.0000 0.0000 0.0000 0.0000 0.0000 0.0000 0.0000 0.0000 0.0074 0.0074 0.0074 0.0075 0.0075 0.0076 0.0076 0.0069 0.0073 0.0075 0.0074 0.0075 0.0000 0.0000 0.0000 0.0000 0.0000 0.0000 0.0000 0.0000 0.0000 0.0000 0.0000 0.0000 0.0000 0.0000 0.0000 0.0000 0.0000 0.0000 0.0000 0.0000 0.0000 0.0000 0.0000 0.0000 0.0074 0.0076 0.0077 0.0076 0.0000 0.0000 0.0000 0.0000 0.0000 0.0000 0.0000 0.0000 0.0000 0.0000 0.0000 0.0000 0.0000 0.0000 0.0000 0.0000 0.0000 0.0000 0.0000 0.0000 0.0000 0.0000 0.0000 0.0000 0.0074 0.0075 0.0077 0.0000 0.0000 0.0000 0.0000 0.0000 0.0000 0.0000 0.0000 0.0000 0.0000 0.0000 0.0000 0.0000 0.0000 0.0000 0.0000 0.0000 0.0000 0.0000 0.0000 0.0000 0.0000 0.0000 0.0000 0.0073 0.0075 0.0076 0.0075 0.0000 0.0000 0.0000 0.0000 0.0000 0.0000 0.0000 0.0000 0.0000 0.0000 0.0000 0.0000 0.0000 0.0000 0.0000 0.0000 0.0000 0.0000 0.0000 0.0000 0.0000 0.0000 0.0000 0.0000 0.0074 0.0075 0.0075 0.0000 0.0000 0.0000 0.0000 0.0000 0.0000 0.0000 0.0000 0.0000 0.0000 0.0000 0.0000 0.0000 0.0000 0.0000 0.0000 0.0000 0.0000 0.0000 0.0000 0.0000 0.0000 0.0000 0.0000 0.0000 0.0076 0.0076 0.0074 0.0000 0.0000 0.0000 0.0000 0.0000 0.0000 0.0000 0.0000 0.0000 0.0000 0.0000 0.0000 0.0000 0.0000 0.0000 0.0000 0.0000 0.0000 0.0000 0.0000 0.0000 0.0000 0.0000 0.0000 0.0073 0.0074 0.0075 0.0000 0.0000 0.0000 0.0000 0.0000 0.0000 0.0000 0.0000 0.0000 0.0000 0.0000 0.0000 0.0000 0.0000 0.0000 0.0000 0.0000 0.0000 0.0000 0.0000 0.0000 0.0000 0.0000 0.0000 0.0000 0.0075 0.0073 0.0076 0.0000 0.0073 0.0074 0.0000 0.0000 0.0000 0.0000 0.0000 0.0000 0.0000 0.0000 0.0000 0.0000 0.0000 0.0000 0.0000 0.0000 0.0000 0.0000 0.0000 0.0000 0.0000 0.0000 0.0000 0.0000 0.0074 0.0075 0.0074 0.0075 0.0074 0.0075 0.0000 0.0000 0.0000 0.0000 0.0000 0.0000 0.0000 0.0000 0.0000 0.0000 0.0000 0.0000 0.0000 0.0000 0.0000 0.0000 0.0000 0.0000 0.0000 0.0000 0.0000 0.0000 0.0076 0.0074 0.0076 0.0075 0.0074 0.0075 0.0000 0.0000 0.0000 0.0000 0.0000 0.0000 0.0000 0.0000 0.0000 0.0000 0.0000 0.0000 0.0000 0.0000 0.0000 0.0000 0.0000 0.0000 0.0000 0.0000 0.0000 0.0000 0.0074 0.0073 0.0073 0.0075 0.0075 0.0000 0.0000 0.0000 0.0000 0.0000 0.0000 0.0000 0.0000 0.0000 0.0000 0.0000 0.0000 0.0000 0.0000 0.0000 0.0000 0.0000 0.0000 0.0000 0.0000 0.0000 0.0000 0.0000 0.0000 0.0000 0.0000 0.0000 0.0000 0.0000 0.0000 0.0000 0.0000 0.0000 0.0000 0.0000 0.0000 0.0000 0.0000 0.0000 0.0000 0.0000 0.0000 0.0000 0.0000 0.0000 0.0000 0.0000 0.0000 0.0000 0.0000 0.0000 0.0000 0.0000 0.0000 0.0000 0.0000 0.0000 0.0000 0.0000 0.0000 0.0000 0.0000 0.0000 0.0000 0.0000 0.0000 0.0000 0.0000 0.0000 0.0000 0.0000 0.0000 0.0000 0.0000 0.0000 0.0000 0.0000 0.0000 0.0000 0.0000 0.0000 0.0000 0.0000 0.0000 0.0000 0.0000 0.0000 0.0000 0.0000 0.0000 0.0000 0.0000 0.0000 0.0000 
### Terminating execution. Total running time: 48.859 sec
Executing command: ./xptools/nushap/nushap.py -ds ../../Datasets_CACM25v2/mnist/sample/shap-sample-7.csv -if ../../Datasets_CACM25v2/mnist/inst/shap-inst-7.csv --error 0.0015 --alpha 0.015 --verb 10
Copyright (C) 2024 Joao Marques-Silva

This program is private and unlicensed. This program may not
be modified. No parts of this program may be redistributed.
For additional restrictions, see the file NOTICES.md.
### Done parsing arguments. Elapsed time: 0.224 sec
### Done parsing dataset & instance. Elapsed time: 0.027 sec
## WCXps:
      | pixel_0_0  pixel_0_1  pixel_0_2  pixel_0_3  pixel_0_4  pixel_0_5  pixel_0_6  pixel_0_7  pixel_0_8  pixel_0_9  …  pixel_27_25  pixel_27_26  pixel_27_27  _RefID_  _TCounts_
     |     bool8      bool8      bool8      bool8      bool8      bool8      bool8      bool8      bool8      bool8           bool8        bool8        bool8    int32      int32
---- + ---------  ---------  ---------  ---------  ---------  ---------  ---------  ---------  ---------  ---------     -----------  -----------  -----------  -------  ---------
   0 |         0          0          0          0          0          0          0          0          0          0  …            0            0            0     1924        128
   1 |         0          0          0          0          0          0          0          0          0          0  …            0            0            0      558        130
   2 |         0          0          0          0          0          0          0          0          0          0  …            0            0            0      562        130
   3 |         0          0          0          0          0          0          0          0          0          0  …            0            0            0      564        130
   4 |         0          0          0          0          0          0          0          0          0          0  …            0            0            0     1842        130
   5 |         0          0          0          0          0          0          0          0          0          0  …            0            0            0      267        131
   6 |         0          0          0          0          0          0          0          0          0          0  …            0            0            0      615        131
   7 |         0          0          0          0          0          0          0          0          0          0  …            0            0            0      800        131
   8 |         0          0          0          0          0          0          0          0          0          0  …            0            0            0      801        131
   9 |         0          0          0          0          0          0          0          0          0          0  …            0            0            0     1073        131
  10 |         0          0          0          0          0          0          0          0          0          0  …            0            0            0     1491        131
  11 |         0          0          0          0          0          0          0          0          0          0  …            0            0            0     1492        131
  12 |         0          0          0          0          0          0          0          0          0          0  …            0            0            0     1843        131
  13 |         0          0          0          0          0          0          0          0          0          0  …            0            0            0     1852        131
  14 |         0          0          0          0          0          0          0          0          0          0  …            0            0            0     2005        131
   … |         …          …          …          …          …          …          …          …          …          …  …            …            …            …        …          …
1796 |         0          0          0          0          0          0          0          0          0          0  …            0            0            0     2454        284
1797 |         0          0          0          0          0          0          0          0          0          0  …            0            0            0     1944        299
1798 |         0          0          0          0          0          0          0          0          0          0  …            0            0            0     1945        299
1799 |         0          0          0          0          0          0          0          0          0          0  …            0            0            0     1241        301
1800 |         0          0          0          0          0          0          0          0          0          0  …            0            0            0     1777        320
[1801 rows x 786 columns]

## Reduced WCXps:
      | pixel_0_0  pixel_0_1  pixel_0_2  pixel_0_3  pixel_0_4  pixel_0_5  pixel_0_6  pixel_0_7  pixel_0_8  pixel_0_9  …  pixel_27_25  pixel_27_26  pixel_27_27  _RefID_  _TCounts_
     |     bool8      bool8      bool8      bool8      bool8      bool8      bool8      bool8      bool8      bool8           bool8        bool8        bool8    int32      int32
---- + ---------  ---------  ---------  ---------  ---------  ---------  ---------  ---------  ---------  ---------     -----------  -----------  -----------  -------  ---------
   0 |         0          0          0          0          0          0          0          0          0          0  …            0            0            0     1924        128
   1 |         0          0          0          0          0          0          0          0          0          0  …            0            0            0      564        130
   2 |         0          0          0          0          0          0          0          0          0          0  …            0            0            0      562        130
   3 |         0          0          0          0          0          0          0          0          0          0  …            0            0            0      558        130
   4 |         0          0          0          0          0          0          0          0          0          0  …            0            0            0     1842        130
   5 |         0          0          0          0          0          0          0          0          0          0  …            0            0            0      615        131
   6 |         0          0          0          0          0          0          0          0          0          0  …            0            0            0      267        131
   7 |         0          0          0          0          0          0          0          0          0          0  …            0            0            0      800        131
   8 |         0          0          0          0          0          0          0          0          0          0  …            0            0            0     1073        131
   9 |         0          0          0          0          0          0          0          0          0          0  …            0            0            0     1491        131
  10 |         0          0          0          0          0          0          0          0          0          0  …            0            0            0     1843        131
  11 |         0          0          0          0          0          0          0          0          0          0  …            0            0            0     1852        131
  12 |         0          0          0          0          0          0          0          0          0          0  …            0            0            0     2005        131
  13 |         0          0          0          0          0          0          0          0          0          0  …            0            0            0     2310        131
  14 |         0          0          0          0          0          0          0          0          0          0  …            0            0            0     2575        131
   … |         …          …          …          …          …          …          …          …          …          …  …            …            …            …        …          …
1542 |         0          0          0          0          0          0          0          0          0          0  …            0            0            0     1930        283
1543 |         0          0          0          0          0          0          0          0          0          0  …            0            0            0     2454        284
1544 |         0          0          0          0          0          0          0          0          0          0  …            0            0            0     1944        299
1545 |         0          0          0          0          0          0          0          0          0          0  …            0            0            0     1241        301
1546 |         0          0          0          0          0          0          0          0          0          0  …            0            0            0     1777        320
[1547 rows x 786 columns]

WCXp matrix density: 23.361%
CXp matrix density: 21.548%
### Done setting up AXp/CXp info. Elapsed time: 0.611 sec
### mval: 523255
### Svs: 0.0000 0.0000 0.0000 0.0000 0.0000 0.0000 0.0000 0.0000 0.0000 0.0000 0.0000 0.0000 0.0000 0.0000 0.0000 0.0000 0.0000 0.0000 0.0000 0.0000 0.0000 0.0000 0.0000 0.0000 0.0000 0.0000 0.0000 0.0000 0.0000 0.0000 0.0000 0.0000 0.0000 0.0000 0.0000 0.0000 0.0000 0.0000 0.0000 0.0000 0.0000 0.0000 0.0000 0.0000 0.0000 0.0000 0.0000 0.0000 0.0000 0.0000 0.0000 0.0000 0.0000 0.0000 0.0000 0.0000 0.0000 0.0000 0.0000 0.0000 0.0000 0.0000 0.0000 0.0000 0.0000 0.0000 0.0000 0.0000 0.0000 0.0000 0.0000 0.0000 0.0000 0.0000 0.0000 0.0000 0.0000 0.0000 0.0000 0.0000 0.0000 0.0000 0.0000 0.0000 0.0000 0.0000 0.0000 0.0000 0.0000 0.0000 0.0000 0.0000 0.0000 0.0000 0.0000 0.0000 0.0000 0.0000 0.0000 0.0000 0.0000 0.0000 0.0000 0.0000 0.0000 0.0000 0.0000 0.0000 0.0000 0.0000 0.0000 0.0000 0.0000 0.0000 0.0000 0.0000 0.0000 0.0000 0.0000 0.0000 0.0000 0.0000 0.0000 0.0000 0.0000 0.0000 0.0000 0.0000 0.0000 0.0000 0.0000 0.0000 0.0000 0.0000 0.0000 0.0000 0.0000 0.0000 0.0000 0.0000 0.0000 0.0000 0.0000 0.0000 0.0000 0.0000 0.0000 0.0000 0.0000 0.0000 0.0000 0.0000 0.0000 0.0000 0.0000 0.0000 0.0000 0.0000 0.0000 0.0000 0.0000 0.0000 0.0000 0.0000 0.0000 0.0000 0.0000 0.0000 0.0000 0.0000 0.0000 0.0000 0.0000 0.0000 0.0000 0.0000 0.0000 0.0000 0.0000 0.0076 0.0078 0.0077 0.0080 0.0000 0.0000 0.0000 0.0000 0.0000 0.0000 0.0000 0.0000 0.0000 0.0000 0.0000 0.0000 0.0000 0.0000 0.0000 0.0000 0.0000 0.0000 0.0000 0.0000 0.0000 0.0000 0.0000 0.0078 0.0079 0.0078 0.0078 0.0079 0.0000 0.0000 0.0000 0.0000 0.0000 0.0000 0.0000 0.0000 0.0000 0.0000 0.0000 0.0000 0.0000 0.0000 0.0000 0.0000 0.0000 0.0000 0.0000 0.0000 0.0000 0.0000 0.0078 0.0079 0.0079 0.0078 0.0078 0.0078 0.0079 0.0000 0.0000 0.0000 0.0000 0.0000 0.0000 0.0000 0.0000 0.0000 0.0000 0.0000 0.0000 0.0000 0.0000 0.0000 0.0000 0.0000 0.0000 0.0000 0.0000 0.0000 0.0078 0.0079 0.0079 0.0079 0.0078 0.0079 0.0080 0.0077 0.0078 0.0000 0.0000 0.0000 0.0000 0.0000 0.0000 0.0000 0.0000 0.0000 0.0000 0.0000 0.0000 0.0000 0.0000 0.0000 0.0000 0.0000 0.0000 0.0080 0.0078 0.0080 0.0079 0.0079 0.0079 0.0077 0.0079 0.0079 0.0077 0.0000 0.0000 0.0000 0.0000 0.0000 0.0000 0.0000 0.0000 0.0000 0.0000 0.0000 0.0000 0.0000 0.0000 0.0000 0.0000 0.0000 0.0000 0.0078 0.0078 0.0080 0.0000 0.0078 0.0077 0.0081 0.0077 0.0000 0.0081 0.0079 0.0000 0.0000 0.0000 0.0000 0.0000 0.0000 0.0000 0.0000 0.0000 0.0000 0.0000 0.0000 0.0000 0.0000 0.0000 0.0000 0.0000 0.0078 0.0080 0.0079 0.0000 0.0000 0.0000 0.0079 0.0081 0.0079 0.0080 0.0079 0.0000 0.0000 0.0000 0.0000 0.0000 0.0000 0.0000 0.0000 0.0000 0.0000 0.0000 0.0000 0.0000 0.0000 0.0000 0.0000 0.0000 0.0078 0.0077 0.0079 0.0000 0.0000 0.0000 0.0080 0.0080 0.0077 0.0077 0.0000 0.0000 0.0000 0.0000 0.0000 0.0000 0.0000 0.0000 0.0000 0.0000 0.0000 0.0000 0.0000 0.0000 0.0000 0.0000 0.0000 0.0000 0.0080 0.0080 0.0080 0.0079 0.0078 0.0079 0.0077 0.0080 0.0080 0.0079 0.0078 0.0000 0.0000 0.0000 0.0000 0.0000 0.0000 0.0000 0.0000 0.0000 0.0000 0.0000 0.0000 0.0000 0.0000 0.0000 0.0000 0.0000 0.0078 0.0077 0.0080 0.0080 0.0079 0.0076 0.0078 0.0079 0.0080 0.0080 0.0078 0.0000 0.0000 0.0000 0.0000 0.0000 0.0000 0.0000 0.0000 0.0000 0.0000 0.0000 0.0000 0.0000 0.0000 0.0000 0.0000 0.0000 0.0000 0.0080 0.0078 0.0000 0.0079 0.0077 0.0079 0.0000 0.0078 0.0079 0.0079 0.0081 0.0000 0.0000 0.0000 0.0000 0.0000 0.0000 0.0000 0.0000 0.0000 0.0000 0.0000 0.0000 0.0000 0.0000 0.0000 0.0000 0.0000 0.0000 0.0077 0.0077 0.0079 0.0078 0.0000 0.0000 0.0078 0.0080 0.0079 0.0079 0.0000 0.0000 0.0000 0.0000 0.0000 0.0000 0.0000 0.0000 0.0000 0.0000 0.0000 0.0000 0.0000 0.0000 0.0000 0.0000 0.0000 0.0000 0.0000 0.0000 0.0000 0.0000 0.0000 0.0000 0.0000 0.0079 0.0078 0.0079 0.0080 0.0000 0.0000 0.0000 0.0000 0.0000 0.0000 0.0000 0.0000 0.0000 0.0000 0.0000 0.0000 0.0000 0.0000 0.0000 0.0000 0.0000 0.0000 0.0000 0.0000 0.0000 0.0000 0.0000 0.0000 0.0080 0.0077 0.0079 0.0078 0.0000 0.0000 0.0000 0.0000 0.0000 0.0000 0.0000 0.0000 0.0000 0.0000 0.0000 0.0000 0.0000 0.0000 0.0000 0.0000 0.0000 0.0000 0.0000 0.0000 0.0000 0.0000 0.0000 0.0000 0.0000 0.0079 0.0079 0.0080 0.0079 0.0000 0.0000 0.0000 0.0000 0.0000 0.0000 0.0000 0.0000 0.0000 0.0000 0.0000 0.0000 0.0000 0.0000 0.0000 0.0000 0.0000 0.0000 0.0000 0.0000 0.0000 0.0000 0.0000 0.0000 0.0000 0.0079 0.0080 0.0078 0.0079 0.0000 0.0000 0.0000 0.0000 0.0000 0.0000 0.0000 0.0000 0.0000 0.0000 0.0000 0.0000 0.0000 0.0000 0.0000 0.0000 0.0000 0.0000 0.0000 0.0000 0.0000 0.0000 0.0000 0.0000 0.0078 0.0078 0.0079 0.0079 0.0000 0.0000 0.0000 0.0000 0.0000 0.0000 0.0000 0.0000 0.0000 0.0000 0.0000 0.0000 0.0000 0.0000 0.0000 0.0000 0.0000 0.0000 0.0000 0.0000 0.0000 0.0000 0.0000 0.0000 0.0000 0.0079 0.0079 0.0080 0.0000 0.0000 0.0000 0.0000 0.0000 0.0000 0.0000 0.0000 0.0000 0.0000 0.0000 0.0000 0.0000 0.0000 0.0000 0.0000 0.0000 0.0000 0.0000 0.0000 0.0000 0.0000 0.0000 0.0000 0.0000 0.0000 0.0081 0.0080 0.0080 0.0000 0.0000 0.0000 0.0000 0.0000 0.0000 0.0000 0.0000 0.0000 0.0000 0.0000 0.0000 0.0000 0.0000 0.0000 0.0000 0.0000 0.0000 0.0000 0.0000 0.0000 0.0000 0.0000 0.0000 0.0000 0.0078 0.0078 0.0078 0.0000 0.0000 0.0000 0.0000 0.0000 0.0000 0.0000 0.0000 0.0000 0.0000 0.0000 0.0000 0.0000 0.0000 0.0000 0.0000 0.0000 0.0000 0.0000 0.0000 0.0000 0.0000 0.0000 0.0000 0.0000 0.0000 0.0000 0.0000 0.0000 0.0000 0.0000 0.0000 0.0000 0.0000 0.0000 0.0000 0.0000 0.0000 0.0000 0.0000 0.0000 0.0000 0.0000 0.0000 0.0000 0.0000 0.0000 0.0000 0.0000 0.0000 0.0000 0.0000 0.0000 0.0000 0.0000 0.0000 0.0000 0.0000 0.0000 0.0000 
### Terminating execution. Total running time: 44.016 sec
Executing command: ./xptools/nushap/nushap.py -ds ../../Datasets_CACM25v2/mnist/sample/shap-sample-8.csv -if ../../Datasets_CACM25v2/mnist/inst/shap-inst-8.csv --error 0.0015 --alpha 0.015 --verb 10
Copyright (C) 2024 Joao Marques-Silva

This program is private and unlicensed. This program may not
be modified. No parts of this program may be redistributed.
For additional restrictions, see the file NOTICES.md.
### Done parsing arguments. Elapsed time: 0.306 sec
### Done parsing dataset & instance. Elapsed time: 0.028 sec
## WCXps:
      | pixel_0_0  pixel_0_1  pixel_0_2  pixel_0_3  pixel_0_4  pixel_0_5  pixel_0_6  pixel_0_7  pixel_0_8  pixel_0_9  …  pixel_27_25  pixel_27_26  pixel_27_27  _RefID_  _TCounts_
     |     bool8      bool8      bool8      bool8      bool8      bool8      bool8      bool8      bool8      bool8           bool8        bool8        bool8    int32      int32
---- + ---------  ---------  ---------  ---------  ---------  ---------  ---------  ---------  ---------  ---------     -----------  -----------  -----------  -------  ---------
   0 |         0          0          0          0          0          0          0          0          0          0  …            0            0            0      806        173
   1 |         0          0          0          0          0          0          0          0          0          0  …            0            0            0     1416        173
   2 |         0          0          0          0          0          0          0          0          0          0  …            0            0            0     1562        173
   3 |         0          0          0          0          0          0          0          0          0          0  …            0            0            0     1628        173
   4 |         0          0          0          0          0          0          0          0          0          0  …            0            0            0     1639        173
   5 |         0          0          0          0          0          0          0          0          0          0  …            0            0            0     1674        173
   6 |         0          0          0          0          0          0          0          0          0          0  …            0            0            0     1677        173
   7 |         0          0          0          0          0          0          0          0          0          0  …            0            0            0     1678        173
   8 |         0          0          0          0          0          0          0          0          0          0  …            0            0            0     1195        174
   9 |         0          0          0          0          0          0          0          0          0          0  …            0            0            0     1224        174
  10 |         0          0          0          0          0          0          0          0          0          0  …            0            0            0     1542        174
  11 |         0          0          0          0          0          0          0          0          0          0  …            0            0            0     1543        174
  12 |         0          0          0          0          0          0          0          0          0          0  …            0            0            0     1560        174
  13 |         0          0          0          0          0          0          0          0          0          0  …            0            0            0     1598        174
  14 |         0          0          0          0          0          0          0          0          0          0  …            0            0            0     1630        174
   … |         …          …          …          …          …          …          …          …          …          …  …            …            …            …        …          …
2138 |         0          0          0          0          0          0          0          0          0          0  …            0            0            0     2393        306
2139 |         0          0          0          0          0          0          0          0          0          0  …            0            0            0     2394        306
2140 |         0          0          0          0          0          0          0          0          0          0  …            0            0            0     2298        308
2141 |         0          0          0          0          0          0          0          0          0          0  …            0            0            0     2299        308
2142 |         0          0          0          0          0          0          0          0          0          0  …            0            0            0     2374        330
[2143 rows x 786 columns]

## Reduced WCXps:
      | pixel_0_0  pixel_0_1  pixel_0_2  pixel_0_3  pixel_0_4  pixel_0_5  pixel_0_6  pixel_0_7  pixel_0_8  pixel_0_9  …  pixel_27_25  pixel_27_26  pixel_27_27  _RefID_  _TCounts_
     |     bool8      bool8      bool8      bool8      bool8      bool8      bool8      bool8      bool8      bool8           bool8        bool8        bool8    int32      int32
---- + ---------  ---------  ---------  ---------  ---------  ---------  ---------  ---------  ---------  ---------     -----------  -----------  -----------  -------  ---------
   0 |         0          0          0          0          0          0          0          0          0          0  …            0            0            0      806        173
   1 |         0          0          0          0          0          0          0          0          0          0  …            0            0            0     1804        174
   2 |         0          0          0          0          0          0          0          0          0          0  …            0            0            0     1224        174
   3 |         0          0          0          0          0          0          0          0          0          0  …            0            0            0     1662        174
   4 |         0          0          0          0          0          0          0          0          0          0  …            0            0            0     1560        174
   5 |         0          0          0          0          0          0          0          0          0          0  …            0            0            0     1663        174
   6 |         0          0          0          0          0          0          0          0          0          0  …            0            0            0     1195        174
   7 |         0          0          0          0          0          0          0          0          0          0  …            0            0            0     1542        174
   8 |         0          0          0          0          0          0          0          0          0          0  …            0            0            0     1598        174
   9 |         0          0          0          0          0          0          0          0          0          0  …            0            0            0     1630        174
  10 |         0          0          0          0          0          0          0          0          0          0  …            0            0            0     1686        174
  11 |         0          0          0          0          0          0          0          0          0          0  …            0            0            0     1647        174
  12 |         0          0          0          0          0          0          0          0          0          0  …            0            0            0     1196        175
  13 |         0          0          0          0          0          0          0          0          0          0  …            0            0            0     1778        175
  14 |         0          0          0          0          0          0          0          0          0          0  …            0            0            0     1561        175
   … |         …          …          …          …          …          …          …          …          …          …  …            …            …            …        …          …
1737 |         0          0          0          0          0          0          0          0          0          0  …            0            0            0     2377        295
1738 |         0          0          0          0          0          0          0          0          0          0  …            0            0            0      111        302
1739 |         0          0          0          0          0          0          0          0          0          0  …            0            0            0     2393        306
1740 |         0          0          0          0          0          0          0          0          0          0  …            0            0            0     2298        308
1741 |         0          0          0          0          0          0          0          0          0          0  …            0            0            0     2374        330
[1742 rows x 786 columns]

WCXp matrix density: 27.355%
CXp matrix density: 22.066%
### Done setting up AXp/CXp info. Elapsed time: 0.313 sec
### mval: 523255
### Svs: 0.0000 0.0000 0.0000 0.0000 0.0000 0.0000 0.0000 0.0000 0.0000 0.0000 0.0000 0.0000 0.0000 0.0000 0.0000 0.0000 0.0000 0.0000 0.0000 0.0000 0.0000 0.0000 0.0000 0.0000 0.0000 0.0000 0.0000 0.0000 0.0000 0.0000 0.0000 0.0000 0.0000 0.0000 0.0000 0.0000 0.0000 0.0000 0.0000 0.0000 0.0000 0.0000 0.0000 0.0000 0.0000 0.0000 0.0000 0.0000 0.0000 0.0000 0.0000 0.0000 0.0000 0.0000 0.0000 0.0000 0.0000 0.0000 0.0000 0.0000 0.0000 0.0000 0.0000 0.0000 0.0000 0.0000 0.0000 0.0000 0.0000 0.0000 0.0000 0.0000 0.0000 0.0000 0.0000 0.0000 0.0000 0.0000 0.0000 0.0000 0.0000 0.0000 0.0000 0.0000 0.0000 0.0000 0.0000 0.0000 0.0000 0.0000 0.0000 0.0000 0.0000 0.0000 0.0000 0.0000 0.0000 0.0000 0.0000 0.0000 0.0000 0.0000 0.0000 0.0000 0.0000 0.0000 0.0000 0.0000 0.0000 0.0000 0.0000 0.0000 0.0000 0.0000 0.0000 0.0000 0.0000 0.0000 0.0000 0.0000 0.0000 0.0000 0.0000 0.0000 0.0000 0.0000 0.0000 0.0000 0.0000 0.0056 0.0057 0.0058 0.0056 0.0056 0.0058 0.0057 0.0057 0.0000 0.0000 0.0000 0.0000 0.0000 0.0000 0.0000 0.0000 0.0000 0.0000 0.0000 0.0000 0.0000 0.0000 0.0000 0.0000 0.0000 0.0000 0.0059 0.0058 0.0057 0.0059 0.0058 0.0058 0.0057 0.0055 0.0058 0.0057 0.0000 0.0000 0.0000 0.0000 0.0000 0.0000 0.0000 0.0000 0.0000 0.0000 0.0000 0.0000 0.0000 0.0000 0.0000 0.0058 0.0057 0.0059 0.0058 0.0058 0.0058 0.0055 0.0058 0.0057 0.0057 0.0058 0.0060 0.0057 0.0000 0.0000 0.0000 0.0000 0.0000 0.0000 0.0000 0.0000 0.0000 0.0000 0.0000 0.0000 0.0000 0.0000 0.0000 0.0058 0.0058 0.0058 0.0058 0.0060 0.0058 0.0058 0.0058 0.0059 0.0058 0.0058 0.0058 0.0057 0.0000 0.0000 0.0000 0.0000 0.0000 0.0000 0.0000 0.0000 0.0000 0.0000 0.0000 0.0059 0.0056 0.0057 0.0000 0.0059 0.0059 0.0057 0.0057 0.0057 0.0059 0.0057 0.0057 0.0057 0.0000 0.0000 0.0000 0.0000 0.0000 0.0000 0.0000 0.0000 0.0000 0.0000 0.0000 0.0000 0.0000 0.0000 0.0059 0.0058 0.0058 0.0057 0.0000 0.0000 0.0058 0.0000 0.0057 0.0057 0.0000 0.0000 0.0000 0.0000 0.0000 0.0000 0.0000 0.0000 0.0000 0.0000 0.0000 0.0000 0.0000 0.0000 0.0000 0.0000 0.0000 0.0059 0.0059 0.0059 0.0058 0.0059 0.0000 0.0000 0.0000 0.0000 0.0000 0.0000 0.0000 0.0000 0.0000 0.0000 0.0000 0.0000 0.0000 0.0000 0.0000 0.0000 0.0000 0.0000 0.0000 0.0000 0.0000 0.0000 0.0058 0.0058 0.0057 0.0058 0.0058 0.0000 0.0000 0.0000 0.0000 0.0000 0.0000 0.0000 0.0000 0.0000 0.0000 0.0000 0.0000 0.0000 0.0000 0.0000 0.0000 0.0000 0.0000 0.0000 0.0000 0.0000 0.0000 0.0000 0.0058 0.0056 0.0057 0.0058 0.0000 0.0000 0.0000 0.0000 0.0000 0.0000 0.0000 0.0000 0.0000 0.0000 0.0000 0.0000 0.0000 0.0000 0.0000 0.0000 0.0000 0.0000 0.0000 0.0000 0.0000 0.0000 0.0000 0.0000 0.0058 0.0057 0.0060 0.0000 0.0000 0.0000 0.0000 0.0000 0.0000 0.0000 0.0000 0.0000 0.0000 0.0000 0.0000 0.0000 0.0000 0.0000 0.0000 0.0000 0.0000 0.0000 0.0000 0.0000 0.0000 0.0000 0.0000 0.0000 0.0057 0.0057 0.0057 0.0057 0.0057 0.0000 0.0000 0.0000 0.0000 0.0000 0.0000 0.0000 0.0000 0.0000 0.0000 0.0000 0.0000 0.0000 0.0000 0.0000 0.0000 0.0000 0.0000 0.0000 0.0000 0.0000 0.0000 0.0000 0.0000 0.0059 0.0059 0.0058 0.0056 0.0058 0.0058 0.0061 0.0057 0.0058 0.0059 0.0056 0.0055 0.0000 0.0000 0.0000 0.0000 0.0000 0.0000 0.0000 0.0000 0.0000 0.0000 0.0000 0.0000 0.0000 0.0000 0.0000 0.0057 0.0060 0.0058 0.0059 0.0058 0.0059 0.0059 0.0057 0.0061 0.0057 0.0056 0.0060 0.0059 0.0058 0.0000 0.0000 0.0000 0.0000 0.0000 0.0000 0.0000 0.0000 0.0000 0.0000 0.0000 0.0000 0.0000 0.0000 0.0058 0.0059 0.0057 0.0058 0.0060 0.0058 0.0059 0.0059 0.0059 0.0058 0.0058 0.0058 0.0058 0.0055 0.0059 0.0000 0.0000 0.0000 0.0000 0.0000 0.0000 0.0000 0.0000 0.0000 0.0000 0.0000 0.0000 0.0000 0.0000 0.0000 0.0000 0.0000 0.0058 0.0057 0.0058 0.0057 0.0056 0.0057 0.0057 0.0057 0.0057 0.0059 0.0057 0.0000 0.0000 0.0000 0.0000 0.0000 0.0000 0.0000 0.0000 0.0000 0.0000 0.0000 0.0000 0.0000 0.0000 0.0000 0.0000 0.0000 0.0000 0.0000 0.0057 0.0058 0.0057 0.0058 0.0057 0.0057 0.0056 0.0057 0.0058 0.0000 0.0000 0.0000 0.0000 0.0000 0.0000 0.0000 0.0000 0.0000 0.0000 0.0000 0.0000 0.0000 0.0000 0.0000 0.0000 0.0000 0.0000 0.0000 0.0059 0.0059 0.0057 0.0057 0.0058 0.0059 0.0057 0.0056 0.0059 0.0000 0.0000 0.0000 0.0000 0.0000 0.0000 0.0000 0.0000 0.0000 0.0000 0.0000 0.0000 0.0000 0.0000 0.0000 0.0000 0.0000 0.0000 0.0000 0.0058 0.0058 0.0058 0.0059 0.0058 0.0059 0.0057 0.0058 0.0057 0.0000 0.0000 0.0000 0.0000 0.0000 0.0000 0.0000 0.0000 0.0000 0.0000 0.0000 0.0000 0.0000 0.0000 0.0000 0.0000 0.0000 0.0000 0.0000 0.0000 0.0057 0.0058 0.0060 0.0058 0.0058 0.0057 0.0000 0.0000 0.0000 0.0000 0.0000 0.0000 0.0000 0.0000 0.0000 0.0000 0.0000 0.0000 0.0000 0.0000 0.0000 0.0000 0.0000 0.0000 0.0000 0.0000 0.0000 0.0000 0.0000 0.0000 0.0058 0.0058 0.0058 0.0000 0.0000 0.0000 0.0000 0.0000 0.0000 0.0000 0.0000 0.0000 0.0000 0.0000 0.0000 0.0000 0.0000 0.0000 0.0000 0.0000 0.0000 0.0000 0.0000 0.0000 0.0000 0.0000 0.0000 0.0000 0.0000 0.0000 0.0000 0.0000 0.0000 0.0000 0.0000 0.0000 0.0000 0.0000 0.0000 0.0000 0.0000 0.0000 0.0000 0.0000 0.0000 0.0000 0.0000 0.0000 0.0000 0.0000 0.0000 0.0000 0.0000 0.0000 0.0000 0.0000 0.0000 0.0000 0.0000 0.0000 0.0000 0.0000 0.0000 0.0000 0.0000 0.0000 0.0000 0.0000 0.0000 0.0000 0.0000 0.0000 0.0000 0.0000 0.0000 0.0000 0.0000 0.0000 0.0000 0.0000 0.0000 0.0000 0.0000 0.0000 0.0000 0.0000 0.0000 0.0000 0.0000 0.0000 0.0000 0.0000 0.0000 0.0000 0.0000 0.0000 0.0000 0.0000 0.0000 0.0000 0.0000 0.0000 0.0000 0.0000 0.0000 0.0000 0.0000 0.0000 0.0000 0.0000 0.0000 0.0000 0.0000 0.0000 0.0000 0.0000 0.0000 0.0000 0.0000 0.0000 0.0000 0.0000 0.0000 0.0000 0.0000 0.0000 
### Terminating execution. Total running time: 12.823 sec
Executing command: ./xptools/nushap/nushap.py -ds ../../Datasets_CACM25v2/mnist/sample/shap-sample-9.csv -if ../../Datasets_CACM25v2/mnist/inst/shap-inst-9.csv --error 0.0015 --alpha 0.015 --verb 10
Copyright (C) 2024 Joao Marques-Silva

This program is private and unlicensed. This program may not
be modified. No parts of this program may be redistributed.
For additional restrictions, see the file NOTICES.md.
### Done parsing arguments. Elapsed time: 0.235 sec
### Done parsing dataset & instance. Elapsed time: 0.029 sec
## WCXps:
      | pixel_0_0  pixel_0_1  pixel_0_2  pixel_0_3  pixel_0_4  pixel_0_5  pixel_0_6  pixel_0_7  pixel_0_8  pixel_0_9  …  pixel_27_25  pixel_27_26  pixel_27_27  _RefID_  _TCounts_
     |     bool8      bool8      bool8      bool8      bool8      bool8      bool8      bool8      bool8      bool8           bool8        bool8        bool8    int32      int32
---- + ---------  ---------  ---------  ---------  ---------  ---------  ---------  ---------  ---------  ---------     -----------  -----------  -----------  -------  ---------
   0 |         0          0          0          0          0          0          0          0          0          0  …            0            0            0      653        181
   1 |         0          0          0          0          0          0          0          0          0          0  …            0            0            0      686        181
   2 |         0          0          0          0          0          0          0          0          0          0  …            0            0            0      906        181
   3 |         0          0          0          0          0          0          0          0          0          0  …            0            0            0     1998        182
   4 |         0          0          0          0          0          0          0          0          0          0  …            0            0            0      782        183
   5 |         0          0          0          0          0          0          0          0          0          0  …            0            0            0      783        183
   6 |         0          0          0          0          0          0          0          0          0          0  …            0            0            0     1158        183
   7 |         0          0          0          0          0          0          0          0          0          0  …            0            0            0     1159        183
   8 |         0          0          0          0          0          0          0          0          0          0  …            0            0            0     1285        183
   9 |         0          0          0          0          0          0          0          0          0          0  …            0            0            0      613        184
  10 |         0          0          0          0          0          0          0          0          0          0  …            0            0            0      701        184
  11 |         0          0          0          0          0          0          0          0          0          0  …            0            0            0      787        184
  12 |         0          0          0          0          0          0          0          0          0          0  …            0            0            0     1732        184
  13 |         0          0          0          0          0          0          0          0          0          0  …            0            0            0     1955        184
  14 |         0          0          0          0          0          0          0          0          0          0  …            0            0            0     1956        184
   … |         …          …          …          …          …          …          …          …          …          …  …            …            …            …        …          …
1403 |         0          0          0          0          0          0          0          0          0          0  …            0            0            0     2336        308
1404 |         0          0          0          0          0          0          0          0          0          0  …            0            0            0     2073        311
1405 |         0          0          0          0          0          0          0          0          0          0  …            0            0            0     2074        312
1406 |         0          0          0          0          0          0          0          0          0          0  …            0            0            0     1473        315
1407 |         0          0          0          0          0          0          0          0          0          0  …            0            0            0     1474        315
[1408 rows x 786 columns]

## Reduced WCXps:
      | pixel_0_0  pixel_0_1  pixel_0_2  pixel_0_3  pixel_0_4  pixel_0_5  pixel_0_6  pixel_0_7  pixel_0_8  pixel_0_9  …  pixel_27_25  pixel_27_26  pixel_27_27  _RefID_  _TCounts_
     |     bool8      bool8      bool8      bool8      bool8      bool8      bool8      bool8      bool8      bool8           bool8        bool8        bool8    int32      int32
---- + ---------  ---------  ---------  ---------  ---------  ---------  ---------  ---------  ---------  ---------     -----------  -----------  -----------  -------  ---------
   0 |         0          0          0          0          0          0          0          0          0          0  …            0            0            0      653        181
   1 |         0          0          0          0          0          0          0          0          0          0  …            0            0            0      686        181
   2 |         0          0          0          0          0          0          0          0          0          0  …            0            0            0      906        181
   3 |         0          0          0          0          0          0          0          0          0          0  …            0            0            0     1998        182
   4 |         0          0          0          0          0          0          0          0          0          0  …            0            0            0      782        183
   5 |         0          0          0          0          0          0          0          0          0          0  …            0            0            0     1158        183
   6 |         0          0          0          0          0          0          0          0          0          0  …            0            0            0     1285        183
   7 |         0          0          0          0          0          0          0          0          0          0  …            0            0            0      613        184
   8 |         0          0          0          0          0          0          0          0          0          0  …            0            0            0      701        184
   9 |         0          0          0          0          0          0          0          0          0          0  …            0            0            0      787        184
  10 |         0          0          0          0          0          0          0          0          0          0  …            0            0            0     1732        184
  11 |         0          0          0          0          0          0          0          0          0          0  …            0            0            0     1955        184
  12 |         0          0          0          0          0          0          0          0          0          0  …            0            0            0      788        185
  13 |         0          0          0          0          0          0          0          0          0          0  …            0            0            0     1733        185
  14 |         0          0          0          0          0          0          0          0          0          0  …            0            0            0     2112        185
   … |         …          …          …          …          …          …          …          …          …          …  …            …            …            …        …          …
1133 |         0          0          0          0          0          0          0          0          0          0  …            0            0            0     2306        306
1134 |         0          0          0          0          0          0          0          0          0          0  …            0            0            0     2336        308
1135 |         0          0          0          0          0          0          0          0          0          0  …            0            0            0     2073        311
1136 |         0          0          0          0          0          0          0          0          0          0  …            0            0            0     2074        312
1137 |         0          0          0          0          0          0          0          0          0          0  …            0            0            0     1473        315
[1138 rows x 786 columns]

WCXp matrix density: 28.306%
CXp matrix density: 28.136%
### Done setting up AXp/CXp info. Elapsed time: 0.921 sec
### mval: 523255
### Svs: 0.0000 0.0000 0.0000 0.0000 0.0000 0.0000 0.0000 0.0000 0.0000 0.0000 0.0000 0.0000 0.0000 0.0000 0.0000 0.0000 0.0000 0.0000 0.0000 0.0000 0.0000 0.0000 0.0000 0.0000 0.0000 0.0000 0.0000 0.0000 0.0000 0.0000 0.0000 0.0000 0.0000 0.0000 0.0000 0.0000 0.0000 0.0000 0.0000 0.0000 0.0000 0.0000 0.0000 0.0000 0.0000 0.0000 0.0000 0.0000 0.0000 0.0000 0.0000 0.0000 0.0000 0.0000 0.0000 0.0000 0.0000 0.0000 0.0000 0.0000 0.0000 0.0000 0.0000 0.0000 0.0000 0.0000 0.0000 0.0000 0.0000 0.0000 0.0000 0.0000 0.0000 0.0000 0.0000 0.0000 0.0000 0.0000 0.0000 0.0000 0.0000 0.0000 0.0000 0.0000 0.0000 0.0000 0.0000 0.0000 0.0000 0.0000 0.0000 0.0000 0.0000 0.0000 0.0000 0.0000 0.0000 0.0000 0.0000 0.0000 0.0000 0.0000 0.0000 0.0000 0.0000 0.0000 0.0000 0.0000 0.0000 0.0000 0.0000 0.0000 0.0000 0.0000 0.0000 0.0000 0.0000 0.0000 0.0000 0.0000 0.0000 0.0000 0.0000 0.0000 0.0000 0.0000 0.0000 0.0000 0.0000 0.0000 0.0000 0.0000 0.0000 0.0000 0.0000 0.0000 0.0000 0.0000 0.0000 0.0000 0.0000 0.0000 0.0000 0.0000 0.0000 0.0000 0.0000 0.0000 0.0000 0.0000 0.0000 0.0000 0.0000 0.0000 0.0000 0.0000 0.0000 0.0000 0.0000 0.0000 0.0000 0.0000 0.0000 0.0000 0.0000 0.0000 0.0000 0.0000 0.0000 0.0000 0.0000 0.0000 0.0000 0.0000 0.0000 0.0000 0.0000 0.0000 0.0000 0.0000 0.0000 0.0000 0.0000 0.0000 0.0000 0.0000 0.0000 0.0000 0.0000 0.0000 0.0000 0.0000 0.0000 0.0000 0.0000 0.0000 0.0000 0.0000 0.0000 0.0000 0.0000 0.0000 0.0000 0.0000 0.0000 0.0000 0.0000 0.0000 0.0000 0.0057 0.0058 0.0057 0.0058 0.0058 0.0058 0.0059 0.0000 0.0000 0.0000 0.0000 0.0000 0.0000 0.0000 0.0000 0.0000 0.0000 0.0000 0.0000 0.0000 0.0000 0.0000 0.0000 0.0000 0.0000 0.0000 0.0059 0.0058 0.0058 0.0059 0.0059 0.0058 0.0057 0.0057 0.0059 0.0056 0.0058 0.0060 0.0000 0.0000 0.0000 0.0000 0.0000 0.0000 0.0000 0.0000 0.0000 0.0000 0.0000 0.0000 0.0000 0.0000 0.0059 0.0058 0.0057 0.0060 0.0056 0.0058 0.0060 0.0058 0.0058 0.0059 0.0057 0.0059 0.0057 0.0058 0.0000 0.0000 0.0000 0.0000 0.0000 0.0000 0.0000 0.0000 0.0000 0.0000 0.0000 0.0000 0.0000 0.0057 0.0058 0.0059 0.0060 0.0059 0.0058 0.0058 0.0000 0.0000 0.0056 0.0059 0.0058 0.0058 0.0057 0.0059 0.0059 0.0000 0.0000 0.0000 0.0000 0.0000 0.0000 0.0000 0.0000 0.0000 0.0000 0.0060 0.0059 0.0059 0.0059 0.0060 0.0057 0.0059 0.0000 0.0000 0.0000 0.0000 0.0058 0.0058 0.0060 0.0058 0.0059 0.0060 0.0060 0.0000 0.0000 0.0000 0.0000 0.0000 0.0000 0.0000 0.0000 0.0000 0.0000 0.0056 0.0060 0.0056 0.0060 0.0058 0.0000 0.0000 0.0000 0.0000 0.0059 0.0060 0.0058 0.0058 0.0057 0.0057 0.0000 0.0059 0.0058 0.0000 0.0000 0.0000 0.0000 0.0000 0.0000 0.0000 0.0000 0.0000 0.0000 0.0060 0.0059 0.0059 0.0058 0.0060 0.0058 0.0061 0.0059 0.0056 0.0059 0.0057 0.0058 0.0058 0.0057 0.0058 0.0061 0.0059 0.0000 0.0000 0.0000 0.0000 0.0000 0.0000 0.0000 0.0000 0.0000 0.0000 0.0000 0.0057 0.0058 0.0058 0.0057 0.0000 0.0060 0.0060 0.0058 0.0057 0.0058 0.0059 0.0057 0.0061 0.0060 0.0059 0.0058 0.0000 0.0000 0.0000 0.0000 0.0000 0.0000 0.0000 0.0000 0.0000 0.0000 0.0000 0.0000 0.0000 0.0000 0.0058 0.0058 0.0059 0.0058 0.0059 0.0057 0.0057 0.0058 0.0059 0.0061 0.0057 0.0057 0.0058 0.0000 0.0000 0.0000 0.0000 0.0000 0.0000 0.0000 0.0000 0.0000 0.0000 0.0000 0.0000 0.0000 0.0000 0.0000 0.0000 0.0000 0.0000 0.0000 0.0000 0.0000 0.0057 0.0058 0.0057 0.0057 0.0060 0.0060 0.0000 0.0000 0.0000 0.0000 0.0000 0.0000 0.0000 0.0000 0.0000 0.0000 0.0000 0.0000 0.0000 0.0000 0.0000 0.0000 0.0000 0.0000 0.0000 0.0000 0.0000 0.0058 0.0058 0.0058 0.0060 0.0057 0.0000 0.0000 0.0000 0.0000 0.0000 0.0000 0.0000 0.0000 0.0000 0.0000 0.0000 0.0000 0.0000 0.0000 0.0000 0.0000 0.0000 0.0000 0.0000 0.0000 0.0000 0.0000 0.0058 0.0059 0.0060 0.0059 0.0058 0.0058 0.0000 0.0000 0.0000 0.0000 0.0000 0.0000 0.0000 0.0000 0.0000 0.0000 0.0000 0.0000 0.0000 0.0000 0.0000 0.0000 0.0000 0.0000 0.0000 0.0000 0.0000 0.0060 0.0062 0.0059 0.0057 0.0059 0.0059 0.0000 0.0000 0.0000 0.0000 0.0000 0.0000 0.0000 0.0000 0.0000 0.0000 0.0000 0.0000 0.0000 0.0000 0.0000 0.0000 0.0000 0.0000 0.0000 0.0000 0.0000 0.0000 0.0058 0.0059 0.0058 0.0058 0.0059 0.0000 0.0000 0.0000 0.0000 0.0000 0.0000 0.0000 0.0000 0.0000 0.0000 0.0000 0.0000 0.0000 0.0000 0.0000 0.0000 0.0000 0.0000 0.0000 0.0000 0.0000 0.0000 0.0059 0.0060 0.0062 0.0060 0.0059 0.0000 0.0000 0.0000 0.0000 0.0000 0.0000 0.0000 0.0000 0.0000 0.0000 0.0000 0.0000 0.0000 0.0000 0.0000 0.0000 0.0000 0.0000 0.0000 0.0000 0.0000 0.0000 0.0057 0.0058 0.0059 0.0060 0.0060 0.0060 0.0000 0.0000 0.0000 0.0000 0.0000 0.0000 0.0000 0.0000 0.0000 0.0000 0.0000 0.0000 0.0000 0.0000 0.0000 0.0000 0.0000 0.0000 0.0000 0.0000 0.0000 0.0000 0.0059 0.0000 0.0057 0.0058 0.0060 0.0000 0.0000 0.0000 0.0000 0.0000 0.0000 0.0000 0.0000 0.0000 0.0000 0.0000 0.0000 0.0000 0.0000 0.0000 0.0000 0.0000 0.0000 0.0000 0.0000 0.0000 0.0000 0.0000 0.0059 0.0059 0.0059 0.0060 0.0000 0.0000 0.0000 0.0000 0.0000 0.0000 0.0000 0.0000 0.0000 0.0000 0.0000 0.0000 0.0000 0.0000 0.0000 0.0000 0.0000 0.0000 0.0000 0.0000 0.0000 0.0000 0.0000 0.0000 0.0059 0.0000 0.0059 0.0061 0.0000 0.0000 0.0000 0.0000 0.0000 0.0000 0.0000 0.0000 0.0000 0.0000 0.0000 0.0000 0.0000 0.0000 0.0000 0.0000 0.0000 0.0000 0.0000 0.0000 0.0000 0.0000 0.0000 0.0000 0.0058 0.0000 0.0056 0.0000 0.0000 0.0000 0.0000 0.0000 0.0000 0.0000 0.0000 0.0000 0.0000 0.0000 0.0000 0.0000 0.0000 0.0000 0.0000 0.0000 0.0000 0.0000 0.0000 0.0000 0.0000 0.0000 0.0000 0.0000 0.0000 0.0000 0.0000 0.0000 0.0000 0.0000 0.0000 0.0000 0.0000 0.0000 0.0000 0.0000 0.0000 0.0000 0.0000 0.0000 0.0000 0.0000 0.0000 
### Terminating execution. Total running time: 42.420 sec
Executing command: ./xptools/nushap/nushap.py -ds ../../Datasets_CACM25v2/mnist/sample/shap-sample-10.csv -if ../../Datasets_CACM25v2/mnist/inst/shap-inst-10.csv --error 0.0015 --alpha 0.015 --verb 10
Copyright (C) 2024 Joao Marques-Silva

This program is private and unlicensed. This program may not
be modified. No parts of this program may be redistributed.
For additional restrictions, see the file NOTICES.md.
### Done parsing arguments. Elapsed time: 0.233 sec
### Done parsing dataset & instance. Elapsed time: 0.028 sec
## WCXps:
     | pixel_0_0  pixel_0_1  pixel_0_2  pixel_0_3  pixel_0_4  pixel_0_5  pixel_0_6  pixel_0_7  pixel_0_8  pixel_0_9  …  pixel_27_25  pixel_27_26  pixel_27_27  _RefID_  _TCounts_
    |     bool8      bool8      bool8      bool8      bool8      bool8      bool8      bool8      bool8      bool8           bool8        bool8        bool8    int32      int32
--- + ---------  ---------  ---------  ---------  ---------  ---------  ---------  ---------  ---------  ---------     -----------  -----------  -----------  -------  ---------
  0 |         0          0          0          0          0          0          0          0          0          0  …            0            0            0      578        188
  1 |         0          0          0          0          0          0          0          0          0          0  …            0            0            0     1061        196
  2 |         0          0          0          0          0          0          0          0          0          0  …            0            0            0     1270        196
  3 |         0          0          0          0          0          0          0          0          0          0  …            0            0            0     2274        197
  4 |         0          0          0          0          0          0          0          0          0          0  …            0            0            0      147        199
  5 |         0          0          0          0          0          0          0          0          0          0  …            0            0            0      991        200
  6 |         0          0          0          0          0          0          0          0          0          0  …            0            0            0      275        201
  7 |         0          0          0          0          0          0          0          0          0          0  …            0            0            0      276        201
  8 |         0          0          0          0          0          0          0          0          0          0  …            0            0            0      992        201
  9 |         0          0          0          0          0          0          0          0          0          0  …            0            0            0      845        202
 10 |         0          0          0          0          0          0          0          0          0          0  …            0            0            0      846        202
 11 |         0          0          0          0          0          0          0          0          0          0  …            0            0            0     1204        202
 12 |         0          0          0          0          0          0          0          0          0          0  …            0            0            0     1205        202
 13 |         0          0          0          0          0          0          0          0          0          0  …            0            0            0      694        203
 14 |         0          0          0          0          0          0          0          0          0          0  …            0            0            0      988        203
  … |         …          …          …          …          …          …          …          …          …          …  …            …            …            …        …          …
889 |         0          0          0          0          0          0          0          0          0          0  …            0            0            0       67        291
890 |         0          0          0          0          0          0          0          0          0          0  …            0            0            0      136        291
891 |         0          0          0          0          0          0          0          0          0          0  …            0            0            0      212        291
892 |         0          0          0          0          0          0          0          0          0          0  …            0            0            0     2665        314
893 |         0          0          0          0          0          0          0          0          0          0  …            0            0            0      174        315
[894 rows x 786 columns]

## Reduced WCXps:
     | pixel_0_0  pixel_0_1  pixel_0_2  pixel_0_3  pixel_0_4  pixel_0_5  pixel_0_6  pixel_0_7  pixel_0_8  pixel_0_9  …  pixel_27_25  pixel_27_26  pixel_27_27  _RefID_  _TCounts_
    |     bool8      bool8      bool8      bool8      bool8      bool8      bool8      bool8      bool8      bool8           bool8        bool8        bool8    int32      int32
--- + ---------  ---------  ---------  ---------  ---------  ---------  ---------  ---------  ---------  ---------     -----------  -----------  -----------  -------  ---------
  0 |         0          0          0          0          0          0          0          0          0          0  …            0            0            0      578        188
  1 |         0          0          0          0          0          0          0          0          0          0  …            0            0            0     1061        196
  2 |         0          0          0          0          0          0          0          0          0          0  …            0            0            0     1270        196
  3 |         0          0          0          0          0          0          0          0          0          0  …            0            0            0     2274        197
  4 |         0          0          0          0          0          0          0          0          0          0  …            0            0            0      147        199
  5 |         0          0          0          0          0          0          0          0          0          0  …            0            0            0      991        200
  6 |         0          0          0          0          0          0          0          0          0          0  …            0            0            0      992        201
  7 |         0          0          0          0          0          0          0          0          0          0  …            0            0            0      275        201
  8 |         0          0          0          0          0          0          0          0          0          0  …            0            0            0      845        202
  9 |         0          0          0          0          0          0          0          0          0          0  …            0            0            0     1204        202
 10 |         0          0          0          0          0          0          0          0          0          0  …            0            0            0     1909        203
 11 |         0          0          0          0          0          0          0          0          0          0  …            0            0            0     1090        203
 12 |         0          0          0          0          0          0          0          0          0          0  …            0            0            0     1256        203
 13 |         0          0          0          0          0          0          0          0          0          0  …            0            0            0      988        203
 14 |         0          0          0          0          0          0          0          0          0          0  …            0            0            0      694        203
  … |         …          …          …          …          …          …          …          …          …          …  …            …            …            …        …          …
728 |         0          0          0          0          0          0          0          0          0          0  …            0            0            0      391        290
729 |         0          0          0          0          0          0          0          0          0          0  …            0            0            0       67        291
730 |         0          0          0          0          0          0          0          0          0          0  …            0            0            0      212        291
731 |         0          0          0          0          0          0          0          0          0          0  …            0            0            0     2665        314
732 |         0          0          0          0          0          0          0          0          0          0  …            0            0            0      174        315
[733 rows x 786 columns]

WCXp matrix density: 30.068%
CXp matrix density: 30.051%
### Done setting up AXp/CXp info. Elapsed time: 1.064 sec
### mval: 523255
### Svs: 0.0000 0.0000 0.0000 0.0000 0.0000 0.0000 0.0000 0.0000 0.0000 0.0000 0.0000 0.0000 0.0000 0.0000 0.0000 0.0000 0.0000 0.0000 0.0000 0.0000 0.0000 0.0000 0.0000 0.0000 0.0000 0.0000 0.0000 0.0000 0.0000 0.0000 0.0000 0.0000 0.0000 0.0000 0.0000 0.0000 0.0000 0.0000 0.0000 0.0000 0.0000 0.0000 0.0000 0.0000 0.0000 0.0000 0.0000 0.0000 0.0000 0.0000 0.0000 0.0000 0.0000 0.0000 0.0000 0.0000 0.0000 0.0000 0.0000 0.0000 0.0000 0.0000 0.0000 0.0000 0.0000 0.0000 0.0000 0.0000 0.0000 0.0000 0.0000 0.0000 0.0000 0.0000 0.0000 0.0000 0.0000 0.0000 0.0000 0.0000 0.0000 0.0000 0.0000 0.0000 0.0000 0.0000 0.0000 0.0000 0.0000 0.0000 0.0000 0.0000 0.0000 0.0000 0.0000 0.0000 0.0000 0.0000 0.0000 0.0000 0.0000 0.0000 0.0000 0.0000 0.0000 0.0000 0.0000 0.0000 0.0000 0.0000 0.0000 0.0000 0.0000 0.0000 0.0000 0.0000 0.0000 0.0000 0.0000 0.0000 0.0000 0.0000 0.0000 0.0058 0.0061 0.0059 0.0060 0.0061 0.0060 0.0061 0.0060 0.0000 0.0000 0.0000 0.0000 0.0000 0.0000 0.0000 0.0000 0.0000 0.0000 0.0000 0.0000 0.0000 0.0000 0.0000 0.0000 0.0000 0.0000 0.0059 0.0058 0.0059 0.0059 0.0057 0.0059 0.0060 0.0060 0.0060 0.0059 0.0061 0.0060 0.0000 0.0000 0.0000 0.0000 0.0000 0.0000 0.0000 0.0000 0.0000 0.0000 0.0000 0.0000 0.0000 0.0000 0.0000 0.0000 0.0062 0.0058 0.0060 0.0061 0.0061 0.0061 0.0058 0.0060 0.0059 0.0059 0.0060 0.0061 0.0059 0.0000 0.0000 0.0000 0.0000 0.0000 0.0000 0.0000 0.0000 0.0000 0.0000 0.0000 0.0000 0.0000 0.0000 0.0060 0.0059 0.0061 0.0060 0.0060 0.0059 0.0060 0.0000 0.0000 0.0062 0.0060 0.0059 0.0000 0.0059 0.0059 0.0000 0.0000 0.0000 0.0000 0.0000 0.0000 0.0000 0.0000 0.0000 0.0000 0.0000 0.0000 0.0000 0.0062 0.0059 0.0061 0.0058 0.0000 0.0000 0.0000 0.0000 0.0000 0.0000 0.0000 0.0060 0.0057 0.0058 0.0060 0.0000 0.0000 0.0000 0.0000 0.0000 0.0000 0.0000 0.0000 0.0000 0.0000 0.0000 0.0000 0.0000 0.0060 0.0059 0.0059 0.0000 0.0000 0.0000 0.0000 0.0000 0.0000 0.0000 0.0000 0.0000 0.0060 0.0060 0.0060 0.0000 0.0000 0.0000 0.0000 0.0000 0.0000 0.0000 0.0000 0.0000 0.0000 0.0000 0.0000 0.0000 0.0060 0.0058 0.0058 0.0000 0.0000 0.0000 0.0000 0.0000 0.0000 0.0000 0.0000 0.0000 0.0059 0.0060 0.0059 0.0000 0.0000 0.0000 0.0000 0.0000 0.0000 0.0000 0.0000 0.0000 0.0000 0.0000 0.0000 0.0061 0.0060 0.0060 0.0059 0.0000 0.0000 0.0000 0.0000 0.0000 0.0000 0.0000 0.0000 0.0000 0.0061 0.0061 0.0059 0.0000 0.0000 0.0000 0.0000 0.0000 0.0000 0.0000 0.0000 0.0000 0.0000 0.0000 0.0000 0.0059 0.0058 0.0060 0.0000 0.0000 0.0000 0.0000 0.0000 0.0000 0.0000 0.0000 0.0000 0.0000 0.0058 0.0061 0.0061 0.0000 0.0000 0.0000 0.0000 0.0000 0.0000 0.0000 0.0000 0.0000 0.0000 0.0000 0.0000 0.0059 0.0060 0.0060 0.0000 0.0000 0.0000 0.0000 0.0000 0.0000 0.0000 0.0000 0.0000 0.0000 0.0059 0.0058 0.0060 0.0000 0.0000 0.0000 0.0000 0.0000 0.0000 0.0000 0.0000 0.0000 0.0000 0.0000 0.0000 0.0060 0.0059 0.0000 0.0000 0.0000 0.0000 0.0000 0.0000 0.0000 0.0000 0.0000 0.0000 0.0000 0.0059 0.0059 0.0059 0.0000 0.0000 0.0000 0.0000 0.0000 0.0000 0.0000 0.0000 0.0000 0.0000 0.0000 0.0060 0.0060 0.0060 0.0000 0.0000 0.0000 0.0000 0.0000 0.0000 0.0000 0.0000 0.0000 0.0000 0.0000 0.0058 0.0058 0.0057 0.0000 0.0000 0.0000 0.0000 0.0000 0.0000 0.0000 0.0000 0.0000 0.0000 0.0000 0.0061 0.0058 0.0059 0.0000 0.0000 0.0000 0.0000 0.0000 0.0000 0.0000 0.0000 0.0000 0.0000 0.0000 0.0059 0.0061 0.0060 0.0000 0.0000 0.0000 0.0000 0.0000 0.0000 0.0000 0.0000 0.0000 0.0000 0.0000 0.0060 0.0060 0.0060 0.0000 0.0000 0.0000 0.0000 0.0000 0.0000 0.0000 0.0000 0.0000 0.0000 0.0059 0.0060 0.0061 0.0060 0.0000 0.0000 0.0000 0.0000 0.0000 0.0000 0.0000 0.0000 0.0000 0.0000 0.0000 0.0060 0.0060 0.0060 0.0000 0.0000 0.0000 0.0000 0.0000 0.0000 0.0000 0.0000 0.0000 0.0057 0.0058 0.0060 0.0059 0.0060 0.0000 0.0000 0.0000 0.0000 0.0000 0.0000 0.0000 0.0000 0.0000 0.0000 0.0000 0.0058 0.0059 0.0058 0.0000 0.0000 0.0000 0.0000 0.0000 0.0000 0.0000 0.0000 0.0058 0.0059 0.0060 0.0059 0.0060 0.0000 0.0000 0.0000 0.0000 0.0000 0.0000 0.0000 0.0000 0.0000 0.0000 0.0000 0.0000 0.0000 0.0058 0.0061 0.0058 0.0000 0.0000 0.0000 0.0000 0.0000 0.0060 0.0059 0.0060 0.0059 0.0061 0.0060 0.0000 0.0000 0.0000 0.0000 0.0000 0.0000 0.0000 0.0000 0.0000 0.0000 0.0000 0.0000 0.0000 0.0000 0.0059 0.0060 0.0059 0.0059 0.0060 0.0061 0.0058 0.0060 0.0059 0.0058 0.0059 0.0059 0.0059 0.0061 0.0000 0.0000 0.0000 0.0000 0.0000 0.0000 0.0000 0.0000 0.0000 0.0000 0.0000 0.0000 0.0000 0.0000 0.0060 0.0062 0.0060 0.0059 0.0060 0.0060 0.0059 0.0059 0.0060 0.0061 0.0057 0.0061 0.0000 0.0000 0.0000 0.0000 0.0000 0.0000 0.0000 0.0000 0.0000 0.0000 0.0000 0.0000 0.0000 0.0000 0.0000 0.0000 0.0000 0.0060 0.0060 0.0059 0.0058 0.0058 0.0057 0.0060 0.0060 0.0061 0.0000 0.0000 0.0000 0.0000 0.0000 0.0000 0.0000 0.0000 0.0000 0.0000 0.0000 0.0000 0.0000 0.0000 0.0000 0.0000 0.0000 0.0000 0.0000 0.0000 0.0000 0.0000 0.0000 0.0000 0.0000 0.0000 0.0000 0.0000 0.0000 0.0000 0.0000 0.0000 0.0000 0.0000 0.0000 0.0000 0.0000 0.0000 0.0000 0.0000 0.0000 0.0000 0.0000 0.0000 0.0000 0.0000 0.0000 0.0000 0.0000 0.0000 0.0000 0.0000 0.0000 0.0000 0.0000 0.0000 0.0000 0.0000 0.0000 0.0000 0.0000 0.0000 0.0000 0.0000 0.0000 0.0000 0.0000 0.0000 0.0000 0.0000 0.0000 0.0000 0.0000 0.0000 0.0000 0.0000 0.0000 0.0000 0.0000 0.0000 0.0000 0.0000 0.0000 0.0000 0.0000 0.0000 0.0000 0.0000 0.0000 0.0000 0.0000 0.0000 0.0000 0.0000 0.0000 0.0000 0.0000 0.0000 0.0000 0.0000 0.0000 0.0000 0.0000 0.0000 0.0000 0.0000 0.0000 0.0000 0.0000 0.0000 0.0000 0.0000 0.0000 0.0000 0.0000 0.0000 0.0000 0.0000 0.0000 0.0000 0.0000 0.0000 0.0000 
### Terminating execution. Total running time: 31.665 sec
Executing command: ./xptools/nushap/nushap.py -ds ../../Datasets_CACM25v2/mnist/sample/shap-sample-11.csv -if ../../Datasets_CACM25v2/mnist/inst/shap-inst-11.csv --error 0.0015 --alpha 0.015 --verb 10
Copyright (C) 2024 Joao Marques-Silva

This program is private and unlicensed. This program may not
be modified. No parts of this program may be redistributed.
For additional restrictions, see the file NOTICES.md.
### Done parsing arguments. Elapsed time: 0.223 sec
### Done parsing dataset & instance. Elapsed time: 0.028 sec
## WCXps:
      | pixel_0_0  pixel_0_1  pixel_0_2  pixel_0_3  pixel_0_4  pixel_0_5  pixel_0_6  pixel_0_7  pixel_0_8  pixel_0_9  …  pixel_27_25  pixel_27_26  pixel_27_27  _RefID_  _TCounts_
     |     bool8      bool8      bool8      bool8      bool8      bool8      bool8      bool8      bool8      bool8           bool8        bool8        bool8    int32      int32
---- + ---------  ---------  ---------  ---------  ---------  ---------  ---------  ---------  ---------  ---------     -----------  -----------  -----------  -------  ---------
   0 |         0          0          0          0          0          0          0          0          0          0  …            0            0            0     1697        171
   1 |         0          0          0          0          0          0          0          0          0          0  …            0            0            0     1915        172
   2 |         0          0          0          0          0          0          0          0          0          0  …            0            0            0     2287        172
   3 |         0          0          0          0          0          0          0          0          0          0  …            0            0            0     2384        172
   4 |         0          0          0          0          0          0          0          0          0          0  …            0            0            0     2385        172
   5 |         0          0          0          0          0          0          0          0          0          0  …            0            0            0     2445        172
   6 |         0          0          0          0          0          0          0          0          0          0  …            0            0            0     2485        172
   7 |         0          0          0          0          0          0          0          0          0          0  …            0            0            0     1910        173
   8 |         0          0          0          0          0          0          0          0          0          0  …            0            0            0     2149        173
   9 |         0          0          0          0          0          0          0          0          0          0  …            0            0            0     2288        173
  10 |         0          0          0          0          0          0          0          0          0          0  …            0            0            0     2440        173
  11 |         0          0          0          0          0          0          0          0          0          0  …            0            0            0     2452        173
  12 |         0          0          0          0          0          0          0          0          0          0  …            0            0            0     1886        174
  13 |         0          0          0          0          0          0          0          0          0          0  …            0            0            0     1003        175
  14 |         0          0          0          0          0          0          0          0          0          0  …            0            0            0     1887        175
   … |         …          …          …          …          …          …          …          …          …          …  …            …            …            …        …          …
1800 |         0          0          0          0          0          0          0          0          0          0  …            0            0            0      464        295
1801 |         0          0          0          0          0          0          0          0          0          0  …            0            0            0      168        303
1802 |         0          0          0          0          0          0          0          0          0          0  …            0            0            0      169        303
1803 |         0          0          0          0          0          0          0          0          0          0  …            0            0            0      129        319
1804 |         0          0          0          0          0          0          0          0          0          0  …            0            0            0      130        320
[1805 rows x 786 columns]

## Reduced WCXps:
      | pixel_0_0  pixel_0_1  pixel_0_2  pixel_0_3  pixel_0_4  pixel_0_5  pixel_0_6  pixel_0_7  pixel_0_8  pixel_0_9  …  pixel_27_25  pixel_27_26  pixel_27_27  _RefID_  _TCounts_
     |     bool8      bool8      bool8      bool8      bool8      bool8      bool8      bool8      bool8      bool8           bool8        bool8        bool8    int32      int32
---- + ---------  ---------  ---------  ---------  ---------  ---------  ---------  ---------  ---------  ---------     -----------  -----------  -----------  -------  ---------
   0 |         0          0          0          0          0          0          0          0          0          0  …            0            0            0     1697        171
   1 |         0          0          0          0          0          0          0          0          0          0  …            0            0            0     2287        172
   2 |         0          0          0          0          0          0          0          0          0          0  …            0            0            0     2445        172
   3 |         0          0          0          0          0          0          0          0          0          0  …            0            0            0     2384        172
   4 |         0          0          0          0          0          0          0          0          0          0  …            0            0            0     2485        172
   5 |         0          0          0          0          0          0          0          0          0          0  …            0            0            0     1915        172
   6 |         0          0          0          0          0          0          0          0          0          0  …            0            0            0     2440        173
   7 |         0          0          0          0          0          0          0          0          0          0  …            0            0            0     2452        173
   8 |         0          0          0          0          0          0          0          0          0          0  …            0            0            0     2149        173
   9 |         0          0          0          0          0          0          0          0          0          0  …            0            0            0     1910        173
  10 |         0          0          0          0          0          0          0          0          0          0  …            0            0            0     2288        173
  11 |         0          0          0          0          0          0          0          0          0          0  …            0            0            0     1886        174
  12 |         0          0          0          0          0          0          0          0          0          0  …            0            0            0     2477        175
  13 |         0          0          0          0          0          0          0          0          0          0  …            0            0            0     2318        175
  14 |         0          0          0          0          0          0          0          0          0          0  …            0            0            0     2472        175
   … |         …          …          …          …          …          …          …          …          …          …  …            …            …            …        …          …
1469 |         0          0          0          0          0          0          0          0          0          0  …            0            0            0      624        293
1470 |         0          0          0          0          0          0          0          0          0          0  …            0            0            0      464        295
1471 |         0          0          0          0          0          0          0          0          0          0  …            0            0            0      168        303
1472 |         0          0          0          0          0          0          0          0          0          0  …            0            0            0      129        319
1473 |         0          0          0          0          0          0          0          0          0          0  …            0            0            0      130        320
[1474 rows x 786 columns]

WCXp matrix density: 27.712%
CXp matrix density: 25.829%
### Done setting up AXp/CXp info. Elapsed time: 0.645 sec
### mval: 523255
### Svs: 0.0000 0.0000 0.0000 0.0000 0.0000 0.0000 0.0000 0.0000 0.0000 0.0000 0.0000 0.0000 0.0000 0.0000 0.0000 0.0000 0.0000 0.0000 0.0000 0.0000 0.0000 0.0000 0.0000 0.0000 0.0000 0.0000 0.0000 0.0000 0.0000 0.0000 0.0000 0.0000 0.0000 0.0000 0.0000 0.0000 0.0000 0.0000 0.0000 0.0000 0.0000 0.0000 0.0000 0.0000 0.0000 0.0000 0.0000 0.0000 0.0000 0.0000 0.0000 0.0000 0.0000 0.0000 0.0000 0.0000 0.0000 0.0000 0.0000 0.0000 0.0000 0.0000 0.0000 0.0000 0.0000 0.0000 0.0000 0.0000 0.0000 0.0000 0.0000 0.0000 0.0000 0.0000 0.0000 0.0000 0.0000 0.0000 0.0000 0.0000 0.0000 0.0000 0.0000 0.0000 0.0000 0.0000 0.0000 0.0000 0.0000 0.0000 0.0000 0.0000 0.0000 0.0000 0.0059 0.0059 0.0060 0.0059 0.0000 0.0000 0.0000 0.0000 0.0000 0.0000 0.0000 0.0000 0.0000 0.0000 0.0000 0.0000 0.0000 0.0000 0.0000 0.0000 0.0000 0.0000 0.0000 0.0000 0.0000 0.0000 0.0000 0.0059 0.0059 0.0059 0.0059 0.0060 0.0000 0.0000 0.0000 0.0000 0.0000 0.0000 0.0000 0.0000 0.0000 0.0000 0.0000 0.0000 0.0000 0.0000 0.0000 0.0000 0.0000 0.0000 0.0000 0.0000 0.0000 0.0000 0.0000 0.0059 0.0058 0.0059 0.0060 0.0000 0.0000 0.0000 0.0000 0.0000 0.0000 0.0000 0.0000 0.0000 0.0000 0.0000 0.0000 0.0000 0.0000 0.0000 0.0000 0.0000 0.0000 0.0000 0.0000 0.0000 0.0000 0.0000 0.0000 0.0060 0.0058 0.0057 0.0000 0.0000 0.0000 0.0000 0.0000 0.0000 0.0000 0.0000 0.0000 0.0000 0.0000 0.0000 0.0000 0.0000 0.0000 0.0000 0.0000 0.0000 0.0000 0.0000 0.0000 0.0000 0.0000 0.0000 0.0000 0.0058 0.0059 0.0058 0.0000 0.0000 0.0000 0.0000 0.0000 0.0000 0.0000 0.0000 0.0000 0.0000 0.0000 0.0000 0.0000 0.0000 0.0000 0.0000 0.0000 0.0000 0.0000 0.0000 0.0000 0.0000 0.0000 0.0000 0.0059 0.0059 0.0056 0.0000 0.0000 0.0000 0.0000 0.0000 0.0000 0.0000 0.0000 0.0000 0.0000 0.0000 0.0000 0.0000 0.0000 0.0000 0.0000 0.0000 0.0000 0.0000 0.0000 0.0000 0.0000 0.0000 0.0000 0.0000 0.0059 0.0059 0.0058 0.0000 0.0000 0.0000 0.0000 0.0000 0.0000 0.0000 0.0057 0.0058 0.0059 0.0058 0.0000 0.0000 0.0000 0.0000 0.0000 0.0000 0.0000 0.0000 0.0000 0.0000 0.0000 0.0000 0.0000 0.0000 0.0058 0.0059 0.0059 0.0000 0.0000 0.0000 0.0000 0.0000 0.0059 0.0060 0.0059 0.0058 0.0058 0.0059 0.0059 0.0000 0.0000 0.0000 0.0000 0.0000 0.0000 0.0000 0.0000 0.0000 0.0000 0.0000 0.0000 0.0059 0.0059 0.0060 0.0000 0.0000 0.0000 0.0060 0.0059 0.0059 0.0060 0.0000 0.0058 0.0060 0.0059 0.0000 0.0058 0.0057 0.0000 0.0000 0.0000 0.0000 0.0000 0.0000 0.0000 0.0000 0.0000 0.0000 0.0000 0.0060 0.0059 0.0059 0.0000 0.0000 0.0060 0.0059 0.0060 0.0058 0.0058 0.0059 0.0058 0.0000 0.0000 0.0058 0.0059 0.0059 0.0000 0.0000 0.0000 0.0000 0.0000 0.0000 0.0000 0.0000 0.0000 0.0000 0.0000 0.0060 0.0060 0.0060 0.0000 0.0000 0.0059 0.0058 0.0058 0.0061 0.0059 0.0000 0.0000 0.0000 0.0000 0.0058 0.0058 0.0057 0.0000 0.0000 0.0000 0.0000 0.0000 0.0000 0.0000 0.0000 0.0000 0.0000 0.0000 0.0058 0.0059 0.0060 0.0000 0.0058 0.0060 0.0058 0.0058 0.0057 0.0000 0.0000 0.0000 0.0000 0.0000 0.0059 0.0059 0.0060 0.0000 0.0000 0.0000 0.0000 0.0000 0.0000 0.0000 0.0000 0.0000 0.0000 0.0000 0.0060 0.0057 0.0059 0.0000 0.0059 0.0057 0.0059 0.0000 0.0000 0.0000 0.0000 0.0000 0.0000 0.0000 0.0060 0.0060 0.0000 0.0000 0.0000 0.0000 0.0000 0.0000 0.0000 0.0000 0.0000 0.0000 0.0000 0.0000 0.0060 0.0057 0.0058 0.0000 0.0057 0.0059 0.0056 0.0000 0.0000 0.0000 0.0000 0.0000 0.0000 0.0058 0.0060 0.0059 0.0000 0.0000 0.0000 0.0000 0.0000 0.0000 0.0000 0.0000 0.0000 0.0000 0.0000 0.0000 0.0056 0.0059 0.0058 0.0000 0.0059 0.0060 0.0059 0.0058 0.0059 0.0000 0.0000 0.0000 0.0000 0.0059 0.0057 0.0056 0.0000 0.0000 0.0000 0.0000 0.0000 0.0000 0.0000 0.0000 0.0000 0.0000 0.0000 0.0059 0.0060 0.0057 0.0060 0.0000 0.0000 0.0057 0.0060 0.0060 0.0060 0.0058 0.0000 0.0059 0.0058 0.0059 0.0060 0.0000 0.0000 0.0000 0.0000 0.0000 0.0000 0.0000 0.0000 0.0000 0.0000 0.0000 0.0000 0.0000 0.0059 0.0057 0.0058 0.0061 0.0000 0.0000 0.0000 0.0061 0.0060 0.0058 0.0060 0.0060 0.0061 0.0058 0.0000 0.0000 0.0000 0.0000 0.0000 0.0000 0.0000 0.0000 0.0000 0.0000 0.0000 0.0000 0.0000 0.0000 0.0061 0.0058 0.0058 0.0060 0.0057 0.0058 0.0060 0.0059 0.0060 0.0058 0.0057 0.0061 0.0059 0.0000 0.0000 0.0000 0.0000 0.0000 0.0000 0.0000 0.0000 0.0000 0.0000 0.0000 0.0000 0.0000 0.0000 0.0000 0.0000 0.0060 0.0058 0.0059 0.0060 0.0057 0.0059 0.0058 0.0059 0.0057 0.0060 0.0059 0.0000 0.0000 0.0000 0.0000 0.0000 0.0000 0.0000 0.0000 0.0000 0.0000 0.0000 0.0000 0.0000 0.0000 0.0000 0.0000 0.0000 0.0000 0.0060 0.0059 0.0058 0.0059 0.0059 0.0059 0.0057 0.0059 0.0000 0.0000 0.0000 0.0000 0.0000 0.0000 0.0000 0.0000 0.0000 0.0000 0.0000 0.0000 0.0000 0.0000 0.0000 0.0000 0.0000 0.0000 0.0000 0.0000 0.0000 0.0000 0.0000 0.0000 0.0000 0.0000 0.0000 0.0000 0.0000 0.0000 0.0000 0.0000 0.0000 0.0000 0.0000 0.0000 0.0000 0.0000 0.0000 0.0000 0.0000 0.0000 0.0000 0.0000 0.0000 0.0000 0.0000 0.0000 0.0000 0.0000 0.0000 0.0000 0.0000 0.0000 0.0000 0.0000 0.0000 0.0000 0.0000 0.0000 0.0000 0.0000 0.0000 0.0000 0.0000 0.0000 0.0000 0.0000 0.0000 0.0000 0.0000 0.0000 0.0000 0.0000 0.0000 0.0000 0.0000 0.0000 0.0000 0.0000 0.0000 0.0000 0.0000 0.0000 0.0000 0.0000 0.0000 0.0000 0.0000 0.0000 0.0000 0.0000 0.0000 0.0000 0.0000 0.0000 0.0000 0.0000 0.0000 0.0000 0.0000 0.0000 0.0000 0.0000 0.0000 0.0000 0.0000 0.0000 0.0000 0.0000 0.0000 0.0000 0.0000 0.0000 0.0000 0.0000 0.0000 0.0000 0.0000 0.0000 0.0000 0.0000 0.0000 0.0000 0.0000 0.0000 0.0000 0.0000 0.0000 0.0000 0.0000 0.0000 0.0000 0.0000 0.0000 0.0000 0.0000 0.0000 0.0000 0.0000 0.0000 0.0000 0.0000 0.0000 0.0000 0.0000 0.0000 0.0000 0.0000 0.0000 0.0000 
### Terminating execution. Total running time: 30.980 sec
Executing command: ./xptools/nushap/nushap.py -ds ../../Datasets_CACM25v2/mnist/sample/shap-sample-12.csv -if ../../Datasets_CACM25v2/mnist/inst/shap-inst-12.csv --error 0.0015 --alpha 0.015 --verb 10
Copyright (C) 2024 Joao Marques-Silva

This program is private and unlicensed. This program may not
be modified. No parts of this program may be redistributed.
For additional restrictions, see the file NOTICES.md.
### Done parsing arguments. Elapsed time: 0.294 sec
### Done parsing dataset & instance. Elapsed time: 0.027 sec
## WCXps:
      | pixel_0_0  pixel_0_1  pixel_0_2  pixel_0_3  pixel_0_4  pixel_0_5  pixel_0_6  pixel_0_7  pixel_0_8  pixel_0_9  …  pixel_27_25  pixel_27_26  pixel_27_27  _RefID_  _TCounts_
     |     bool8      bool8      bool8      bool8      bool8      bool8      bool8      bool8      bool8      bool8           bool8        bool8        bool8    int32      int32
---- + ---------  ---------  ---------  ---------  ---------  ---------  ---------  ---------  ---------  ---------     -----------  -----------  -----------  -------  ---------
   0 |         0          0          0          0          0          0          0          0          0          0  …            0            0            0       59        141
   1 |         0          0          0          0          0          0          0          0          0          0  …            0            0            0      473        143
   2 |         0          0          0          0          0          0          0          0          0          0  …            0            0            0      141        144
   3 |         0          0          0          0          0          0          0          0          0          0  …            0            0            0      464        145
   4 |         0          0          0          0          0          0          0          0          0          0  …            0            0            0      517        146
   5 |         0          0          0          0          0          0          0          0          0          0  …            0            0            0      405        147
   6 |         0          0          0          0          0          0          0          0          0          0  …            0            0            0      465        147
   7 |         0          0          0          0          0          0          0          0          0          0  …            0            0            0      466        147
   8 |         0          0          0          0          0          0          0          0          0          0  …            0            0            0       85        149
   9 |         0          0          0          0          0          0          0          0          0          0  …            0            0            0     1126        149
  10 |         0          0          0          0          0          0          0          0          0          0  …            0            0            0     1207        149
  11 |         0          0          0          0          0          0          0          0          0          0  …            0            0            0      491        150
  12 |         0          0          0          0          0          0          0          0          0          0  …            0            0            0     1360        150
  13 |         0          0          0          0          0          0          0          0          0          0  …            0            0            0      492        151
  14 |         0          0          0          0          0          0          0          0          0          0  …            0            0            0     1001        151
   … |         …          …          …          …          …          …          …          …          …          …  …            …            …            …        …          …
1275 |         0          0          0          0          0          0          0          0          0          0  …            0            0            0     2146        288
1276 |         0          0          0          0          0          0          0          0          0          0  …            0            0            0     2193        289
1277 |         0          0          0          0          0          0          0          0          0          0  …            0            0            0     2000        298
1278 |         0          0          0          0          0          0          0          0          0          0  …            0            0            0     2001        299
1279 |         0          0          0          0          0          0          0          0          0          0  …            0            0            0     2209        319
[1280 rows x 786 columns]

## Reduced WCXps:
      | pixel_0_0  pixel_0_1  pixel_0_2  pixel_0_3  pixel_0_4  pixel_0_5  pixel_0_6  pixel_0_7  pixel_0_8  pixel_0_9  …  pixel_27_25  pixel_27_26  pixel_27_27  _RefID_  _TCounts_
     |     bool8      bool8      bool8      bool8      bool8      bool8      bool8      bool8      bool8      bool8           bool8        bool8        bool8    int32      int32
---- + ---------  ---------  ---------  ---------  ---------  ---------  ---------  ---------  ---------  ---------     -----------  -----------  -----------  -------  ---------
   0 |         0          0          0          0          0          0          0          0          0          0  …            0            0            0       59        141
   1 |         0          0          0          0          0          0          0          0          0          0  …            0            0            0      473        143
   2 |         0          0          0          0          0          0          0          0          0          0  …            0            0            0      141        144
   3 |         0          0          0          0          0          0          0          0          0          0  …            0            0            0      464        145
   4 |         0          0          0          0          0          0          0          0          0          0  …            0            0            0      517        146
   5 |         0          0          0          0          0          0          0          0          0          0  …            0            0            0      405        147
   6 |         0          0          0          0          0          0          0          0          0          0  …            0            0            0      465        147
   7 |         0          0          0          0          0          0          0          0          0          0  …            0            0            0       85        149
   8 |         0          0          0          0          0          0          0          0          0          0  …            0            0            0     1126        149
   9 |         0          0          0          0          0          0          0          0          0          0  …            0            0            0     1207        149
  10 |         0          0          0          0          0          0          0          0          0          0  …            0            0            0      491        150
  11 |         0          0          0          0          0          0          0          0          0          0  …            0            0            0     1360        150
  12 |         0          0          0          0          0          0          0          0          0          0  …            0            0            0      492        151
  13 |         0          0          0          0          0          0          0          0          0          0  …            0            0            0     1001        151
  14 |         0          0          0          0          0          0          0          0          0          0  …            0            0            0     1055        151
   … |         …          …          …          …          …          …          …          …          …          …  …            …            …            …        …          …
1073 |         0          0          0          0          0          0          0          0          0          0  …            0            0            0     2146        288
1074 |         0          0          0          0          0          0          0          0          0          0  …            0            0            0     2193        289
1075 |         0          0          0          0          0          0          0          0          0          0  …            0            0            0     2000        298
1076 |         0          0          0          0          0          0          0          0          0          0  …            0            0            0     2001        299
1077 |         0          0          0          0          0          0          0          0          0          0  …            0            0            0     2209        319
[1078 rows x 786 columns]

WCXp matrix density: 24.741%
CXp matrix density: 24.632%
### Done setting up AXp/CXp info. Elapsed time: 0.811 sec
### mval: 523255
### Svs: 0.0000 0.0000 0.0000 0.0000 0.0000 0.0000 0.0000 0.0000 0.0000 0.0000 0.0000 0.0000 0.0000 0.0000 0.0000 0.0000 0.0000 0.0000 0.0000 0.0000 0.0000 0.0000 0.0000 0.0000 0.0000 0.0000 0.0000 0.0000 0.0000 0.0000 0.0000 0.0000 0.0000 0.0000 0.0000 0.0000 0.0000 0.0000 0.0000 0.0000 0.0000 0.0000 0.0000 0.0000 0.0000 0.0000 0.0000 0.0000 0.0000 0.0000 0.0000 0.0000 0.0000 0.0000 0.0000 0.0000 0.0000 0.0000 0.0000 0.0000 0.0000 0.0000 0.0000 0.0000 0.0000 0.0000 0.0000 0.0000 0.0000 0.0000 0.0000 0.0000 0.0000 0.0000 0.0000 0.0000 0.0000 0.0000 0.0000 0.0000 0.0000 0.0000 0.0000 0.0000 0.0000 0.0000 0.0000 0.0000 0.0000 0.0000 0.0000 0.0000 0.0000 0.0000 0.0000 0.0000 0.0000 0.0000 0.0000 0.0000 0.0000 0.0000 0.0000 0.0000 0.0000 0.0000 0.0000 0.0000 0.0000 0.0000 0.0000 0.0000 0.0000 0.0000 0.0000 0.0000 0.0000 0.0000 0.0000 0.0000 0.0000 0.0000 0.0000 0.0000 0.0000 0.0000 0.0000 0.0000 0.0000 0.0000 0.0000 0.0000 0.0000 0.0000 0.0000 0.0000 0.0000 0.0000 0.0000 0.0000 0.0000 0.0000 0.0000 0.0000 0.0000 0.0000 0.0000 0.0000 0.0000 0.0000 0.0000 0.0000 0.0000 0.0000 0.0000 0.0000 0.0000 0.0000 0.0000 0.0000 0.0000 0.0000 0.0000 0.0000 0.0000 0.0000 0.0000 0.0000 0.0000 0.0000 0.0000 0.0000 0.0000 0.0000 0.0000 0.0000 0.0000 0.0000 0.0000 0.0000 0.0000 0.0000 0.0000 0.0000 0.0000 0.0000 0.0000 0.0000 0.0000 0.0000 0.0000 0.0000 0.0000 0.0000 0.0000 0.0000 0.0000 0.0000 0.0000 0.0000 0.0000 0.0000 0.0000 0.0000 0.0000 0.0000 0.0000 0.0000 0.0072 0.0072 0.0074 0.0000 0.0073 0.0075 0.0074 0.0074 0.0071 0.0073 0.0000 0.0000 0.0000 0.0000 0.0000 0.0000 0.0000 0.0000 0.0000 0.0000 0.0000 0.0000 0.0000 0.0000 0.0000 0.0000 0.0074 0.0073 0.0075 0.0073 0.0075 0.0074 0.0074 0.0073 0.0075 0.0074 0.0077 0.0074 0.0000 0.0000 0.0000 0.0000 0.0000 0.0000 0.0000 0.0000 0.0000 0.0000 0.0000 0.0000 0.0000 0.0000 0.0000 0.0000 0.0073 0.0073 0.0075 0.0075 0.0073 0.0076 0.0075 0.0076 0.0075 0.0074 0.0075 0.0074 0.0000 0.0000 0.0000 0.0000 0.0000 0.0000 0.0000 0.0000 0.0000 0.0000 0.0000 0.0000 0.0000 0.0000 0.0000 0.0073 0.0075 0.0075 0.0075 0.0075 0.0000 0.0000 0.0000 0.0074 0.0074 0.0076 0.0075 0.0000 0.0000 0.0000 0.0000 0.0000 0.0000 0.0000 0.0000 0.0000 0.0000 0.0000 0.0000 0.0000 0.0000 0.0000 0.0000 0.0072 0.0074 0.0075 0.0075 0.0000 0.0000 0.0000 0.0000 0.0074 0.0075 0.0072 0.0071 0.0000 0.0000 0.0000 0.0000 0.0000 0.0000 0.0000 0.0000 0.0000 0.0000 0.0000 0.0000 0.0000 0.0000 0.0000 0.0073 0.0072 0.0075 0.0076 0.0000 0.0000 0.0000 0.0000 0.0073 0.0074 0.0074 0.0072 0.0000 0.0000 0.0000 0.0000 0.0000 0.0000 0.0000 0.0000 0.0000 0.0000 0.0000 0.0000 0.0000 0.0000 0.0000 0.0000 0.0075 0.0073 0.0073 0.0000 0.0000 0.0000 0.0000 0.0074 0.0073 0.0072 0.0075 0.0073 0.0000 0.0000 0.0000 0.0000 0.0000 0.0000 0.0000 0.0000 0.0000 0.0000 0.0000 0.0000 0.0000 0.0000 0.0000 0.0000 0.0075 0.0074 0.0075 0.0000 0.0000 0.0000 0.0072 0.0074 0.0075 0.0077 0.0075 0.0075 0.0000 0.0000 0.0000 0.0000 0.0000 0.0000 0.0000 0.0000 0.0000 0.0000 0.0000 0.0000 0.0000 0.0000 0.0000 0.0000 0.0074 0.0074 0.0074 0.0076 0.0074 0.0075 0.0075 0.0074 0.0073 0.0074 0.0074 0.0000 0.0000 0.0000 0.0000 0.0000 0.0000 0.0000 0.0000 0.0000 0.0000 0.0000 0.0000 0.0000 0.0000 0.0000 0.0000 0.0000 0.0075 0.0074 0.0074 0.0074 0.0075 0.0073 0.0076 0.0075 0.0074 0.0073 0.0073 0.0000 0.0000 0.0000 0.0000 0.0000 0.0000 0.0000 0.0000 0.0000 0.0000 0.0000 0.0000 0.0000 0.0000 0.0000 0.0000 0.0000 0.0000 0.0000 0.0075 0.0074 0.0072 0.0071 0.0000 0.0074 0.0074 0.0071 0.0074 0.0000 0.0000 0.0000 0.0000 0.0000 0.0000 0.0000 0.0000 0.0000 0.0000 0.0000 0.0000 0.0000 0.0000 0.0000 0.0000 0.0000 0.0000 0.0000 0.0000 0.0000 0.0000 0.0000 0.0000 0.0074 0.0073 0.0075 0.0000 0.0000 0.0000 0.0000 0.0000 0.0000 0.0000 0.0000 0.0000 0.0000 0.0000 0.0000 0.0000 0.0000 0.0000 0.0000 0.0000 0.0000 0.0000 0.0000 0.0000 0.0000 0.0000 0.0000 0.0074 0.0074 0.0073 0.0074 0.0000 0.0000 0.0000 0.0000 0.0000 0.0000 0.0000 0.0000 0.0000 0.0000 0.0000 0.0000 0.0000 0.0000 0.0000 0.0000 0.0000 0.0000 0.0000 0.0000 0.0000 0.0000 0.0000 0.0000 0.0072 0.0075 0.0076 0.0000 0.0000 0.0000 0.0000 0.0000 0.0000 0.0000 0.0000 0.0000 0.0000 0.0000 0.0000 0.0000 0.0000 0.0000 0.0000 0.0000 0.0000 0.0000 0.0000 0.0000 0.0000 0.0000 0.0000 0.0075 0.0074 0.0073 0.0075 0.0000 0.0000 0.0000 0.0000 0.0000 0.0000 0.0000 0.0000 0.0000 0.0000 0.0000 0.0000 0.0000 0.0000 0.0000 0.0000 0.0000 0.0000 0.0000 0.0000 0.0000 0.0000 0.0000 0.0000 0.0075 0.0076 0.0075 0.0076 0.0000 0.0000 0.0000 0.0000 0.0000 0.0000 0.0000 0.0000 0.0000 0.0000 0.0000 0.0000 0.0000 0.0000 0.0000 0.0000 0.0000 0.0000 0.0000 0.0000 0.0000 0.0000 0.0000 0.0000 0.0074 0.0075 0.0072 0.0000 0.0000 0.0000 0.0000 0.0000 0.0000 0.0000 0.0000 0.0000 0.0000 0.0000 0.0000 0.0000 0.0000 0.0000 0.0000 0.0000 0.0000 0.0000 0.0000 0.0000 0.0000 0.0000 0.0000 0.0000 0.0074 0.0075 0.0073 0.0000 0.0000 0.0000 0.0000 0.0000 0.0000 0.0000 0.0000 0.0000 0.0000 0.0000 0.0000 0.0000 0.0000 0.0000 0.0000 0.0000 0.0000 0.0000 0.0000 0.0000 0.0000 0.0000 0.0000 0.0000 0.0073 0.0074 0.0075 0.0000 0.0000 0.0000 0.0000 0.0000 0.0000 0.0000 0.0000 0.0000 0.0000 0.0000 0.0000 0.0000 0.0000 0.0000 0.0000 0.0000 0.0000 0.0000 0.0000 0.0000 0.0000 0.0000 0.0000 0.0000 0.0074 0.0074 0.0074 0.0000 0.0000 0.0000 0.0000 0.0000 0.0000 0.0000 0.0000 0.0000 0.0000 0.0000 0.0000 0.0000 0.0000 0.0000 0.0000 0.0000 0.0000 0.0000 0.0000 0.0000 0.0000 0.0000 0.0000 0.0000 0.0000 0.0000 0.0000 0.0000 0.0000 0.0000 0.0000 0.0000 0.0000 0.0000 0.0000 0.0000 0.0000 0.0000 0.0000 
### Terminating execution. Total running time: 47.115 sec
Executing command: ./xptools/nushap/nushap.py -ds ../../Datasets_CACM25v2/mnist/sample/shap-sample-13.csv -if ../../Datasets_CACM25v2/mnist/inst/shap-inst-13.csv --error 0.0015 --alpha 0.015 --verb 10
Copyright (C) 2024 Joao Marques-Silva

This program is private and unlicensed. This program may not
be modified. No parts of this program may be redistributed.
For additional restrictions, see the file NOTICES.md.
### Done parsing arguments. Elapsed time: 0.300 sec
### Done parsing dataset & instance. Elapsed time: 0.028 sec
## WCXps:
      | pixel_0_0  pixel_0_1  pixel_0_2  pixel_0_3  pixel_0_4  pixel_0_5  pixel_0_6  pixel_0_7  pixel_0_8  pixel_0_9  …  pixel_27_25  pixel_27_26  pixel_27_27  _RefID_  _TCounts_
     |     bool8      bool8      bool8      bool8      bool8      bool8      bool8      bool8      bool8      bool8           bool8        bool8        bool8    int32      int32
---- + ---------  ---------  ---------  ---------  ---------  ---------  ---------  ---------  ---------  ---------     -----------  -----------  -----------  -------  ---------
   0 |         0          0          0          0          0          0          0          0          0          0  …            0            0            0      312        190
   1 |         0          0          0          0          0          0          0          0          0          0  …            0            0            0     2232        191
   2 |         0          0          0          0          0          0          0          0          0          0  …            0            0            0     2233        191
   3 |         0          0          0          0          0          0          0          0          0          0  …            0            0            0      891        193
   4 |         0          0          0          0          0          0          0          0          0          0  …            0            0            0      506        194
   5 |         0          0          0          0          0          0          0          0          0          0  …            0            0            0      541        194
   6 |         0          0          0          0          0          0          0          0          0          0  …            0            0            0      713        194
   7 |         0          0          0          0          0          0          0          0          0          0  …            0            0            0      765        194
   8 |         0          0          0          0          0          0          0          0          0          0  …            0            0            0     1466        194
   9 |         0          0          0          0          0          0          0          0          0          0  …            0            0            0      203        196
  10 |         0          0          0          0          0          0          0          0          0          0  …            0            0            0      204        196
  11 |         0          0          0          0          0          0          0          0          0          0  …            0            0            0      207        196
  12 |         0          0          0          0          0          0          0          0          0          0  …            0            0            0      434        196
  13 |         0          0          0          0          0          0          0          0          0          0  …            0            0            0      172        197
  14 |         0          0          0          0          0          0          0          0          0          0  …            0            0            0      173        197
   … |         …          …          …          …          …          …          …          …          …          …  …            …            …            …        …          …
1010 |         0          0          0          0          0          0          0          0          0          0  …            0            0            0     1925        302
1011 |         0          0          0          0          0          0          0          0          0          0  …            0            0            0     1926        302
1012 |         0          0          0          0          0          0          0          0          0          0  …            0            0            0     2402        304
1013 |         0          0          0          0          0          0          0          0          0          0  …            0            0            0     2584        305
1014 |         0          0          0          0          0          0          0          0          0          0  …            0            0            0     2585        306
[1015 rows x 786 columns]

## Reduced WCXps:
     | pixel_0_0  pixel_0_1  pixel_0_2  pixel_0_3  pixel_0_4  pixel_0_5  pixel_0_6  pixel_0_7  pixel_0_8  pixel_0_9  …  pixel_27_25  pixel_27_26  pixel_27_27  _RefID_  _TCounts_
    |     bool8      bool8      bool8      bool8      bool8      bool8      bool8      bool8      bool8      bool8           bool8        bool8        bool8    int32      int32
--- + ---------  ---------  ---------  ---------  ---------  ---------  ---------  ---------  ---------  ---------     -----------  -----------  -----------  -------  ---------
  0 |         0          0          0          0          0          0          0          0          0          0  …            0            0            0      312        190
  1 |         0          0          0          0          0          0          0          0          0          0  …            0            0            0     2232        191
  2 |         0          0          0          0          0          0          0          0          0          0  …            0            0            0      891        193
  3 |         0          0          0          0          0          0          0          0          0          0  …            0            0            0      506        194
  4 |         0          0          0          0          0          0          0          0          0          0  …            0            0            0      765        194
  5 |         0          0          0          0          0          0          0          0          0          0  …            0            0            0      541        194
  6 |         0          0          0          0          0          0          0          0          0          0  …            0            0            0     1466        194
  7 |         0          0          0          0          0          0          0          0          0          0  …            0            0            0      713        194
  8 |         0          0          0          0          0          0          0          0          0          0  …            0            0            0      203        196
  9 |         0          0          0          0          0          0          0          0          0          0  …            0            0            0      207        196
 10 |         0          0          0          0          0          0          0          0          0          0  …            0            0            0      434        196
 11 |         0          0          0          0          0          0          0          0          0          0  …            0            0            0      262        197
 12 |         0          0          0          0          0          0          0          0          0          0  …            0            0            0      172        197
 13 |         0          0          0          0          0          0          0          0          0          0  …            0            0            0      665        197
 14 |         0          0          0          0          0          0          0          0          0          0  …            0            0            0     2245        197
  … |         …          …          …          …          …          …          …          …          …          …  …            …            …            …        …          …
825 |         0          0          0          0          0          0          0          0          0          0  …            0            0            0     2415        296
826 |         0          0          0          0          0          0          0          0          0          0  …            0            0            0     1925        302
827 |         0          0          0          0          0          0          0          0          0          0  …            0            0            0     2402        304
828 |         0          0          0          0          0          0          0          0          0          0  …            0            0            0     2584        305
829 |         0          0          0          0          0          0          0          0          0          0  …            0            0            0     2585        306
[830 rows x 786 columns]

WCXp matrix density: 29.049%
CXp matrix density: 29.043%
### Done setting up AXp/CXp info. Elapsed time: 1.055 sec
### mval: 523255
### Svs: 0.0000 0.0000 0.0000 0.0000 0.0000 0.0000 0.0000 0.0000 0.0000 0.0000 0.0000 0.0000 0.0000 0.0000 0.0000 0.0000 0.0000 0.0000 0.0000 0.0000 0.0000 0.0000 0.0000 0.0000 0.0000 0.0000 0.0000 0.0000 0.0000 0.0000 0.0000 0.0000 0.0000 0.0000 0.0000 0.0000 0.0000 0.0000 0.0000 0.0000 0.0000 0.0000 0.0000 0.0000 0.0000 0.0000 0.0000 0.0000 0.0000 0.0000 0.0000 0.0000 0.0000 0.0000 0.0000 0.0000 0.0000 0.0000 0.0000 0.0000 0.0000 0.0000 0.0000 0.0000 0.0000 0.0000 0.0000 0.0000 0.0000 0.0000 0.0000 0.0000 0.0000 0.0000 0.0000 0.0000 0.0000 0.0000 0.0000 0.0000 0.0000 0.0000 0.0000 0.0000 0.0000 0.0000 0.0000 0.0000 0.0000 0.0000 0.0000 0.0000 0.0000 0.0000 0.0000 0.0000 0.0000 0.0000 0.0000 0.0000 0.0000 0.0000 0.0000 0.0000 0.0000 0.0000 0.0000 0.0000 0.0000 0.0000 0.0000 0.0000 0.0000 0.0000 0.0000 0.0000 0.0000 0.0000 0.0000 0.0000 0.0000 0.0000 0.0000 0.0000 0.0000 0.0000 0.0000 0.0000 0.0000 0.0000 0.0000 0.0000 0.0000 0.0000 0.0000 0.0000 0.0000 0.0000 0.0000 0.0000 0.0000 0.0000 0.0000 0.0000 0.0000 0.0000 0.0000 0.0000 0.0000 0.0000 0.0000 0.0000 0.0060 0.0060 0.0062 0.0000 0.0060 0.0062 0.0059 0.0061 0.0000 0.0000 0.0000 0.0000 0.0000 0.0000 0.0000 0.0000 0.0000 0.0000 0.0000 0.0000 0.0000 0.0000 0.0000 0.0000 0.0000 0.0000 0.0061 0.0061 0.0062 0.0060 0.0060 0.0059 0.0061 0.0061 0.0062 0.0061 0.0000 0.0000 0.0000 0.0000 0.0000 0.0000 0.0000 0.0000 0.0000 0.0000 0.0000 0.0000 0.0000 0.0000 0.0000 0.0000 0.0000 0.0000 0.0061 0.0061 0.0061 0.0061 0.0061 0.0061 0.0063 0.0062 0.0062 0.0060 0.0000 0.0000 0.0000 0.0000 0.0000 0.0000 0.0000 0.0000 0.0000 0.0000 0.0000 0.0000 0.0000 0.0000 0.0000 0.0000 0.0000 0.0061 0.0061 0.0061 0.0059 0.0061 0.0063 0.0061 0.0062 0.0061 0.0061 0.0061 0.0000 0.0000 0.0000 0.0000 0.0000 0.0000 0.0000 0.0000 0.0000 0.0000 0.0000 0.0000 0.0000 0.0000 0.0000 0.0000 0.0062 0.0060 0.0061 0.0060 0.0063 0.0060 0.0062 0.0000 0.0060 0.0058 0.0059 0.0061 0.0062 0.0000 0.0000 0.0000 0.0000 0.0000 0.0000 0.0000 0.0000 0.0000 0.0000 0.0000 0.0000 0.0000 0.0000 0.0000 0.0061 0.0058 0.0000 0.0061 0.0063 0.0000 0.0000 0.0000 0.0000 0.0000 0.0063 0.0061 0.0000 0.0064 0.0000 0.0000 0.0000 0.0000 0.0000 0.0000 0.0000 0.0000 0.0000 0.0000 0.0000 0.0000 0.0000 0.0000 0.0060 0.0065 0.0060 0.0062 0.0000 0.0000 0.0000 0.0000 0.0000 0.0000 0.0000 0.0062 0.0061 0.0062 0.0000 0.0000 0.0000 0.0000 0.0000 0.0000 0.0000 0.0000 0.0000 0.0000 0.0000 0.0000 0.0000 0.0059 0.0061 0.0060 0.0063 0.0063 0.0000 0.0000 0.0000 0.0000 0.0000 0.0000 0.0000 0.0061 0.0059 0.0060 0.0000 0.0000 0.0000 0.0000 0.0000 0.0000 0.0000 0.0000 0.0000 0.0000 0.0000 0.0000 0.0000 0.0062 0.0059 0.0062 0.0062 0.0058 0.0000 0.0000 0.0000 0.0000 0.0000 0.0000 0.0000 0.0061 0.0059 0.0061 0.0062 0.0000 0.0000 0.0000 0.0000 0.0000 0.0000 0.0000 0.0000 0.0000 0.0000 0.0000 0.0000 0.0061 0.0063 0.0060 0.0062 0.0000 0.0000 0.0000 0.0000 0.0000 0.0000 0.0000 0.0000 0.0061 0.0061 0.0064 0.0063 0.0000 0.0000 0.0000 0.0000 0.0000 0.0000 0.0000 0.0000 0.0000 0.0000 0.0000 0.0000 0.0060 0.0062 0.0060 0.0000 0.0000 0.0000 0.0000 0.0000 0.0000 0.0000 0.0000 0.0000 0.0061 0.0000 0.0060 0.0059 0.0000 0.0000 0.0000 0.0000 0.0000 0.0000 0.0000 0.0000 0.0000 0.0000 0.0000 0.0000 0.0062 0.0060 0.0061 0.0000 0.0000 0.0000 0.0000 0.0000 0.0000 0.0000 0.0000 0.0000 0.0060 0.0061 0.0061 0.0061 0.0000 0.0000 0.0000 0.0000 0.0000 0.0000 0.0000 0.0000 0.0000 0.0000 0.0000 0.0000 0.0062 0.0061 0.0061 0.0000 0.0000 0.0000 0.0000 0.0000 0.0000 0.0000 0.0000 0.0000 0.0059 0.0063 0.0062 0.0061 0.0000 0.0000 0.0000 0.0000 0.0000 0.0000 0.0000 0.0000 0.0000 0.0000 0.0000 0.0000 0.0062 0.0062 0.0061 0.0000 0.0000 0.0000 0.0000 0.0000 0.0000 0.0000 0.0000 0.0000 0.0060 0.0061 0.0062 0.0000 0.0000 0.0000 0.0000 0.0000 0.0000 0.0000 0.0000 0.0000 0.0000 0.0000 0.0000 0.0000 0.0062 0.0060 0.0061 0.0060 0.0000 0.0000 0.0000 0.0000 0.0000 0.0000 0.0000 0.0000 0.0059 0.0063 0.0059 0.0000 0.0000 0.0000 0.0000 0.0000 0.0000 0.0000 0.0000 0.0000 0.0000 0.0000 0.0000 0.0000 0.0000 0.0062 0.0062 0.0062 0.0061 0.0000 0.0000 0.0000 0.0000 0.0000 0.0000 0.0060 0.0060 0.0062 0.0000 0.0000 0.0000 0.0000 0.0000 0.0000 0.0000 0.0000 0.0000 0.0000 0.0000 0.0000 0.0000 0.0000 0.0000 0.0060 0.0061 0.0059 0.0061 0.0000 0.0000 0.0000 0.0000 0.0000 0.0060 0.0062 0.0060 0.0063 0.0000 0.0000 0.0000 0.0000 0.0000 0.0000 0.0000 0.0000 0.0000 0.0000 0.0000 0.0000 0.0000 0.0000 0.0000 0.0000 0.0061 0.0060 0.0060 0.0061 0.0000 0.0000 0.0061 0.0060 0.0060 0.0062 0.0059 0.0000 0.0000 0.0000 0.0000 0.0000 0.0000 0.0000 0.0000 0.0000 0.0000 0.0000 0.0000 0.0000 0.0000 0.0000 0.0000 0.0000 0.0000 0.0058 0.0060 0.0060 0.0060 0.0063 0.0062 0.0063 0.0061 0.0060 0.0063 0.0000 0.0000 0.0000 0.0000 0.0000 0.0000 0.0000 0.0000 0.0000 0.0000 0.0000 0.0000 0.0000 0.0000 0.0000 0.0000 0.0000 0.0000 0.0000 0.0061 0.0059 0.0061 0.0061 0.0058 0.0060 0.0062 0.0058 0.0000 0.0000 0.0000 0.0000 0.0000 0.0000 0.0000 0.0000 0.0000 0.0000 0.0000 0.0000 0.0000 0.0000 0.0000 0.0000 0.0000 0.0000 0.0000 0.0000 0.0000 0.0000 0.0000 0.0000 0.0000 0.0000 0.0000 0.0000 0.0000 0.0000 0.0000 0.0000 0.0000 0.0000 0.0000 0.0000 0.0000 0.0000 0.0000 0.0000 0.0000 0.0000 0.0000 0.0000 0.0000 0.0000 0.0000 0.0000 0.0000 0.0000 0.0000 0.0000 0.0000 0.0000 0.0000 0.0000 0.0000 0.0000 0.0000 0.0000 0.0000 0.0000 0.0000 0.0000 0.0000 0.0000 0.0000 0.0000 0.0000 0.0000 0.0000 0.0000 0.0000 0.0000 0.0000 0.0000 0.0000 0.0000 0.0000 0.0000 0.0000 0.0000 0.0000 0.0000 0.0000 0.0000 0.0000 0.0000 0.0000 0.0000 0.0000 0.0000 0.0000 
### Terminating execution. Total running time: 35.409 sec
Executing command: ./xptools/nushap/nushap.py -ds ../../Datasets_CACM25v2/mnist/sample/shap-sample-14.csv -if ../../Datasets_CACM25v2/mnist/inst/shap-inst-14.csv --error 0.0015 --alpha 0.015 --verb 10
Copyright (C) 2024 Joao Marques-Silva

This program is private and unlicensed. This program may not
be modified. No parts of this program may be redistributed.
For additional restrictions, see the file NOTICES.md.
### Done parsing arguments. Elapsed time: 0.320 sec
### Done parsing dataset & instance. Elapsed time: 0.026 sec
## WCXps:
      | pixel_0_0  pixel_0_1  pixel_0_2  pixel_0_3  pixel_0_4  pixel_0_5  pixel_0_6  pixel_0_7  pixel_0_8  pixel_0_9  …  pixel_27_25  pixel_27_26  pixel_27_27  _RefID_  _TCounts_
     |     bool8      bool8      bool8      bool8      bool8      bool8      bool8      bool8      bool8      bool8           bool8        bool8        bool8    int32      int32
---- + ---------  ---------  ---------  ---------  ---------  ---------  ---------  ---------  ---------  ---------     -----------  -----------  -----------  -------  ---------
   0 |         0          0          0          0          0          0          0          0          0          0  …            0            0            0     2203         63
   1 |         0          0          0          0          0          0          0          0          0          0  …            0            0            0     1493         64
   2 |         0          0          0          0          0          0          0          0          0          0  …            0            0            0     2472         67
   3 |         0          0          0          0          0          0          0          0          0          0  …            0            0            0     2473         68
   4 |         0          0          0          0          0          0          0          0          0          0  …            0            0            0     1255         71
   5 |         0          0          0          0          0          0          0          0          0          0  …            0            0            0     1254         72
   6 |         0          0          0          0          0          0          0          0          0          0  …            0            0            0     1512         73
   7 |         0          0          0          0          0          0          0          0          0          0  …            0            0            0     1920         73
   8 |         0          0          0          0          0          0          0          0          0          0  …            0            0            0     1921         73
   9 |         0          0          0          0          0          0          0          0          0          0  …            0            0            0     2508         74
  10 |         0          0          0          0          0          0          0          0          0          0  …            0            0            0     1049         75
  11 |         0          0          0          0          0          0          0          0          0          0  …            0            0            0     1644         75
  12 |         0          0          0          0          0          0          0          0          0          0  …            0            0            0     1958         75
  13 |         0          0          0          0          0          0          0          0          0          0  …            0            0            0      773         76
  14 |         0          0          0          0          0          0          0          0          0          0  …            0            0            0      978         76
   … |         …          …          …          …          …          …          …          …          …          …  …            …            …            …        …          …
1253 |         0          0          0          0          0          0          0          0          0          0  …            0            0            0     2131        255
1254 |         0          0          0          0          0          0          0          0          0          0  …            0            0            0     2132        256
1255 |         0          0          0          0          0          0          0          0          0          0  …            0            0            0      373        258
1256 |         0          0          0          0          0          0          0          0          0          0  …            0            0            0      607        267
1257 |         0          0          0          0          0          0          0          0          0          0  …            0            0            0      608        268
[1258 rows x 786 columns]

## Reduced WCXps:
      | pixel_0_0  pixel_0_1  pixel_0_2  pixel_0_3  pixel_0_4  pixel_0_5  pixel_0_6  pixel_0_7  pixel_0_8  pixel_0_9  …  pixel_27_25  pixel_27_26  pixel_27_27  _RefID_  _TCounts_
     |     bool8      bool8      bool8      bool8      bool8      bool8      bool8      bool8      bool8      bool8           bool8        bool8        bool8    int32      int32
---- + ---------  ---------  ---------  ---------  ---------  ---------  ---------  ---------  ---------  ---------     -----------  -----------  -----------  -------  ---------
   0 |         0          0          0          0          0          0          0          0          0          0  …            0            0            0     2203         63
   1 |         0          0          0          0          0          0          0          0          0          0  …            0            0            0     1493         64
   2 |         0          0          0          0          0          0          0          0          0          0  …            0            0            0     2472         67
   3 |         0          0          0          0          0          0          0          0          0          0  …            0            0            0     2473         68
   4 |         0          0          0          0          0          0          0          0          0          0  …            0            0            0     1255         71
   5 |         0          0          0          0          0          0          0          0          0          0  …            0            0            0     1254         72
   6 |         0          0          0          0          0          0          0          0          0          0  …            0            0            0     1512         73
   7 |         0          0          0          0          0          0          0          0          0          0  …            0            0            0     1920         73
   8 |         0          0          0          0          0          0          0          0          0          0  …            0            0            0     2508         74
   9 |         0          0          0          0          0          0          0          0          0          0  …            0            0            0     1644         75
  10 |         0          0          0          0          0          0          0          0          0          0  …            0            0            0     1958         75
  11 |         0          0          0          0          0          0          0          0          0          0  …            0            0            0     1049         75
  12 |         0          0          0          0          0          0          0          0          0          0  …            0            0            0      773         76
  13 |         0          0          0          0          0          0          0          0          0          0  …            0            0            0     1180         76
  14 |         0          0          0          0          0          0          0          0          0          0  …            0            0            0      978         76
   … |         …          …          …          …          …          …          …          …          …          …  …            …            …            …        …          …
1219 |         0          0          0          0          0          0          0          0          0          0  …            0            0            0     2131        255
1220 |         0          0          0          0          0          0          0          0          0          0  …            0            0            0     2132        256
1221 |         0          0          0          0          0          0          0          0          0          0  …            0            0            0      373        258
1222 |         0          0          0          0          0          0          0          0          0          0  …            0            0            0      607        267
1223 |         0          0          0          0          0          0          0          0          0          0  …            0            0            0      608        268
[1224 rows x 786 columns]

WCXp matrix density: 18.127%
CXp matrix density: 18.093%
### Done setting up AXp/CXp info. Elapsed time: 0.872 sec
### mval: 523255
### Svs: 0.0000 0.0000 0.0000 0.0000 0.0000 0.0000 0.0000 0.0000 0.0000 0.0000 0.0000 0.0000 0.0000 0.0000 0.0000 0.0000 0.0000 0.0000 0.0000 0.0000 0.0000 0.0000 0.0000 0.0000 0.0000 0.0000 0.0000 0.0000 0.0000 0.0000 0.0000 0.0000 0.0000 0.0000 0.0000 0.0000 0.0000 0.0000 0.0000 0.0000 0.0000 0.0000 0.0000 0.0000 0.0000 0.0000 0.0000 0.0000 0.0000 0.0000 0.0000 0.0000 0.0000 0.0000 0.0000 0.0000 0.0000 0.0000 0.0000 0.0000 0.0000 0.0000 0.0000 0.0000 0.0000 0.0000 0.0000 0.0000 0.0000 0.0001 0.0000 0.0000 0.0002 0.0000 0.0000 0.0000 0.0000 0.0000 0.0000 0.0000 0.0000 0.0000 0.0000 0.0000 0.0000 0.0000 0.0000 0.0000 0.0000 0.0000 0.0000 0.0000 0.0000 0.0000 0.0000 0.0002 0.0000 0.0002 0.0001 0.0002 0.0001 0.0001 0.0001 0.0000 0.0000 0.0000 0.0000 0.0000 0.0000 0.0000 0.0000 0.0000 0.0000 0.0000 0.0000 0.0000 0.0000 0.0000 0.0000 0.0000 0.0002 0.0000 0.0001 0.0001 0.0001 0.0354 0.0015 0.0353 0.0002 0.0004 0.0001 0.0001 0.0001 0.0000 0.0000 0.0000 0.0000 0.0000 0.0000 0.0000 0.0000 0.0000 0.0000 0.0000 0.0000 0.0000 0.0000 0.0001 0.0001 0.0003 0.0002 0.0003 0.0003 0.0350 0.0010 0.0013 0.0351 0.0005 0.0002 0.0001 0.0001 0.0001 0.0001 0.0000 0.0000 0.0000 0.0000 0.0000 0.0000 0.0000 0.0000 0.0000 0.0000 0.0000 0.0001 0.0001 0.0003 0.0002 0.0003 0.0004 0.0005 0.0012 0.0011 0.0013 0.0357 0.0004 0.0005 0.0004 0.0002 0.0001 0.0001 0.0000 0.0000 0.0000 0.0000 0.0000 0.0000 0.0000 0.0000 0.0000 0.0000 0.0001 0.0001 0.0002 0.0002 0.0004 0.0007 0.0006 0.0007 0.0011 0.0013 0.0015 0.0006 0.0006 0.0005 0.0005 0.0004 0.0002 0.0002 0.0001 0.0000 0.0000 0.0000 0.0000 0.0000 0.0000 0.0000 0.0000 0.0001 0.0001 0.0002 0.0005 0.0006 0.0005 0.0012 0.0008 0.0008 0.0011 0.0010 0.0012 0.0008 0.0004 0.0006 0.0004 0.0004 0.0003 0.0001 0.0001 0.0000 0.0000 0.0000 0.0000 0.0000 0.0000 0.0001 0.0000 0.0000 0.0001 0.0003 0.0003 0.0009 0.0008 0.0008 0.0008 0.0006 0.0351 0.0016 0.0015 0.0350 0.0005 0.0004 0.0009 0.0006 0.0003 0.0002 0.0001 0.0000 0.0000 0.0000 0.0000 0.0000 0.0000 0.0001 0.0000 0.0002 0.0002 0.0002 0.0003 0.0009 0.0012 0.0011 0.0008 0.0009 0.0008 0.0012 0.0012 0.0350 0.0005 0.0008 0.0010 0.0004 0.0005 0.0001 0.0001 0.0000 0.0000 0.0000 0.0000 0.0000 0.0000 0.0000 0.0000 0.0002 0.0001 0.0004 0.0003 0.0006 0.0007 0.0009 0.0005 0.0006 0.0010 0.0011 0.0015 0.0353 0.0005 0.0007 0.0008 0.0003 0.0003 0.0001 0.0001 0.0000 0.0000 0.0000 0.0000 0.0000 0.0000 0.0000 0.0000 0.0000 0.0001 0.0002 0.0003 0.0005 0.0008 0.0006 0.0007 0.0003 0.0008 0.0017 0.0010 0.0358 0.0009 0.0007 0.0006 0.0005 0.0006 0.0004 0.0001 0.0000 0.0000 0.0000 0.0000 0.0000 0.0000 0.0000 0.0000 0.0000 0.0001 0.0002 0.0005 0.0006 0.0005 0.0004 0.0005 0.0003 0.0014 0.0010 0.0014 0.0354 0.0007 0.0008 0.0007 0.0005 0.0003 0.0002 0.0001 0.0001 0.0000 0.0000 0.0000 0.0000 0.0000 0.0000 0.0000 0.0000 0.0003 0.0004 0.0002 0.0005 0.0006 0.0007 0.0005 0.0006 0.0008 0.0017 0.0017 0.0008 0.0009 0.0009 0.0011 0.0007 0.0006 0.0002 0.0001 0.0001 0.0000 0.0000 0.0000 0.0000 0.0000 0.0000 0.0000 0.0001 0.0000 0.0003 0.0007 0.0005 0.0003 0.0004 0.0003 0.0003 0.0011 0.0013 0.0009 0.0012 0.0009 0.0012 0.0005 0.0006 0.0006 0.0003 0.0003 0.0000 0.0000 0.0000 0.0000 0.0000 0.0000 0.0000 0.0000 0.0000 0.0001 0.0002 0.0003 0.0002 0.0004 0.0004 0.0002 0.0003 0.0011 0.0010 0.0015 0.0006 0.0007 0.0009 0.0007 0.0007 0.0005 0.0002 0.0001 0.0001 0.0000 0.0000 0.0000 0.0000 0.0000 0.0000 0.0000 0.0000 0.0001 0.0002 0.0003 0.0005 0.0002 0.0003 0.0002 0.0002 0.0013 0.0012 0.0011 0.0007 0.0012 0.0009 0.0007 0.0004 0.0006 0.0002 0.0001 0.0000 0.0000 0.0000 0.0000 0.0000 0.0000 0.0000 0.0000 0.0000 0.0002 0.0001 0.0003 0.0004 0.0006 0.0003 0.0004 0.0003 0.0355 0.0015 0.0010 0.0350 0.0009 0.0012 0.0006 0.0009 0.0003 0.0002 0.0000 0.0001 0.0000 0.0000 0.0000 0.0000 0.0000 0.0000 0.0000 0.0000 0.0001 0.0002 0.0003 0.0003 0.0006 0.0003 0.0003 0.0004 0.0351 0.0010 0.0011 0.0353 0.0004 0.0005 0.0008 0.0008 0.0002 0.0001 0.0001 0.0000 0.0000 0.0000 0.0000 0.0000 0.0000 0.0000 0.0000 0.0000 0.0001 0.0003 0.0005 0.0005 0.0004 0.0005 0.0003 0.0353 0.0008 0.0009 0.0009 0.0357 0.0007 0.0011 0.0006 0.0004 0.0001 0.0001 0.0000 0.0000 0.0000 0.0000 0.0000 0.0000 0.0000 0.0000 0.0000 0.0001 0.0001 0.0003 0.0002 0.0004 0.0003 0.0006 0.0005 0.0354 0.0010 0.0013 0.0011 0.0353 0.0006 0.0004 0.0003 0.0002 0.0002 0.0000 0.0000 0.0000 0.0000 0.0000 0.0000 0.0000 0.0000 0.0000 0.0000 0.0001 0.0000 0.0001 0.0002 0.0002 0.0003 0.0004 0.0351 0.0012 0.0016 0.0011 0.0355 0.0006 0.0004 0.0004 0.0002 0.0003 0.0000 0.0000 0.0000 0.0000 0.0000 0.0000 0.0000 0.0000 0.0000 0.0000 0.0000 0.0000 0.0000 0.0000 0.0001 0.0001 0.0002 0.0005 0.0352 0.0016 0.0351 0.0006 0.0003 0.0003 0.0003 0.0001 0.0001 0.0000 0.0000 0.0000 0.0000 0.0000 0.0000 0.0000 0.0000 0.0000 0.0000 0.0000 0.0000 0.0000 0.0000 0.0001 0.0000 0.0001 0.0001 0.0002 0.0003 0.0004 0.0003 0.0004 0.0001 0.0001 0.0001 0.0001 0.0000 0.0000 0.0001 0.0000 0.0000 0.0000 0.0000 0.0000 0.0000 0.0000 0.0000 0.0000 0.0000 0.0000 0.0000 0.0000 0.0000 0.0000 0.0001 0.0001 0.0003 0.0002 0.0002 0.0003 0.0002 0.0000 0.0000 0.0000 0.0000 0.0000 0.0000 0.0000 0.0000 0.0000 0.0000 0.0000 0.0000 0.0000 0.0000 0.0000 0.0000 0.0000 0.0000 0.0000 0.0000 0.0000 0.0000 0.0001 0.0001 0.0001 0.0002 0.0001 0.0000 0.0000 0.0000 0.0000 0.0000 0.0000 0.0000 0.0000 0.0000 0.0000 0.0000 0.0000 0.0000 0.0000 0.0000 0.0000 0.0000 0.0000 0.0000 0.0000 0.0000 0.0000 0.0000 0.0000 0.0000 0.0000 0.0000 0.0000 0.0000 0.0000 0.0000 0.0000 0.0000 0.0000 0.0000 0.0000 0.0000 0.0000 0.0000 0.0000 0.0000 
### Terminating execution. Total running time: 68.856 sec
Executing command: ./xptools/nushap/nushap.py -ds ../../Datasets_CACM25v2/mnist/sample/shap-sample-15.csv -if ../../Datasets_CACM25v2/mnist/inst/shap-inst-15.csv --error 0.0015 --alpha 0.015 --verb 10
Copyright (C) 2024 Joao Marques-Silva

This program is private and unlicensed. This program may not
be modified. No parts of this program may be redistributed.
For additional restrictions, see the file NOTICES.md.
### Done parsing arguments. Elapsed time: 0.309 sec
### Done parsing dataset & instance. Elapsed time: 0.027 sec
## WCXps:
      | pixel_0_0  pixel_0_1  pixel_0_2  pixel_0_3  pixel_0_4  pixel_0_5  pixel_0_6  pixel_0_7  pixel_0_8  pixel_0_9  …  pixel_27_25  pixel_27_26  pixel_27_27  _RefID_  _TCounts_
     |     bool8      bool8      bool8      bool8      bool8      bool8      bool8      bool8      bool8      bool8           bool8        bool8        bool8    int32      int32
---- + ---------  ---------  ---------  ---------  ---------  ---------  ---------  ---------  ---------  ---------     -----------  -----------  -----------  -------  ---------
   0 |         0          0          0          0          0          0          0          0          0          0  …            0            0            0     1552        149
   1 |         0          0          0          0          0          0          0          0          0          0  …            0            0            0     1553        150
   2 |         0          0          0          0          0          0          0          0          0          0  …            0            0            0     2202        150
   3 |         0          0          0          0          0          0          0          0          0          0  …            0            0            0      979        152
   4 |         0          0          0          0          0          0          0          0          0          0  …            0            0            0     1889        153
   5 |         0          0          0          0          0          0          0          0          0          0  …            0            0            0     1890        153
   6 |         0          0          0          0          0          0          0          0          0          0  …            0            0            0     1143        154
   7 |         0          0          0          0          0          0          0          0          0          0  …            0            0            0     1547        154
   8 |         0          0          0          0          0          0          0          0          0          0  …            0            0            0     1946        154
   9 |         0          0          0          0          0          0          0          0          0          0  …            0            0            0      614        155
  10 |         0          0          0          0          0          0          0          0          0          0  …            0            0            0     1594        155
  11 |         0          0          0          0          0          0          0          0          0          0  …            0            0            0     1295        157
  12 |         0          0          0          0          0          0          0          0          0          0  …            0            0            0     2197        157
  13 |         0          0          0          0          0          0          0          0          0          0  …            0            0            0     2154        158
  14 |         0          0          0          0          0          0          0          0          0          0  …            0            0            0      936        159
   … |         …          …          …          …          …          …          …          …          …          …  …            …            …            …        …          …
1363 |         0          0          0          0          0          0          0          0          0          0  …            0            0            0      278        293
1364 |         0          0          0          0          0          0          0          0          0          0  …            0            0            0      279        293
1365 |         0          0          0          0          0          0          0          0          0          0  …            0            0            0      461        293
1366 |         0          0          0          0          0          0          0          0          0          0  …            0            0            0       41        309
1367 |         0          0          0          0          0          0          0          0          0          0  …            0            0            0       42        309
[1368 rows x 786 columns]

## Reduced WCXps:
      | pixel_0_0  pixel_0_1  pixel_0_2  pixel_0_3  pixel_0_4  pixel_0_5  pixel_0_6  pixel_0_7  pixel_0_8  pixel_0_9  …  pixel_27_25  pixel_27_26  pixel_27_27  _RefID_  _TCounts_
     |     bool8      bool8      bool8      bool8      bool8      bool8      bool8      bool8      bool8      bool8           bool8        bool8        bool8    int32      int32
---- + ---------  ---------  ---------  ---------  ---------  ---------  ---------  ---------  ---------  ---------     -----------  -----------  -----------  -------  ---------
   0 |         0          0          0          0          0          0          0          0          0          0  …            0            0            0     1552        149
   1 |         0          0          0          0          0          0          0          0          0          0  …            0            0            0     1553        150
   2 |         0          0          0          0          0          0          0          0          0          0  …            0            0            0     2202        150
   3 |         0          0          0          0          0          0          0          0          0          0  …            0            0            0      979        152
   4 |         0          0          0          0          0          0          0          0          0          0  …            0            0            0     1889        153
   5 |         0          0          0          0          0          0          0          0          0          0  …            0            0            0     1946        154
   6 |         0          0          0          0          0          0          0          0          0          0  …            0            0            0     1547        154
   7 |         0          0          0          0          0          0          0          0          0          0  …            0            0            0     1143        154
   8 |         0          0          0          0          0          0          0          0          0          0  …            0            0            0     1594        155
   9 |         0          0          0          0          0          0          0          0          0          0  …            0            0            0      614        155
  10 |         0          0          0          0          0          0          0          0          0          0  …            0            0            0     1295        157
  11 |         0          0          0          0          0          0          0          0          0          0  …            0            0            0     2197        157
  12 |         0          0          0          0          0          0          0          0          0          0  …            0            0            0     2154        158
  13 |         0          0          0          0          0          0          0          0          0          0  …            0            0            0     1871        159
  14 |         0          0          0          0          0          0          0          0          0          0  …            0            0            0     1670        159
   … |         …          …          …          …          …          …          …          …          …          …  …            …            …            …        …          …
1161 |         0          0          0          0          0          0          0          0          0          0  …            0            0            0       92        292
1162 |         0          0          0          0          0          0          0          0          0          0  …            0            0            0     2240        292
1163 |         0          0          0          0          0          0          0          0          0          0  …            0            0            0      461        293
1164 |         0          0          0          0          0          0          0          0          0          0  …            0            0            0      278        293
1165 |         0          0          0          0          0          0          0          0          0          0  …            0            0            0       41        309
[1166 rows x 786 columns]

WCXp matrix density: 26.442%
CXp matrix density: 26.394%
### Done setting up AXp/CXp info. Elapsed time: 1.928 sec
### mval: 523255
### Svs: 0.0000 0.0000 0.0000 0.0000 0.0000 0.0000 0.0000 0.0000 0.0000 0.0000 0.0000 0.0000 0.0000 0.0000 0.0000 0.0000 0.0000 0.0000 0.0000 0.0000 0.0000 0.0000 0.0000 0.0000 0.0000 0.0000 0.0000 0.0000 0.0000 0.0000 0.0000 0.0000 0.0000 0.0000 0.0000 0.0000 0.0000 0.0000 0.0000 0.0000 0.0000 0.0000 0.0000 0.0000 0.0000 0.0000 0.0000 0.0000 0.0000 0.0000 0.0000 0.0000 0.0000 0.0000 0.0000 0.0000 0.0000 0.0000 0.0000 0.0000 0.0000 0.0000 0.0000 0.0000 0.0000 0.0000 0.0000 0.0000 0.0000 0.0000 0.0000 0.0000 0.0000 0.0000 0.0000 0.0000 0.0000 0.0000 0.0000 0.0000 0.0000 0.0000 0.0000 0.0000 0.0000 0.0000 0.0000 0.0000 0.0000 0.0000 0.0000 0.0000 0.0000 0.0000 0.0000 0.0000 0.0000 0.0000 0.0000 0.0000 0.0000 0.0000 0.0000 0.0000 0.0000 0.0000 0.0000 0.0000 0.0000 0.0000 0.0000 0.0000 0.0000 0.0000 0.0000 0.0000 0.0000 0.0000 0.0000 0.0000 0.0000 0.0000 0.0000 0.0000 0.0074 0.0073 0.0072 0.0071 0.0075 0.0072 0.0073 0.0073 0.0075 0.0000 0.0000 0.0000 0.0000 0.0000 0.0000 0.0000 0.0000 0.0000 0.0000 0.0000 0.0000 0.0000 0.0000 0.0000 0.0074 0.0072 0.0075 0.0073 0.0074 0.0073 0.0075 0.0072 0.0074 0.0073 0.0000 0.0000 0.0000 0.0000 0.0000 0.0000 0.0000 0.0000 0.0000 0.0000 0.0000 0.0000 0.0000 0.0000 0.0000 0.0000 0.0000 0.0000 0.0074 0.0075 0.0073 0.0074 0.0076 0.0073 0.0076 0.0000 0.0000 0.0000 0.0000 0.0000 0.0000 0.0000 0.0000 0.0000 0.0000 0.0000 0.0000 0.0000 0.0000 0.0000 0.0000 0.0000 0.0000 0.0000 0.0000 0.0000 0.0072 0.0074 0.0074 0.0000 0.0000 0.0000 0.0000 0.0000 0.0000 0.0000 0.0000 0.0000 0.0000 0.0000 0.0000 0.0000 0.0000 0.0000 0.0000 0.0000 0.0000 0.0000 0.0000 0.0000 0.0000 0.0000 0.0000 0.0000 0.0073 0.0074 0.0073 0.0075 0.0000 0.0000 0.0000 0.0000 0.0000 0.0000 0.0000 0.0000 0.0000 0.0000 0.0000 0.0000 0.0000 0.0000 0.0000 0.0000 0.0000 0.0000 0.0000 0.0000 0.0000 0.0000 0.0000 0.0000 0.0000 0.0075 0.0075 0.0073 0.0000 0.0000 0.0000 0.0000 0.0000 0.0000 0.0000 0.0000 0.0000 0.0000 0.0000 0.0000 0.0000 0.0000 0.0000 0.0000 0.0000 0.0000 0.0000 0.0000 0.0000 0.0000 0.0000 0.0000 0.0000 0.0073 0.0074 0.0075 0.0074 0.0072 0.0074 0.0075 0.0000 0.0000 0.0000 0.0000 0.0000 0.0000 0.0000 0.0000 0.0000 0.0000 0.0000 0.0000 0.0000 0.0000 0.0000 0.0000 0.0000 0.0000 0.0000 0.0000 0.0074 0.0076 0.0072 0.0076 0.0075 0.0075 0.0075 0.0075 0.0073 0.0000 0.0000 0.0000 0.0000 0.0000 0.0000 0.0000 0.0000 0.0000 0.0000 0.0000 0.0000 0.0000 0.0000 0.0000 0.0000 0.0000 0.0000 0.0071 0.0074 0.0075 0.0075 0.0073 0.0072 0.0073 0.0073 0.0072 0.0074 0.0073 0.0071 0.0075 0.0000 0.0000 0.0000 0.0000 0.0000 0.0000 0.0000 0.0000 0.0000 0.0000 0.0000 0.0000 0.0000 0.0000 0.0000 0.0073 0.0074 0.0073 0.0000 0.0000 0.0000 0.0000 0.0000 0.0074 0.0073 0.0073 0.0075 0.0074 0.0073 0.0000 0.0000 0.0000 0.0000 0.0000 0.0000 0.0000 0.0000 0.0000 0.0000 0.0000 0.0000 0.0000 0.0000 0.0000 0.0000 0.0000 0.0000 0.0000 0.0000 0.0000 0.0000 0.0000 0.0000 0.0000 0.0073 0.0072 0.0072 0.0071 0.0000 0.0000 0.0000 0.0000 0.0000 0.0000 0.0000 0.0000 0.0000 0.0000 0.0000 0.0000 0.0000 0.0000 0.0000 0.0000 0.0000 0.0000 0.0000 0.0000 0.0000 0.0000 0.0000 0.0000 0.0000 0.0074 0.0073 0.0072 0.0072 0.0000 0.0000 0.0000 0.0000 0.0000 0.0000 0.0000 0.0000 0.0000 0.0000 0.0000 0.0000 0.0000 0.0000 0.0000 0.0000 0.0000 0.0000 0.0000 0.0000 0.0000 0.0000 0.0000 0.0000 0.0000 0.0074 0.0075 0.0076 0.0073 0.0000 0.0000 0.0000 0.0000 0.0000 0.0000 0.0000 0.0000 0.0000 0.0000 0.0000 0.0000 0.0000 0.0000 0.0000 0.0000 0.0000 0.0000 0.0000 0.0000 0.0000 0.0000 0.0000 0.0000 0.0000 0.0074 0.0073 0.0073 0.0000 0.0000 0.0000 0.0000 0.0000 0.0000 0.0000 0.0000 0.0000 0.0000 0.0000 0.0000 0.0000 0.0000 0.0000 0.0000 0.0000 0.0000 0.0000 0.0000 0.0000 0.0000 0.0000 0.0000 0.0000 0.0000 0.0072 0.0073 0.0000 0.0000 0.0000 0.0000 0.0000 0.0000 0.0000 0.0000 0.0000 0.0000 0.0000 0.0000 0.0000 0.0000 0.0000 0.0000 0.0000 0.0000 0.0000 0.0000 0.0000 0.0000 0.0000 0.0000 0.0000 0.0071 0.0073 0.0075 0.0000 0.0000 0.0000 0.0000 0.0000 0.0000 0.0000 0.0000 0.0000 0.0000 0.0000 0.0000 0.0074 0.0076 0.0000 0.0000 0.0000 0.0000 0.0000 0.0000 0.0000 0.0000 0.0000 0.0000 0.0073 0.0073 0.0074 0.0074 0.0000 0.0000 0.0000 0.0000 0.0000 0.0000 0.0000 0.0000 0.0000 0.0000 0.0000 0.0074 0.0073 0.0071 0.0000 0.0000 0.0000 0.0000 0.0000 0.0000 0.0074 0.0072 0.0071 0.0074 0.0075 0.0075 0.0072 0.0000 0.0000 0.0000 0.0000 0.0000 0.0000 0.0000 0.0000 0.0000 0.0000 0.0000 0.0000 0.0072 0.0000 0.0075 0.0072 0.0073 0.0074 0.0074 0.0072 0.0072 0.0073 0.0074 0.0074 0.0075 0.0075 0.0074 0.0000 0.0000 0.0000 0.0000 0.0000 0.0000 0.0000 0.0000 0.0000 0.0000 0.0000 0.0000 0.0000 0.0000 0.0076 0.0075 0.0075 0.0075 0.0074 0.0072 0.0073 0.0071 0.0074 0.0073 0.0076 0.0074 0.0000 0.0000 0.0000 0.0000 0.0000 0.0000 0.0000 0.0000 0.0000 0.0000 0.0000 0.0000 0.0000 0.0000 0.0000 0.0000 0.0000 0.0000 0.0000 0.0000 0.0000 0.0000 0.0000 0.0000 0.0000 0.0000 0.0000 0.0000 0.0000 0.0000 0.0000 0.0000 0.0000 0.0000 0.0000 0.0000 0.0000 0.0000 0.0000 0.0000 0.0000 0.0000 0.0000 0.0000 0.0000 0.0000 0.0000 0.0000 0.0000 0.0000 0.0000 0.0000 0.0000 0.0000 0.0000 0.0000 0.0000 0.0000 0.0000 0.0000 0.0000 0.0000 0.0000 0.0000 0.0000 0.0000 0.0000 0.0000 0.0000 0.0000 0.0000 0.0000 0.0000 0.0000 0.0000 0.0000 0.0000 0.0000 0.0000 0.0000 0.0000 0.0000 0.0000 0.0000 0.0000 0.0000 0.0000 0.0000 0.0000 0.0000 0.0000 0.0000 0.0000 0.0000 0.0000 0.0000 0.0000 0.0000 0.0000 0.0000 0.0000 0.0000 0.0000 0.0000 0.0000 0.0000 0.0000 0.0000 0.0000 0.0000 0.0000 0.0000 0.0000 0.0000 0.0000 0.0000 0.0000 0.0000 0.0000 0.0000 
### Terminating execution. Total running time: 47.292 sec
Executing command: ./xptools/nushap/nushap.py -ds ../../Datasets_CACM25v2/mnist/sample/shap-sample-16.csv -if ../../Datasets_CACM25v2/mnist/inst/shap-inst-16.csv --error 0.0015 --alpha 0.015 --verb 10
Copyright (C) 2024 Joao Marques-Silva

This program is private and unlicensed. This program may not
be modified. No parts of this program may be redistributed.
For additional restrictions, see the file NOTICES.md.
### Done parsing arguments. Elapsed time: 0.308 sec
### Done parsing dataset & instance. Elapsed time: 0.027 sec
## WCXps:
      | pixel_0_0  pixel_0_1  pixel_0_2  pixel_0_3  pixel_0_4  pixel_0_5  pixel_0_6  pixel_0_7  pixel_0_8  pixel_0_9  …  pixel_27_25  pixel_27_26  pixel_27_27  _RefID_  _TCounts_
     |     bool8      bool8      bool8      bool8      bool8      bool8      bool8      bool8      bool8      bool8           bool8        bool8        bool8    int32      int32
---- + ---------  ---------  ---------  ---------  ---------  ---------  ---------  ---------  ---------  ---------     -----------  -----------  -----------  -------  ---------
   0 |         0          0          0          0          0          0          0          0          0          0  …            0            0            0      482        148
   1 |         0          0          0          0          0          0          0          0          0          0  …            0            0            0      483        148
   2 |         0          0          0          0          0          0          0          0          0          0  …            0            0            0      640        149
   3 |         0          0          0          0          0          0          0          0          0          0  …            0            0            0      462        150
   4 |         0          0          0          0          0          0          0          0          0          0  …            0            0            0      463        150
   5 |         0          0          0          0          0          0          0          0          0          0  …            0            0            0      581        151
   6 |         0          0          0          0          0          0          0          0          0          0  …            0            0            0      762        151
   7 |         0          0          0          0          0          0          0          0          0          0  …            0            0            0      837        152
   8 |         0          0          0          0          0          0          0          0          0          0  …            0            0            0      926        152
   9 |         0          0          0          0          0          0          0          0          0          0  …            0            0            0      475        153
  10 |         0          0          0          0          0          0          0          0          0          0  …            0            0            0      476        153
  11 |         0          0          0          0          0          0          0          0          0          0  …            0            0            0      485        153
  12 |         0          0          0          0          0          0          0          0          0          0  …            0            0            0      528        153
  13 |         0          0          0          0          0          0          0          0          0          0  …            0            0            0      579        153
  14 |         0          0          0          0          0          0          0          0          0          0  …            0            0            0      885        153
   … |         …          …          …          …          …          …          …          …          …          …  …            …            …            …        …          …
1565 |         0          0          0          0          0          0          0          0          0          0  …            0            0            0     2003        285
1566 |         0          0          0          0          0          0          0          0          0          0  …            0            0            0     2004        286
1567 |         0          0          0          0          0          0          0          0          0          0  …            0            0            0     2286        296
1568 |         0          0          0          0          0          0          0          0          0          0  …            0            0            0     2136        299
1569 |         0          0          0          0          0          0          0          0          0          0  …            0            0            0     1570        305
[1570 rows x 786 columns]

## Reduced WCXps:
      | pixel_0_0  pixel_0_1  pixel_0_2  pixel_0_3  pixel_0_4  pixel_0_5  pixel_0_6  pixel_0_7  pixel_0_8  pixel_0_9  …  pixel_27_25  pixel_27_26  pixel_27_27  _RefID_  _TCounts_
     |     bool8      bool8      bool8      bool8      bool8      bool8      bool8      bool8      bool8      bool8           bool8        bool8        bool8    int32      int32
---- + ---------  ---------  ---------  ---------  ---------  ---------  ---------  ---------  ---------  ---------     -----------  -----------  -----------  -------  ---------
   0 |         0          0          0          0          0          0          0          0          0          0  …            0            0            0      482        148
   1 |         0          0          0          0          0          0          0          0          0          0  …            0            0            0      640        149
   2 |         0          0          0          0          0          0          0          0          0          0  …            0            0            0      462        150
   3 |         0          0          0          0          0          0          0          0          0          0  …            0            0            0      762        151
   4 |         0          0          0          0          0          0          0          0          0          0  …            0            0            0      581        151
   5 |         0          0          0          0          0          0          0          0          0          0  …            0            0            0      837        152
   6 |         0          0          0          0          0          0          0          0          0          0  …            0            0            0      926        152
   7 |         0          0          0          0          0          0          0          0          0          0  …            0            0            0      485        153
   8 |         0          0          0          0          0          0          0          0          0          0  …            0            0            0      475        153
   9 |         0          0          0          0          0          0          0          0          0          0  …            0            0            0      579        153
  10 |         0          0          0          0          0          0          0          0          0          0  …            0            0            0      885        153
  11 |         0          0          0          0          0          0          0          0          0          0  …            0            0            0      528        153
  12 |         0          0          0          0          0          0          0          0          0          0  …            0            0            0      842        154
  13 |         0          0          0          0          0          0          0          0          0          0  …            0            0            0      568        154
  14 |         0          0          0          0          0          0          0          0          0          0  …            0            0            0      606        154
   … |         …          …          …          …          …          …          …          …          …          …  …            …            …            …        …          …
1309 |         0          0          0          0          0          0          0          0          0          0  …            0            0            0     2003        285
1310 |         0          0          0          0          0          0          0          0          0          0  …            0            0            0     2004        286
1311 |         0          0          0          0          0          0          0          0          0          0  …            0            0            0     2286        296
1312 |         0          0          0          0          0          0          0          0          0          0  …            0            0            0     2136        299
1313 |         0          0          0          0          0          0          0          0          0          0  …            0            0            0     1570        305
[1314 rows x 786 columns]

WCXp matrix density: 25.456%
CXp matrix density: 24.991%
### Done setting up AXp/CXp info. Elapsed time: 1.029 sec
### mval: 523255
### Svs: 0.0000 0.0000 0.0000 0.0000 0.0000 0.0000 0.0000 0.0000 0.0000 0.0000 0.0000 0.0000 0.0000 0.0000 0.0000 0.0000 0.0000 0.0000 0.0000 0.0000 0.0000 0.0000 0.0000 0.0000 0.0000 0.0000 0.0000 0.0000 0.0000 0.0000 0.0000 0.0000 0.0000 0.0000 0.0000 0.0000 0.0000 0.0000 0.0000 0.0000 0.0000 0.0000 0.0000 0.0000 0.0000 0.0000 0.0000 0.0000 0.0000 0.0000 0.0000 0.0000 0.0000 0.0000 0.0000 0.0000 0.0000 0.0000 0.0000 0.0000 0.0000 0.0000 0.0000 0.0000 0.0000 0.0000 0.0000 0.0000 0.0000 0.0000 0.0000 0.0000 0.0000 0.0000 0.0000 0.0000 0.0000 0.0000 0.0000 0.0000 0.0000 0.0000 0.0000 0.0000 0.0000 0.0000 0.0000 0.0000 0.0000 0.0000 0.0000 0.0000 0.0000 0.0000 0.0000 0.0000 0.0000 0.0000 0.0000 0.0000 0.0000 0.0000 0.0000 0.0000 0.0000 0.0000 0.0000 0.0000 0.0000 0.0000 0.0000 0.0000 0.0000 0.0000 0.0000 0.0000 0.0000 0.0000 0.0000 0.0000 0.0000 0.0000 0.0000 0.0000 0.0000 0.0000 0.0000 0.0000 0.0000 0.0000 0.0000 0.0000 0.0000 0.0000 0.0000 0.0000 0.0000 0.0000 0.0000 0.0000 0.0000 0.0000 0.0000 0.0000 0.0000 0.0000 0.0000 0.0000 0.0000 0.0000 0.0000 0.0000 0.0000 0.0000 0.0000 0.0000 0.0000 0.0000 0.0000 0.0000 0.0000 0.0000 0.0000 0.0000 0.0000 0.0000 0.0000 0.0000 0.0000 0.0000 0.0000 0.0000 0.0000 0.0000 0.0000 0.0000 0.0000 0.0000 0.0000 0.0067 0.0068 0.0068 0.0000 0.0066 0.0068 0.0000 0.0000 0.0000 0.0000 0.0000 0.0000 0.0000 0.0000 0.0000 0.0000 0.0000 0.0000 0.0000 0.0000 0.0000 0.0000 0.0000 0.0000 0.0000 0.0000 0.0069 0.0070 0.0069 0.0068 0.0069 0.0067 0.0067 0.0069 0.0068 0.0000 0.0000 0.0000 0.0000 0.0000 0.0000 0.0000 0.0000 0.0000 0.0000 0.0000 0.0000 0.0000 0.0000 0.0000 0.0000 0.0000 0.0000 0.0067 0.0067 0.0067 0.0068 0.0068 0.0069 0.0000 0.0068 0.0067 0.0069 0.0068 0.0068 0.0067 0.0067 0.0000 0.0000 0.0000 0.0000 0.0000 0.0000 0.0000 0.0000 0.0000 0.0000 0.0000 0.0000 0.0000 0.0000 0.0069 0.0068 0.0067 0.0068 0.0000 0.0000 0.0000 0.0000 0.0067 0.0067 0.0068 0.0067 0.0069 0.0069 0.0000 0.0000 0.0000 0.0000 0.0000 0.0000 0.0000 0.0000 0.0000 0.0000 0.0000 0.0000 0.0000 0.0069 0.0066 0.0069 0.0069 0.0000 0.0000 0.0000 0.0000 0.0000 0.0000 0.0068 0.0069 0.0066 0.0069 0.0070 0.0000 0.0000 0.0000 0.0000 0.0000 0.0000 0.0000 0.0000 0.0000 0.0000 0.0000 0.0000 0.0000 0.0069 0.0070 0.0067 0.0000 0.0000 0.0000 0.0000 0.0000 0.0000 0.0000 0.0067 0.0069 0.0066 0.0068 0.0000 0.0000 0.0000 0.0000 0.0000 0.0000 0.0000 0.0000 0.0000 0.0000 0.0000 0.0000 0.0000 0.0000 0.0068 0.0068 0.0069 0.0000 0.0000 0.0000 0.0000 0.0000 0.0000 0.0000 0.0067 0.0069 0.0068 0.0068 0.0000 0.0000 0.0000 0.0000 0.0000 0.0000 0.0000 0.0000 0.0000 0.0000 0.0000 0.0000 0.0000 0.0069 0.0068 0.0068 0.0067 0.0000 0.0000 0.0000 0.0000 0.0000 0.0000 0.0067 0.0070 0.0067 0.0069 0.0068 0.0000 0.0000 0.0000 0.0000 0.0000 0.0000 0.0000 0.0000 0.0000 0.0000 0.0000 0.0000 0.0000 0.0068 0.0069 0.0067 0.0070 0.0000 0.0000 0.0000 0.0000 0.0000 0.0067 0.0069 0.0067 0.0070 0.0067 0.0000 0.0000 0.0000 0.0000 0.0000 0.0000 0.0000 0.0000 0.0000 0.0000 0.0000 0.0000 0.0000 0.0000 0.0069 0.0069 0.0067 0.0067 0.0000 0.0000 0.0000 0.0000 0.0068 0.0069 0.0068 0.0069 0.0069 0.0068 0.0000 0.0000 0.0000 0.0000 0.0000 0.0000 0.0000 0.0000 0.0000 0.0000 0.0000 0.0000 0.0000 0.0000 0.0000 0.0071 0.0067 0.0068 0.0069 0.0067 0.0068 0.0069 0.0068 0.0067 0.0069 0.0068 0.0068 0.0068 0.0000 0.0000 0.0000 0.0000 0.0000 0.0000 0.0000 0.0000 0.0000 0.0000 0.0000 0.0000 0.0000 0.0000 0.0000 0.0000 0.0069 0.0064 0.0066 0.0068 0.0067 0.0068 0.0068 0.0069 0.0068 0.0068 0.0068 0.0000 0.0000 0.0000 0.0000 0.0000 0.0000 0.0000 0.0000 0.0000 0.0000 0.0000 0.0000 0.0000 0.0000 0.0000 0.0000 0.0000 0.0000 0.0069 0.0069 0.0069 0.0067 0.0000 0.0000 0.0067 0.0067 0.0067 0.0067 0.0000 0.0000 0.0000 0.0000 0.0000 0.0000 0.0000 0.0000 0.0000 0.0000 0.0000 0.0000 0.0000 0.0000 0.0000 0.0000 0.0000 0.0000 0.0000 0.0000 0.0000 0.0000 0.0000 0.0000 0.0068 0.0067 0.0067 0.0068 0.0000 0.0000 0.0000 0.0000 0.0000 0.0000 0.0000 0.0000 0.0000 0.0000 0.0000 0.0000 0.0000 0.0000 0.0000 0.0000 0.0000 0.0000 0.0000 0.0000 0.0000 0.0000 0.0000 0.0000 0.0067 0.0068 0.0068 0.0068 0.0000 0.0000 0.0000 0.0000 0.0000 0.0000 0.0000 0.0000 0.0000 0.0000 0.0000 0.0000 0.0000 0.0000 0.0000 0.0000 0.0000 0.0000 0.0000 0.0000 0.0000 0.0000 0.0000 0.0067 0.0068 0.0068 0.0070 0.0068 0.0000 0.0000 0.0000 0.0000 0.0000 0.0000 0.0000 0.0000 0.0000 0.0000 0.0000 0.0000 0.0000 0.0000 0.0000 0.0000 0.0000 0.0000 0.0000 0.0000 0.0000 0.0000 0.0000 0.0068 0.0067 0.0068 0.0067 0.0000 0.0000 0.0000 0.0000 0.0000 0.0000 0.0000 0.0000 0.0000 0.0000 0.0000 0.0000 0.0000 0.0000 0.0000 0.0000 0.0000 0.0000 0.0000 0.0000 0.0000 0.0000 0.0000 0.0000 0.0069 0.0068 0.0069 0.0070 0.0000 0.0000 0.0000 0.0000 0.0000 0.0000 0.0000 0.0000 0.0000 0.0000 0.0000 0.0000 0.0000 0.0000 0.0000 0.0000 0.0000 0.0000 0.0000 0.0000 0.0000 0.0000 0.0000 0.0000 0.0068 0.0069 0.0070 0.0000 0.0000 0.0000 0.0000 0.0000 0.0000 0.0000 0.0000 0.0000 0.0000 0.0000 0.0000 0.0000 0.0000 0.0000 0.0000 0.0000 0.0000 0.0000 0.0000 0.0000 0.0000 0.0000 0.0000 0.0000 0.0068 0.0068 0.0069 0.0000 0.0000 0.0000 0.0000 0.0000 0.0000 0.0000 0.0000 0.0000 0.0000 0.0000 0.0000 0.0000 0.0000 0.0000 0.0000 0.0000 0.0000 0.0000 0.0000 0.0000 0.0000 0.0000 0.0000 0.0000 0.0000 0.0000 0.0000 0.0000 0.0000 0.0000 0.0000 0.0000 0.0000 0.0000 0.0000 0.0000 0.0000 0.0000 0.0000 0.0000 0.0000 0.0000 0.0000 0.0000 0.0000 0.0000 0.0000 0.0000 0.0000 0.0000 0.0000 0.0000 0.0000 0.0000 0.0000 0.0000 0.0000 0.0000 0.0000 0.0000 0.0000 0.0000 0.0000 0.0000 0.0000 0.0000 
### Terminating execution. Total running time: 48.747 sec
Executing command: ./xptools/nushap/nushap.py -ds ../../Datasets_CACM25v2/mnist/sample/shap-sample-17.csv -if ../../Datasets_CACM25v2/mnist/inst/shap-inst-17.csv --error 0.0015 --alpha 0.015 --verb 10
Copyright (C) 2024 Joao Marques-Silva

This program is private and unlicensed. This program may not
be modified. No parts of this program may be redistributed.
For additional restrictions, see the file NOTICES.md.
### Done parsing arguments. Elapsed time: 0.293 sec
### Done parsing dataset & instance. Elapsed time: 0.027 sec
## WCXps:
      | pixel_0_0  pixel_0_1  pixel_0_2  pixel_0_3  pixel_0_4  pixel_0_5  pixel_0_6  pixel_0_7  pixel_0_8  pixel_0_9  …  pixel_27_25  pixel_27_26  pixel_27_27  _RefID_  _TCounts_
     |     bool8      bool8      bool8      bool8      bool8      bool8      bool8      bool8      bool8      bool8           bool8        bool8        bool8    int32      int32
---- + ---------  ---------  ---------  ---------  ---------  ---------  ---------  ---------  ---------  ---------     -----------  -----------  -----------  -------  ---------
   0 |         0          0          0          0          0          0          0          0          0          0  …            0            0            0     1351        153
   1 |         0          0          0          0          0          0          0          0          0          0  …            0            0            0     1024        155
   2 |         0          0          0          0          0          0          0          0          0          0  …            0            0            0     1025        155
   3 |         0          0          0          0          0          0          0          0          0          0  …            0            0            0     1964        159
   4 |         0          0          0          0          0          0          0          0          0          0  …            0            0            0     1965        159
   5 |         0          0          0          0          0          0          0          0          0          0  …            0            0            0     2008        161
   6 |         0          0          0          0          0          0          0          0          0          0  …            0            0            0      889        162
   7 |         0          0          0          0          0          0          0          0          0          0  …            0            0            0     1271        162
   8 |         0          0          0          0          0          0          0          0          0          0  …            0            0            0     1549        162
   9 |         0          0          0          0          0          0          0          0          0          0  …            0            0            0     1311        163
  10 |         0          0          0          0          0          0          0          0          0          0  …            0            0            0     1312        163
  11 |         0          0          0          0          0          0          0          0          0          0  …            0            0            0     1365        163
  12 |         0          0          0          0          0          0          0          0          0          0  …            0            0            0     2023        163
  13 |         0          0          0          0          0          0          0          0          0          0  …            0            0            0      822        164
  14 |         0          0          0          0          0          0          0          0          0          0  …            0            0            0     1447        164
   … |         …          …          …          …          …          …          …          …          …          …  …            …            …            …        …          …
1060 |         0          0          0          0          0          0          0          0          0          0  …            0            0            0     1260        293
1061 |         0          0          0          0          0          0          0          0          0          0  …            0            0            0     1571        294
1062 |         0          0          0          0          0          0          0          0          0          0  …            0            0            0     2545        295
1063 |         0          0          0          0          0          0          0          0          0          0  …            0            0            0     1975        317
1064 |         0          0          0          0          0          0          0          0          0          0  …            0            0            0     1976        318
[1065 rows x 786 columns]

## Reduced WCXps:
     | pixel_0_0  pixel_0_1  pixel_0_2  pixel_0_3  pixel_0_4  pixel_0_5  pixel_0_6  pixel_0_7  pixel_0_8  pixel_0_9  …  pixel_27_25  pixel_27_26  pixel_27_27  _RefID_  _TCounts_
    |     bool8      bool8      bool8      bool8      bool8      bool8      bool8      bool8      bool8      bool8           bool8        bool8        bool8    int32      int32
--- + ---------  ---------  ---------  ---------  ---------  ---------  ---------  ---------  ---------  ---------     -----------  -----------  -----------  -------  ---------
  0 |         0          0          0          0          0          0          0          0          0          0  …            0            0            0     1351        153
  1 |         0          0          0          0          0          0          0          0          0          0  …            0            0            0     1024        155
  2 |         0          0          0          0          0          0          0          0          0          0  …            0            0            0     1964        159
  3 |         0          0          0          0          0          0          0          0          0          0  …            0            0            0     2008        161
  4 |         0          0          0          0          0          0          0          0          0          0  …            0            0            0      889        162
  5 |         0          0          0          0          0          0          0          0          0          0  …            0            0            0     1271        162
  6 |         0          0          0          0          0          0          0          0          0          0  …            0            0            0     1549        162
  7 |         0          0          0          0          0          0          0          0          0          0  …            0            0            0     1365        163
  8 |         0          0          0          0          0          0          0          0          0          0  …            0            0            0     1311        163
  9 |         0          0          0          0          0          0          0          0          0          0  …            0            0            0     2023        163
 10 |         0          0          0          0          0          0          0          0          0          0  …            0            0            0      822        164
 11 |         0          0          0          0          0          0          0          0          0          0  …            0            0            0     1447        164
 12 |         0          0          0          0          0          0          0          0          0          0  …            0            0            0     1465        164
 13 |         0          0          0          0          0          0          0          0          0          0  …            0            0            0     1875        164
 14 |         0          0          0          0          0          0          0          0          0          0  …            0            0            0     1125        165
  … |         …          …          …          …          …          …          …          …          …          …  …            …            …            …        …          …
900 |         0          0          0          0          0          0          0          0          0          0  …            0            0            0     1260        293
901 |         0          0          0          0          0          0          0          0          0          0  …            0            0            0     1571        294
902 |         0          0          0          0          0          0          0          0          0          0  …            0            0            0     2545        295
903 |         0          0          0          0          0          0          0          0          0          0  …            0            0            0     1975        317
904 |         0          0          0          0          0          0          0          0          0          0  …            0            0            0     1976        318
[905 rows x 786 columns]

WCXp matrix density: 26.275%
CXp matrix density: 26.241%
### Done setting up AXp/CXp info. Elapsed time: 0.547 sec
### mval: 523255
### Svs: 0.0000 0.0000 0.0000 0.0000 0.0000 0.0000 0.0000 0.0000 0.0000 0.0000 0.0000 0.0000 0.0000 0.0000 0.0000 0.0000 0.0000 0.0000 0.0000 0.0000 0.0000 0.0000 0.0000 0.0000 0.0000 0.0000 0.0000 0.0000 0.0000 0.0000 0.0000 0.0000 0.0000 0.0000 0.0000 0.0000 0.0000 0.0000 0.0000 0.0000 0.0000 0.0000 0.0000 0.0000 0.0000 0.0000 0.0000 0.0000 0.0000 0.0000 0.0000 0.0000 0.0000 0.0000 0.0000 0.0000 0.0000 0.0000 0.0000 0.0000 0.0000 0.0000 0.0000 0.0000 0.0000 0.0000 0.0000 0.0000 0.0000 0.0000 0.0000 0.0000 0.0000 0.0000 0.0000 0.0000 0.0000 0.0000 0.0000 0.0000 0.0000 0.0000 0.0000 0.0000 0.0000 0.0000 0.0000 0.0000 0.0000 0.0000 0.0000 0.0000 0.0000 0.0000 0.0000 0.0000 0.0000 0.0000 0.0000 0.0000 0.0000 0.0000 0.0000 0.0000 0.0000 0.0000 0.0000 0.0000 0.0000 0.0000 0.0000 0.0000 0.0000 0.0000 0.0000 0.0000 0.0000 0.0000 0.0000 0.0000 0.0000 0.0000 0.0000 0.0000 0.0000 0.0000 0.0000 0.0000 0.0000 0.0000 0.0000 0.0000 0.0000 0.0000 0.0000 0.0000 0.0000 0.0000 0.0000 0.0000 0.0000 0.0000 0.0000 0.0000 0.0000 0.0000 0.0000 0.0000 0.0000 0.0000 0.0000 0.0000 0.0000 0.0000 0.0000 0.0000 0.0000 0.0000 0.0000 0.0000 0.0000 0.0000 0.0000 0.0000 0.0000 0.0000 0.0000 0.0000 0.0000 0.0000 0.0000 0.0000 0.0000 0.0000 0.0000 0.0000 0.0000 0.0000 0.0000 0.0000 0.0000 0.0000 0.0000 0.0000 0.0000 0.0000 0.0000 0.0000 0.0000 0.0000 0.0000 0.0000 0.0000 0.0000 0.0000 0.0000 0.0000 0.0000 0.0000 0.0000 0.0074 0.0073 0.0076 0.0076 0.0077 0.0074 0.0076 0.0074 0.0075 0.0076 0.0075 0.0075 0.0000 0.0000 0.0000 0.0000 0.0000 0.0000 0.0000 0.0000 0.0000 0.0000 0.0000 0.0000 0.0000 0.0000 0.0000 0.0000 0.0074 0.0075 0.0074 0.0075 0.0074 0.0076 0.0073 0.0074 0.0077 0.0077 0.0076 0.0076 0.0074 0.0076 0.0074 0.0077 0.0000 0.0000 0.0000 0.0000 0.0000 0.0000 0.0000 0.0000 0.0000 0.0000 0.0000 0.0000 0.0077 0.0076 0.0074 0.0075 0.0073 0.0075 0.0074 0.0075 0.0074 0.0074 0.0074 0.0077 0.0076 0.0076 0.0076 0.0073 0.0077 0.0000 0.0000 0.0000 0.0000 0.0000 0.0000 0.0000 0.0000 0.0000 0.0000 0.0000 0.0000 0.0000 0.0000 0.0000 0.0000 0.0000 0.0000 0.0000 0.0000 0.0077 0.0075 0.0075 0.0076 0.0076 0.0076 0.0076 0.0076 0.0074 0.0000 0.0000 0.0000 0.0000 0.0000 0.0000 0.0000 0.0000 0.0000 0.0000 0.0000 0.0000 0.0000 0.0000 0.0000 0.0000 0.0000 0.0000 0.0000 0.0000 0.0000 0.0000 0.0077 0.0073 0.0075 0.0076 0.0076 0.0074 0.0000 0.0000 0.0000 0.0000 0.0000 0.0000 0.0000 0.0000 0.0000 0.0000 0.0000 0.0000 0.0000 0.0000 0.0000 0.0000 0.0000 0.0000 0.0000 0.0000 0.0000 0.0000 0.0000 0.0000 0.0076 0.0075 0.0073 0.0077 0.0000 0.0000 0.0000 0.0000 0.0000 0.0000 0.0000 0.0000 0.0000 0.0000 0.0000 0.0000 0.0000 0.0000 0.0000 0.0000 0.0000 0.0000 0.0000 0.0000 0.0000 0.0000 0.0000 0.0000 0.0075 0.0074 0.0077 0.0078 0.0000 0.0000 0.0000 0.0000 0.0000 0.0000 0.0000 0.0000 0.0000 0.0000 0.0000 0.0000 0.0000 0.0000 0.0000 0.0000 0.0000 0.0000 0.0000 0.0000 0.0000 0.0000 0.0000 0.0073 0.0074 0.0077 0.0075 0.0073 0.0000 0.0000 0.0000 0.0000 0.0000 0.0000 0.0000 0.0000 0.0000 0.0000 0.0000 0.0000 0.0000 0.0000 0.0000 0.0000 0.0000 0.0000 0.0000 0.0000 0.0000 0.0000 0.0000 0.0075 0.0074 0.0077 0.0073 0.0000 0.0000 0.0000 0.0000 0.0000 0.0000 0.0000 0.0000 0.0000 0.0000 0.0000 0.0000 0.0000 0.0000 0.0000 0.0000 0.0000 0.0000 0.0000 0.0000 0.0000 0.0000 0.0000 0.0075 0.0075 0.0074 0.0076 0.0074 0.0000 0.0000 0.0000 0.0000 0.0000 0.0000 0.0000 0.0000 0.0000 0.0000 0.0000 0.0000 0.0000 0.0000 0.0000 0.0000 0.0000 0.0000 0.0000 0.0000 0.0000 0.0000 0.0074 0.0075 0.0074 0.0077 0.0076 0.0000 0.0000 0.0000 0.0000 0.0000 0.0000 0.0000 0.0000 0.0000 0.0000 0.0000 0.0000 0.0000 0.0000 0.0000 0.0000 0.0000 0.0000 0.0000 0.0000 0.0000 0.0000 0.0000 0.0075 0.0077 0.0075 0.0074 0.0075 0.0000 0.0000 0.0000 0.0000 0.0000 0.0000 0.0000 0.0000 0.0000 0.0000 0.0000 0.0000 0.0000 0.0000 0.0000 0.0000 0.0000 0.0000 0.0000 0.0000 0.0000 0.0000 0.0072 0.0074 0.0074 0.0073 0.0076 0.0000 0.0000 0.0000 0.0000 0.0000 0.0000 0.0000 0.0000 0.0000 0.0000 0.0000 0.0000 0.0000 0.0000 0.0000 0.0000 0.0000 0.0000 0.0000 0.0000 0.0000 0.0000 0.0078 0.0076 0.0074 0.0076 0.0074 0.0000 0.0000 0.0000 0.0000 0.0000 0.0000 0.0000 0.0000 0.0000 0.0000 0.0000 0.0000 0.0000 0.0000 0.0000 0.0000 0.0000 0.0000 0.0000 0.0000 0.0000 0.0000 0.0076 0.0076 0.0076 0.0075 0.0075 0.0073 0.0000 0.0000 0.0000 0.0000 0.0000 0.0000 0.0000 0.0000 0.0000 0.0000 0.0000 0.0000 0.0000 0.0000 0.0000 0.0000 0.0000 0.0000 0.0000 0.0000 0.0000 0.0075 0.0077 0.0076 0.0074 0.0074 0.0075 0.0000 0.0000 0.0000 0.0000 0.0000 0.0000 0.0000 0.0000 0.0000 0.0000 0.0000 0.0000 0.0000 0.0000 0.0000 0.0000 0.0000 0.0000 0.0000 0.0000 0.0000 0.0000 0.0075 0.0077 0.0075 0.0075 0.0076 0.0000 0.0000 0.0000 0.0000 0.0000 0.0000 0.0000 0.0000 0.0000 0.0000 0.0000 0.0000 0.0000 0.0000 0.0000 0.0000 0.0000 0.0000 0.0000 0.0000 0.0000 0.0000 0.0075 0.0075 0.0076 0.0000 0.0076 0.0075 0.0000 0.0000 0.0000 0.0000 0.0000 0.0000 0.0000 0.0000 0.0000 0.0000 0.0000 0.0000 0.0000 0.0000 0.0000 0.0000 0.0000 0.0000 0.0000 0.0000 0.0000 0.0000 0.0076 0.0077 0.0078 0.0077 0.0076 0.0000 0.0000 0.0000 0.0000 0.0000 0.0000 0.0000 0.0000 0.0000 0.0000 0.0000 0.0000 0.0000 0.0000 0.0000 0.0000 0.0000 0.0000 0.0000 0.0000 0.0000 0.0000 0.0000 0.0075 0.0073 0.0078 0.0077 0.0000 0.0000 0.0000 0.0000 0.0000 0.0000 0.0000 0.0000 0.0000 0.0000 0.0000 0.0000 0.0000 0.0000 0.0000 0.0000 0.0000 0.0000 0.0000 0.0000 0.0000 0.0000 0.0000 0.0000 0.0000 0.0000 0.0000 0.0000 0.0000 0.0000 0.0000 0.0000 0.0000 0.0000 0.0000 0.0000 0.0000 0.0000 0.0000 0.0000 0.0000 0.0000 
### Terminating execution. Total running time: 38.762 sec
Executing command: ./xptools/nushap/nushap.py -ds ../../Datasets_CACM25v2/mnist/sample/shap-sample-18.csv -if ../../Datasets_CACM25v2/mnist/inst/shap-inst-18.csv --error 0.0015 --alpha 0.015 --verb 10
Copyright (C) 2024 Joao Marques-Silva

This program is private and unlicensed. This program may not
be modified. No parts of this program may be redistributed.
For additional restrictions, see the file NOTICES.md.
### Done parsing arguments. Elapsed time: 0.306 sec
### Done parsing dataset & instance. Elapsed time: 0.031 sec
## WCXps:
      | pixel_0_0  pixel_0_1  pixel_0_2  pixel_0_3  pixel_0_4  pixel_0_5  pixel_0_6  pixel_0_7  pixel_0_8  pixel_0_9  …  pixel_27_25  pixel_27_26  pixel_27_27  _RefID_  _TCounts_
     |     bool8      bool8      bool8      bool8      bool8      bool8      bool8      bool8      bool8      bool8           bool8        bool8        bool8    int32      int32
---- + ---------  ---------  ---------  ---------  ---------  ---------  ---------  ---------  ---------  ---------     -----------  -----------  -----------  -------  ---------
   0 |         0          0          0          0          0          0          0          0          0          0  …            0            0            0     2217        210
   1 |         0          0          0          0          0          0          0          0          0          0  …            0            0            0     1597        212
   2 |         0          0          0          0          0          0          0          0          0          0  …            0            0            0     1787        212
   3 |         0          0          0          0          0          0          0          0          0          0  …            0            0            0     1788        212
   4 |         0          0          0          0          0          0          0          0          0          0  …            0            0            0     2078        212
   5 |         0          0          0          0          0          0          0          0          0          0  …            0            0            0     2382        212
   6 |         0          0          0          0          0          0          0          0          0          0  …            0            0            0     2442        212
   7 |         0          0          0          0          0          0          0          0          0          0  …            0            0            0     1182        213
   8 |         0          0          0          0          0          0          0          0          0          0  …            0            0            0     1535        213
   9 |         0          0          0          0          0          0          0          0          0          0  …            0            0            0     1536        213
  10 |         0          0          0          0          0          0          0          0          0          0  …            0            0            0     1593        213
  11 |         0          0          0          0          0          0          0          0          0          0  …            0            0            0     2172        213
  12 |         0          0          0          0          0          0          0          0          0          0  …            0            0            0     2175        213
  13 |         0          0          0          0          0          0          0          0          0          0  …            0            0            0     2202        213
  14 |         0          0          0          0          0          0          0          0          0          0  …            0            0            0     2383        213
   … |         …          …          …          …          …          …          …          …          …          …  …            …            …            …        …          …
1872 |         0          0          0          0          0          0          0          0          0          0  …            0            0            0      380        336
1873 |         0          0          0          0          0          0          0          0          0          0  …            0            0            0       97        339
1874 |         0          0          0          0          0          0          0          0          0          0  …            0            0            0      309        341
1875 |         0          0          0          0          0          0          0          0          0          0  …            0            0            0      383        341
1876 |         0          0          0          0          0          0          0          0          0          0  …            0            0            0      404        341
[1877 rows x 786 columns]

## Reduced WCXps:
      | pixel_0_0  pixel_0_1  pixel_0_2  pixel_0_3  pixel_0_4  pixel_0_5  pixel_0_6  pixel_0_7  pixel_0_8  pixel_0_9  …  pixel_27_25  pixel_27_26  pixel_27_27  _RefID_  _TCounts_
     |     bool8      bool8      bool8      bool8      bool8      bool8      bool8      bool8      bool8      bool8           bool8        bool8        bool8    int32      int32
---- + ---------  ---------  ---------  ---------  ---------  ---------  ---------  ---------  ---------  ---------     -----------  -----------  -----------  -------  ---------
   0 |         0          0          0          0          0          0          0          0          0          0  …            0            0            0     2217        210
   1 |         0          0          0          0          0          0          0          0          0          0  …            0            0            0     1787        212
   2 |         0          0          0          0          0          0          0          0          0          0  …            0            0            0     1597        212
   3 |         0          0          0          0          0          0          0          0          0          0  …            0            0            0     2078        212
   4 |         0          0          0          0          0          0          0          0          0          0  …            0            0            0     2382        212
   5 |         0          0          0          0          0          0          0          0          0          0  …            0            0            0     2442        212
   6 |         0          0          0          0          0          0          0          0          0          0  …            0            0            0     2175        213
   7 |         0          0          0          0          0          0          0          0          0          0  …            0            0            0     2202        213
   8 |         0          0          0          0          0          0          0          0          0          0  …            0            0            0     1593        213
   9 |         0          0          0          0          0          0          0          0          0          0  …            0            0            0     1535        213
  10 |         0          0          0          0          0          0          0          0          0          0  …            0            0            0     1182        213
  11 |         0          0          0          0          0          0          0          0          0          0  …            0            0            0     2172        213
  12 |         0          0          0          0          0          0          0          0          0          0  …            0            0            0     2383        213
  13 |         0          0          0          0          0          0          0          0          0          0  …            0            0            0     2700        213
  14 |         0          0          0          0          0          0          0          0          0          0  …            0            0            0     1575        214
   … |         …          …          …          …          …          …          …          …          …          …  …            …            …            …        …          …
1461 |         0          0          0          0          0          0          0          0          0          0  …            0            0            0      379        336
1462 |         0          0          0          0          0          0          0          0          0          0  …            0            0            0       97        339
1463 |         0          0          0          0          0          0          0          0          0          0  …            0            0            0      309        341
1464 |         0          0          0          0          0          0          0          0          0          0  …            0            0            0      383        341
1465 |         0          0          0          0          0          0          0          0          0          0  …            0            0            0      404        341
[1466 rows x 786 columns]

WCXp matrix density: 32.349%
CXp matrix density: 30.527%
### Done setting up AXp/CXp info. Elapsed time: 0.793 sec
### mval: 523255
### Svs: 0.0000 0.0000 0.0000 0.0000 0.0000 0.0000 0.0000 0.0000 0.0000 0.0000 0.0000 0.0000 0.0000 0.0000 0.0000 0.0000 0.0000 0.0000 0.0000 0.0000 0.0000 0.0000 0.0000 0.0000 0.0000 0.0000 0.0000 0.0000 0.0000 0.0000 0.0000 0.0000 0.0000 0.0000 0.0000 0.0000 0.0000 0.0000 0.0000 0.0000 0.0000 0.0000 0.0000 0.0000 0.0000 0.0000 0.0000 0.0000 0.0000 0.0000 0.0000 0.0000 0.0000 0.0000 0.0000 0.0000 0.0000 0.0000 0.0000 0.0000 0.0000 0.0000 0.0000 0.0000 0.0000 0.0000 0.0000 0.0000 0.0000 0.0000 0.0000 0.0000 0.0000 0.0000 0.0000 0.0000 0.0000 0.0000 0.0000 0.0000 0.0000 0.0000 0.0000 0.0000 0.0000 0.0000 0.0000 0.0000 0.0000 0.0000 0.0000 0.0000 0.0000 0.0000 0.0000 0.0000 0.0000 0.0000 0.0000 0.0000 0.0000 0.0000 0.0000 0.0000 0.0000 0.0000 0.0000 0.0000 0.0000 0.0000 0.0000 0.0000 0.0000 0.0000 0.0000 0.0000 0.0000 0.0000 0.0048 0.0049 0.0048 0.0047 0.0048 0.0000 0.0000 0.0000 0.0000 0.0000 0.0000 0.0000 0.0000 0.0000 0.0000 0.0000 0.0000 0.0000 0.0000 0.0000 0.0000 0.0000 0.0000 0.0000 0.0000 0.0000 0.0000 0.0048 0.0047 0.0048 0.0049 0.0046 0.0049 0.0047 0.0047 0.0000 0.0000 0.0000 0.0000 0.0000 0.0000 0.0000 0.0000 0.0000 0.0000 0.0000 0.0000 0.0000 0.0000 0.0000 0.0000 0.0000 0.0000 0.0000 0.0000 0.0048 0.0049 0.0048 0.0048 0.0048 0.0047 0.0047 0.0049 0.0047 0.0000 0.0000 0.0000 0.0000 0.0000 0.0000 0.0000 0.0000 0.0000 0.0000 0.0000 0.0000 0.0000 0.0000 0.0000 0.0000 0.0000 0.0000 0.0000 0.0047 0.0048 0.0048 0.0049 0.0050 0.0049 0.0049 0.0049 0.0048 0.0048 0.0046 0.0000 0.0000 0.0000 0.0000 0.0000 0.0000 0.0000 0.0000 0.0000 0.0000 0.0000 0.0000 0.0000 0.0000 0.0000 0.0000 0.0000 0.0047 0.0047 0.0048 0.0000 0.0000 0.0000 0.0047 0.0048 0.0048 0.0047 0.0048 0.0047 0.0000 0.0000 0.0000 0.0000 0.0000 0.0000 0.0000 0.0000 0.0000 0.0000 0.0000 0.0000 0.0000 0.0000 0.0000 0.0000 0.0000 0.0049 0.0050 0.0000 0.0000 0.0000 0.0000 0.0048 0.0048 0.0048 0.0049 0.0047 0.0049 0.0000 0.0000 0.0000 0.0000 0.0000 0.0000 0.0000 0.0000 0.0000 0.0000 0.0000 0.0000 0.0000 0.0000 0.0000 0.0047 0.0047 0.0048 0.0000 0.0000 0.0000 0.0000 0.0000 0.0047 0.0049 0.0048 0.0048 0.0048 0.0000 0.0000 0.0000 0.0000 0.0000 0.0000 0.0000 0.0000 0.0000 0.0000 0.0000 0.0000 0.0000 0.0000 0.0000 0.0046 0.0047 0.0048 0.0000 0.0048 0.0050 0.0048 0.0049 0.0048 0.0047 0.0048 0.0048 0.0048 0.0000 0.0000 0.0000 0.0000 0.0000 0.0000 0.0000 0.0000 0.0000 0.0000 0.0000 0.0000 0.0000 0.0000 0.0000 0.0048 0.0047 0.0048 0.0048 0.0046 0.0048 0.0047 0.0048 0.0047 0.0048 0.0048 0.0047 0.0048 0.0047 0.0049 0.0000 0.0000 0.0000 0.0000 0.0000 0.0000 0.0000 0.0000 0.0000 0.0000 0.0000 0.0000 0.0000 0.0048 0.0048 0.0046 0.0048 0.0049 0.0048 0.0048 0.0049 0.0049 0.0047 0.0048 0.0047 0.0048 0.0048 0.0048 0.0048 0.0048 0.0000 0.0000 0.0000 0.0000 0.0000 0.0000 0.0000 0.0000 0.0000 0.0000 0.0000 0.0000 0.0000 0.0000 0.0000 0.0048 0.0048 0.0047 0.0047 0.0047 0.0047 0.0048 0.0049 0.0049 0.0049 0.0049 0.0047 0.0049 0.0047 0.0000 0.0000 0.0000 0.0000 0.0000 0.0000 0.0000 0.0000 0.0000 0.0000 0.0000 0.0000 0.0000 0.0000 0.0000 0.0000 0.0047 0.0048 0.0048 0.0047 0.0049 0.0049 0.0048 0.0049 0.0048 0.0048 0.0046 0.0047 0.0046 0.0000 0.0000 0.0000 0.0000 0.0000 0.0000 0.0000 0.0000 0.0000 0.0000 0.0000 0.0000 0.0000 0.0049 0.0048 0.0000 0.0000 0.0000 0.0000 0.0000 0.0000 0.0000 0.0000 0.0049 0.0047 0.0047 0.0048 0.0050 0.0000 0.0000 0.0000 0.0000 0.0000 0.0000 0.0000 0.0000 0.0000 0.0000 0.0000 0.0000 0.0046 0.0047 0.0049 0.0050 0.0000 0.0000 0.0000 0.0000 0.0000 0.0000 0.0000 0.0000 0.0047 0.0049 0.0047 0.0046 0.0048 0.0000 0.0000 0.0000 0.0000 0.0000 0.0000 0.0000 0.0000 0.0000 0.0000 0.0000 0.0048 0.0048 0.0047 0.0046 0.0046 0.0000 0.0000 0.0000 0.0000 0.0000 0.0000 0.0000 0.0000 0.0048 0.0047 0.0049 0.0047 0.0000 0.0000 0.0000 0.0000 0.0000 0.0000 0.0000 0.0000 0.0000 0.0000 0.0000 0.0000 0.0048 0.0047 0.0049 0.0047 0.0000 0.0000 0.0000 0.0000 0.0000 0.0000 0.0000 0.0000 0.0047 0.0046 0.0048 0.0047 0.0000 0.0000 0.0000 0.0000 0.0000 0.0000 0.0000 0.0000 0.0000 0.0000 0.0000 0.0000 0.0049 0.0048 0.0047 0.0048 0.0047 0.0048 0.0000 0.0000 0.0000 0.0000 0.0048 0.0049 0.0048 0.0049 0.0048 0.0048 0.0000 0.0000 0.0000 0.0000 0.0000 0.0000 0.0000 0.0000 0.0000 0.0000 0.0000 0.0000 0.0000 0.0049 0.0047 0.0049 0.0047 0.0048 0.0047 0.0047 0.0047 0.0048 0.0048 0.0048 0.0048 0.0049 0.0048 0.0046 0.0000 0.0000 0.0000 0.0000 0.0000 0.0000 0.0000 0.0000 0.0000 0.0000 0.0000 0.0000 0.0000 0.0000 0.0000 0.0047 0.0047 0.0048 0.0047 0.0047 0.0046 0.0048 0.0047 0.0049 0.0048 0.0048 0.0048 0.0000 0.0000 0.0000 0.0000 0.0000 0.0000 0.0000 0.0000 0.0000 0.0000 0.0000 0.0000 0.0000 0.0000 0.0000 0.0000 0.0000 0.0000 0.0047 0.0048 0.0047 0.0048 0.0048 0.0047 0.0047 0.0049 0.0000 0.0000 0.0000 0.0000 0.0000 0.0000 0.0000 0.0000 0.0000 0.0000 0.0000 0.0000 0.0000 0.0000 0.0000 0.0000 0.0000 0.0000 0.0000 0.0000 0.0000 0.0000 0.0000 0.0000 0.0000 0.0000 0.0000 0.0000 0.0000 0.0000 0.0000 0.0000 0.0000 0.0000 0.0000 0.0000 0.0000 0.0000 0.0000 0.0000 0.0000 0.0000 0.0000 0.0000 0.0000 0.0000 0.0000 0.0000 0.0000 0.0000 0.0000 0.0000 0.0000 0.0000 0.0000 0.0000 0.0000 0.0000 0.0000 0.0000 0.0000 0.0000 0.0000 0.0000 0.0000 0.0000 0.0000 0.0000 0.0000 0.0000 0.0000 0.0000 0.0000 0.0000 0.0000 0.0000 0.0000 0.0000 0.0000 0.0000 0.0000 0.0000 0.0000 0.0000 0.0000 0.0000 0.0000 0.0000 0.0000 0.0000 0.0000 0.0000 0.0000 0.0000 0.0000 0.0000 0.0000 0.0000 0.0000 0.0000 0.0000 0.0000 0.0000 0.0000 0.0000 0.0000 0.0000 0.0000 0.0000 0.0000 0.0000 0.0000 0.0000 0.0000 0.0000 0.0000 0.0000 0.0000 
### Terminating execution. Total running time: 26.753 sec
Executing command: ./xptools/nushap/nushap.py -ds ../../Datasets_CACM25v2/mnist/sample/shap-sample-19.csv -if ../../Datasets_CACM25v2/mnist/inst/shap-inst-19.csv --error 0.0015 --alpha 0.015 --verb 10
Copyright (C) 2024 Joao Marques-Silva

This program is private and unlicensed. This program may not
be modified. No parts of this program may be redistributed.
For additional restrictions, see the file NOTICES.md.
### Done parsing arguments. Elapsed time: 0.304 sec
### Done parsing dataset & instance. Elapsed time: 0.028 sec
## WCXps:
      | pixel_0_0  pixel_0_1  pixel_0_2  pixel_0_3  pixel_0_4  pixel_0_5  pixel_0_6  pixel_0_7  pixel_0_8  pixel_0_9  …  pixel_27_25  pixel_27_26  pixel_27_27  _RefID_  _TCounts_
     |     bool8      bool8      bool8      bool8      bool8      bool8      bool8      bool8      bool8      bool8           bool8        bool8        bool8    int32      int32
---- + ---------  ---------  ---------  ---------  ---------  ---------  ---------  ---------  ---------  ---------     -----------  -----------  -----------  -------  ---------
   0 |         0          0          0          0          0          0          0          0          0          0  …            0            0            0      900        111
   1 |         0          0          0          0          0          0          0          0          0          0  …            0            0            0      526        112
   2 |         0          0          0          0          0          0          0          0          0          0  …            0            0            0      821        114
   3 |         0          0          0          0          0          0          0          0          0          0  …            0            0            0      822        115
   4 |         0          0          0          0          0          0          0          0          0          0  …            0            0            0     1406        115
   5 |         0          0          0          0          0          0          0          0          0          0  …            0            0            0      898        117
   6 |         0          0          0          0          0          0          0          0          0          0  …            0            0            0      899        117
   7 |         0          0          0          0          0          0          0          0          0          0  …            0            0            0      157        118
   8 |         0          0          0          0          0          0          0          0          0          0  …            0            0            0      472        118
   9 |         0          0          0          0          0          0          0          0          0          0  …            0            0            0     1976        118
  10 |         0          0          0          0          0          0          0          0          0          0  …            0            0            0     1977        118
  11 |         0          0          0          0          0          0          0          0          0          0  …            0            0            0     2093        118
  12 |         0          0          0          0          0          0          0          0          0          0  …            0            0            0      390        119
  13 |         0          0          0          0          0          0          0          0          0          0  …            0            0            0      473        119
  14 |         0          0          0          0          0          0          0          0          0          0  …            0            0            0     1143        119
   … |         …          …          …          …          …          …          …          …          …          …  …            …            …            …        …          …
1470 |         0          0          0          0          0          0          0          0          0          0  …            0            0            0     1512        277
1471 |         0          0          0          0          0          0          0          0          0          0  …            0            0            0     2217        280
1472 |         0          0          0          0          0          0          0          0          0          0  …            0            0            0     2218        281
1473 |         0          0          0          0          0          0          0          0          0          0  …            0            0            0     1517        283
1474 |         0          0          0          0          0          0          0          0          0          0  …            0            0            0     1629        284
[1475 rows x 786 columns]

## Reduced WCXps:
      | pixel_0_0  pixel_0_1  pixel_0_2  pixel_0_3  pixel_0_4  pixel_0_5  pixel_0_6  pixel_0_7  pixel_0_8  pixel_0_9  …  pixel_27_25  pixel_27_26  pixel_27_27  _RefID_  _TCounts_
     |     bool8      bool8      bool8      bool8      bool8      bool8      bool8      bool8      bool8      bool8           bool8        bool8        bool8    int32      int32
---- + ---------  ---------  ---------  ---------  ---------  ---------  ---------  ---------  ---------  ---------     -----------  -----------  -----------  -------  ---------
   0 |         0          0          0          0          0          0          0          0          0          0  …            0            0            0      900        111
   1 |         0          0          0          0          0          0          0          0          0          0  …            0            0            0      526        112
   2 |         0          0          0          0          0          0          0          0          0          0  …            0            0            0      821        114
   3 |         0          0          0          0          0          0          0          0          0          0  …            0            0            0      822        115
   4 |         0          0          0          0          0          0          0          0          0          0  …            0            0            0     1406        115
   5 |         0          0          0          0          0          0          0          0          0          0  …            0            0            0      898        117
   6 |         0          0          0          0          0          0          0          0          0          0  …            0            0            0      472        118
   7 |         0          0          0          0          0          0          0          0          0          0  …            0            0            0      157        118
   8 |         0          0          0          0          0          0          0          0          0          0  …            0            0            0     1976        118
   9 |         0          0          0          0          0          0          0          0          0          0  …            0            0            0     2093        118
  10 |         0          0          0          0          0          0          0          0          0          0  …            0            0            0      473        119
  11 |         0          0          0          0          0          0          0          0          0          0  …            0            0            0      390        119
  12 |         0          0          0          0          0          0          0          0          0          0  …            0            0            0     1143        119
  13 |         0          0          0          0          0          0          0          0          0          0  …            0            0            0     1209        119
  14 |         0          0          0          0          0          0          0          0          0          0  …            0            0            0     1142        121
   … |         …          …          …          …          …          …          …          …          …          …  …            …            …            …        …          …
1285 |         0          0          0          0          0          0          0          0          0          0  …            0            0            0     1512        277
1286 |         0          0          0          0          0          0          0          0          0          0  …            0            0            0     2217        280
1287 |         0          0          0          0          0          0          0          0          0          0  …            0            0            0     2218        281
1288 |         0          0          0          0          0          0          0          0          0          0  …            0            0            0     1517        283
1289 |         0          0          0          0          0          0          0          0          0          0  …            0            0            0     1629        284
[1290 rows x 786 columns]

WCXp matrix density: 21.596%
CXp matrix density: 21.432%
### Done setting up AXp/CXp info. Elapsed time: 1.001 sec
### mval: 523255
### Svs: 0.0000 0.0000 0.0000 0.0000 0.0000 0.0000 0.0000 0.0000 0.0000 0.0000 0.0000 0.0000 0.0000 0.0000 0.0000 0.0000 0.0000 0.0000 0.0000 0.0000 0.0000 0.0000 0.0000 0.0000 0.0000 0.0000 0.0000 0.0000 0.0000 0.0000 0.0000 0.0000 0.0000 0.0000 0.0000 0.0000 0.0000 0.0000 0.0000 0.0000 0.0000 0.0000 0.0000 0.0000 0.0000 0.0000 0.0000 0.0000 0.0000 0.0000 0.0000 0.0000 0.0000 0.0000 0.0000 0.0000 0.0000 0.0000 0.0000 0.0000 0.0000 0.0000 0.0000 0.0000 0.0000 0.0000 0.0000 0.0000 0.0000 0.0000 0.0000 0.0000 0.0000 0.0000 0.0000 0.0000 0.0000 0.0000 0.0000 0.0000 0.0000 0.0000 0.0000 0.0000 0.0000 0.0000 0.0000 0.0000 0.0000 0.0000 0.0000 0.0000 0.0000 0.0000 0.0000 0.0000 0.0000 0.0000 0.0000 0.0000 0.0000 0.0000 0.0000 0.0000 0.0000 0.0000 0.0000 0.0000 0.0000 0.0000 0.0000 0.0000 0.0000 0.0000 0.0000 0.0000 0.0000 0.0000 0.0000 0.0000 0.0000 0.0000 0.0000 0.0000 0.0000 0.0000 0.0000 0.0000 0.0000 0.0000 0.0000 0.0000 0.0000 0.0000 0.0000 0.0000 0.0000 0.0000 0.0000 0.0000 0.0000 0.0000 0.0000 0.0000 0.0000 0.0000 0.0000 0.0000 0.0000 0.0000 0.0000 0.0000 0.0000 0.0000 0.0000 0.0000 0.0000 0.0000 0.0096 0.0096 0.0000 0.0000 0.0000 0.0000 0.0000 0.0000 0.0000 0.0000 0.0000 0.0000 0.0000 0.0000 0.0000 0.0000 0.0000 0.0000 0.0000 0.0000 0.0000 0.0000 0.0000 0.0000 0.0000 0.0000 0.0000 0.0094 0.0096 0.0099 0.0000 0.0000 0.0000 0.0000 0.0000 0.0000 0.0000 0.0000 0.0000 0.0000 0.0000 0.0000 0.0000 0.0000 0.0000 0.0000 0.0000 0.0000 0.0000 0.0000 0.0000 0.0000 0.0000 0.0000 0.0000 0.0096 0.0094 0.0093 0.0000 0.0000 0.0000 0.0000 0.0000 0.0000 0.0000 0.0000 0.0000 0.0000 0.0000 0.0000 0.0000 0.0000 0.0000 0.0000 0.0000 0.0096 0.0093 0.0097 0.0000 0.0000 0.0000 0.0000 0.0000 0.0095 0.0093 0.0096 0.0000 0.0000 0.0000 0.0000 0.0000 0.0000 0.0000 0.0000 0.0000 0.0000 0.0000 0.0000 0.0000 0.0000 0.0000 0.0000 0.0000 0.0094 0.0094 0.0094 0.0000 0.0000 0.0000 0.0000 0.0000 0.0096 0.0095 0.0094 0.0000 0.0000 0.0000 0.0000 0.0000 0.0000 0.0000 0.0000 0.0000 0.0000 0.0000 0.0000 0.0000 0.0000 0.0000 0.0000 0.0000 0.0095 0.0095 0.0094 0.0000 0.0000 0.0000 0.0000 0.0000 0.0094 0.0096 0.0096 0.0000 0.0000 0.0000 0.0000 0.0000 0.0000 0.0000 0.0000 0.0000 0.0000 0.0000 0.0000 0.0000 0.0000 0.0000 0.0000 0.0097 0.0096 0.0095 0.0094 0.0000 0.0000 0.0000 0.0000 0.0000 0.0094 0.0095 0.0000 0.0000 0.0000 0.0000 0.0000 0.0000 0.0000 0.0000 0.0000 0.0000 0.0000 0.0000 0.0000 0.0000 0.0000 0.0000 0.0000 0.0095 0.0092 0.0094 0.0000 0.0000 0.0000 0.0000 0.0000 0.0097 0.0096 0.0095 0.0000 0.0000 0.0000 0.0000 0.0000 0.0000 0.0000 0.0000 0.0000 0.0000 0.0000 0.0000 0.0000 0.0000 0.0000 0.0000 0.0000 0.0095 0.0094 0.0096 0.0000 0.0000 0.0000 0.0000 0.0000 0.0094 0.0096 0.0095 0.0000 0.0000 0.0000 0.0000 0.0000 0.0000 0.0000 0.0000 0.0000 0.0000 0.0000 0.0000 0.0000 0.0000 0.0000 0.0000 0.0094 0.0096 0.0094 0.0094 0.0095 0.0096 0.0095 0.0097 0.0095 0.0094 0.0097 0.0096 0.0000 0.0000 0.0000 0.0000 0.0000 0.0000 0.0000 0.0000 0.0000 0.0000 0.0000 0.0000 0.0000 0.0000 0.0000 0.0000 0.0093 0.0095 0.0094 0.0094 0.0094 0.0095 0.0096 0.0093 0.0098 0.0095 0.0096 0.0097 0.0095 0.0000 0.0000 0.0000 0.0000 0.0000 0.0000 0.0000 0.0000 0.0000 0.0000 0.0000 0.0000 0.0000 0.0000 0.0000 0.0094 0.0094 0.0093 0.0097 0.0096 0.0000 0.0000 0.0000 0.0000 0.0097 0.0096 0.0097 0.0095 0.0000 0.0000 0.0000 0.0000 0.0000 0.0000 0.0000 0.0000 0.0000 0.0000 0.0000 0.0000 0.0000 0.0000 0.0000 0.0000 0.0097 0.0095 0.0000 0.0000 0.0000 0.0000 0.0000 0.0096 0.0095 0.0097 0.0094 0.0096 0.0000 0.0000 0.0000 0.0000 0.0000 0.0000 0.0000 0.0000 0.0000 0.0000 0.0000 0.0000 0.0000 0.0000 0.0000 0.0000 0.0000 0.0000 0.0000 0.0000 0.0000 0.0000 0.0000 0.0096 0.0096 0.0096 0.0000 0.0000 0.0000 0.0000 0.0000 0.0000 0.0000 0.0000 0.0000 0.0000 0.0000 0.0000 0.0000 0.0000 0.0000 0.0000 0.0000 0.0000 0.0000 0.0000 0.0000 0.0000 0.0000 0.0000 0.0000 0.0094 0.0096 0.0095 0.0000 0.0000 0.0000 0.0000 0.0000 0.0000 0.0000 0.0000 0.0000 0.0000 0.0000 0.0000 0.0000 0.0000 0.0000 0.0000 0.0000 0.0000 0.0000 0.0000 0.0000 0.0000 0.0000 0.0000 0.0000 0.0097 0.0095 0.0094 0.0000 0.0000 0.0000 0.0000 0.0000 0.0000 0.0000 0.0000 0.0000 0.0000 0.0000 0.0000 0.0000 0.0000 0.0000 0.0000 0.0000 0.0000 0.0000 0.0000 0.0000 0.0000 0.0000 0.0000 0.0000 0.0094 0.0096 0.0095 0.0000 0.0000 0.0000 0.0000 0.0000 0.0000 0.0000 0.0000 0.0000 0.0000 0.0000 0.0000 0.0000 0.0000 0.0000 0.0000 0.0000 0.0000 0.0000 0.0000 0.0000 0.0000 0.0000 0.0000 0.0000 0.0096 0.0000 0.0096 0.0000 0.0000 0.0000 0.0000 0.0000 0.0000 0.0000 0.0000 0.0000 0.0000 0.0000 0.0000 0.0000 0.0000 0.0000 0.0000 0.0000 0.0000 0.0000 0.0000 0.0000 0.0000 0.0000 0.0000 0.0000 0.0093 0.0099 0.0095 0.0000 0.0000 0.0000 0.0000 0.0000 0.0000 0.0000 0.0000 0.0000 0.0000 0.0000 0.0000 0.0000 0.0000 0.0000 0.0000 0.0000 0.0000 0.0000 0.0000 0.0000 0.0000 0.0000 0.0000 0.0000 0.0096 0.0096 0.0095 0.0000 0.0000 0.0000 0.0000 0.0000 0.0000 0.0000 0.0000 0.0000 0.0000 0.0000 0.0000 0.0000 0.0000 0.0000 0.0000 0.0000 0.0000 0.0000 0.0000 0.0000 0.0000 0.0000 0.0000 0.0000 0.0000 0.0000 0.0000 0.0000 0.0000 0.0000 0.0000 0.0000 0.0000 0.0000 0.0000 0.0000 0.0000 0.0000 0.0000 0.0000 0.0000 0.0000 0.0000 0.0000 0.0000 0.0000 0.0000 0.0000 0.0000 0.0000 0.0000 0.0000 0.0000 0.0000 0.0000 0.0000 0.0000 0.0000 0.0000 0.0000 0.0000 0.0000 0.0000 0.0000 0.0000 0.0000 0.0000 0.0000 0.0000 0.0000 0.0000 0.0000 0.0000 0.0000 0.0000 0.0000 0.0000 0.0000 0.0000 0.0000 0.0000 0.0000 0.0000 0.0000 0.0000 0.0000 0.0000 0.0000 0.0000 0.0000 0.0000 0.0000 0.0000 
### Terminating execution. Total running time: 60.122 sec
