2024-12-23 00:57:48.086525: I tensorflow/core/platform/cpu_feature_guard.cc:193] This TensorFlow binary is optimized with oneAPI Deep Neural Network Library (oneDNN) to use the following CPU instructions in performance-critical operations:  AVX2 FMA
To enable them in other operations, rebuild TensorFlow with the appropriate compiler flags.
x_train shape: (60000, 28, 28, 1)
60000 train samples
10000 test samples
2024-12-23 00:58:00.555213: I tensorflow/core/platform/cpu_feature_guard.cc:193] This TensorFlow binary is optimized with oneAPI Deep Neural Network Library (oneDNN) to use the following CPU instructions in performance-critical operations:  AVX2 FMA
To enable them in other operations, rebuild TensorFlow with the appropriate compiler flags.
Epoch 1/12
469/469 [==============================] - 54s 114ms/step - loss: 2.2920 - accuracy: 0.1231 - val_loss: 2.2715 - val_accuracy: 0.1968
Epoch 2/12
469/469 [==============================] - 52s 110ms/step - loss: 2.2561 - accuracy: 0.2047 - val_loss: 2.2295 - val_accuracy: 0.3745
Epoch 3/12
469/469 [==============================] - 52s 111ms/step - loss: 2.2125 - accuracy: 0.2896 - val_loss: 2.1750 - val_accuracy: 0.4532
Epoch 4/12
469/469 [==============================] - 61s 130ms/step - loss: 2.1534 - accuracy: 0.3683 - val_loss: 2.1013 - val_accuracy: 0.5084
Epoch 5/12
469/469 [==============================] - 55s 118ms/step - loss: 2.0747 - accuracy: 0.4304 - val_loss: 2.0019 - val_accuracy: 0.5735
Epoch 6/12
469/469 [==============================] - 52s 111ms/step - loss: 1.9697 - accuracy: 0.4840 - val_loss: 1.8709 - val_accuracy: 0.6413
Epoch 7/12
469/469 [==============================] - 52s 110ms/step - loss: 1.8390 - accuracy: 0.5340 - val_loss: 1.7074 - val_accuracy: 0.7014
Epoch 8/12
469/469 [==============================] - 52s 111ms/step - loss: 1.6823 - accuracy: 0.5771 - val_loss: 1.5172 - val_accuracy: 0.7439
Epoch 9/12
469/469 [==============================] - 52s 111ms/step - loss: 1.5176 - accuracy: 0.6113 - val_loss: 1.3219 - val_accuracy: 0.7757
Epoch 10/12
469/469 [==============================] - 52s 110ms/step - loss: 1.3626 - accuracy: 0.6402 - val_loss: 1.1447 - val_accuracy: 0.7955
Epoch 11/12
469/469 [==============================] - 52s 112ms/step - loss: 1.2271 - accuracy: 0.6651 - val_loss: 0.9983 - val_accuracy: 0.8104
Epoch 12/12
469/469 [==============================] - 52s 111ms/step - loss: 1.1169 - accuracy: 0.6846 - val_loss: 0.8837 - val_accuracy: 0.8206
Test loss: 0.8836759924888611
Test accuracy: 0.8205999732017517
0-th data point, prediction: 7
SHAP scores:  [ 0.00000000e+00  0.00000000e+00  0.00000000e+00  0.00000000e+00
  0.00000000e+00  0.00000000e+00  0.00000000e+00  0.00000000e+00
  0.00000000e+00  0.00000000e+00  0.00000000e+00  0.00000000e+00
  0.00000000e+00  0.00000000e+00  0.00000000e+00  0.00000000e+00
  0.00000000e+00  0.00000000e+00  0.00000000e+00  0.00000000e+00
  0.00000000e+00  0.00000000e+00  0.00000000e+00  0.00000000e+00
  0.00000000e+00  0.00000000e+00  0.00000000e+00  0.00000000e+00
  0.00000000e+00  0.00000000e+00  0.00000000e+00  0.00000000e+00
  0.00000000e+00  0.00000000e+00  0.00000000e+00 -7.91623901e-09
 -1.35041645e-08  1.86264633e-09 -5.82076607e-11 -3.72528955e-09
  1.99195609e-15  2.00234644e-08 -7.45057761e-09  0.00000000e+00
 -2.23516830e-08  4.28409492e-08 -1.39698382e-09 -1.30385029e-08
  4.65661299e-10  0.00000000e+00  0.00000000e+00  0.00000000e+00
  0.00000000e+00  0.00000000e+00  0.00000000e+00  0.00000000e+00
  0.00000000e+00  0.00000000e+00  0.00000000e+00  0.00000000e+00
  0.00000000e+00  0.00000000e+00 -7.45056167e-09 -7.45057761e-09
  2.84053879e-08 -5.58791545e-08 -1.39698261e-08  0.00000000e+00
 -3.16649215e-08  3.72529105e-09 -7.45057761e-09 -7.45057761e-09
  3.58720483e-03  1.49011672e-08  3.72529105e-09 -4.40048829e-08
 -2.23517149e-08  6.51926131e-09 -7.45056984e-08  1.49011731e-08
  1.39698511e-08  2.98023702e-08  0.00000000e+00  0.00000000e+00
  0.00000000e+00  0.00000000e+00  2.56113743e-09 -5.58793178e-09
 -1.49010855e-08 -2.79396681e-09  2.98023702e-08  1.49011731e-08
  2.79396814e-09  5.96048360e-08  4.84288204e-08 -2.32830614e-09
  2.98024658e-08  1.59186180e-04 -5.58793178e-09  7.06644799e-04
 -5.96045492e-08  2.23518006e-08 -5.02913187e-08  0.00000000e+00
 -4.36557447e-10  1.49011731e-08 -2.98023065e-08  0.00000000e+00
  9.31323041e-09  2.23517527e-08  0.00000000e+00  0.00000000e+00
  0.00000000e+00  0.00000000e+00  9.31322621e-10 -1.49011492e-08
 -1.86264408e-08  1.49011731e-08  9.31322621e-10  4.09783076e-08
  0.00000000e+00  7.45058358e-09  2.44400737e-03  2.07153851e-04
  1.49011731e-08  1.64100852e-03 -1.30385029e-08  2.57243398e-04
  5.27835006e-06  5.91212402e-04  3.61600860e-04  8.24374867e-05
 -1.49010855e-08 -1.49010855e-08  3.72530255e-08  1.49011970e-08
  3.04462127e-03 -5.21540134e-08  0.00000000e+00  0.00000000e+00
  0.00000000e+00  0.00000000e+00 -5.96044535e-08 -1.76951180e-08
 -4.19095089e-09 -6.33298387e-08 -4.47034398e-08  1.49011731e-08
 -1.86264496e-09  5.96047404e-08  1.02487503e-03 -7.45056984e-08
  2.08824319e-04  0.00000000e+00  1.06572861e-02  1.42493959e-04
  4.37469870e-03  4.28006582e-03  9.99019485e-04 -2.98022746e-08
  3.50031068e-03  2.56113722e-09 -2.98022746e-08 -2.32830641e-10
 -4.47034398e-08  1.49013644e-08 -1.46683185e-08  0.00000000e+00
  0.00000000e+00  0.00000000e+00 -1.49011492e-08  1.86264622e-08
 -1.86264496e-09  1.37100509e-06  1.49012369e-08  1.49011731e-08
  4.47035274e-08  5.27826083e-04  4.47719784e-04  4.66727912e-03
  5.73846611e-03  2.05046604e-04  2.98024658e-08  7.35748365e-03
  4.16026302e-03  7.75041477e-03  5.13864878e-03  3.18712974e-14
  7.32166390e-04  3.60736295e-06 -1.49011492e-08 -8.94067919e-08
 -1.30385029e-08  2.98023702e-08  2.97732664e-08  3.72529458e-08
  0.00000000e+00  0.00000000e+00 -1.49011492e-08 -9.31320913e-09
  7.45058358e-09 -1.86264408e-08  1.91927478e-03  3.58875199e-03
 -1.20863650e-03  8.96182842e-04 -3.07160639e-04  1.58061614e-03
  4.99051229e-04  1.31868436e-03  2.72074204e-03  4.47597397e-03
  1.76992777e-03  2.30055449e-03  3.27464543e-03  4.07192247e-04
  1.81242056e-03  2.41315041e-03  3.80074770e-03  7.45058358e-09
  0.00000000e+00 -5.58791545e-08  0.00000000e+00  2.98023383e-08
  0.00000000e+00  0.00000000e+00 -7.91623901e-09 -7.45057761e-09
 -9.31321809e-09  7.45058358e-09  1.51945073e-02  7.34656506e-03
  1.24656546e-02  1.28990257e-02  5.93589856e-03  3.06082959e-04
  4.46521332e-03  7.52506632e-04  9.39863452e-04  1.81980973e-03
  2.83201366e-03  2.33122126e-03  2.49698209e-03 -3.02698844e-04
  1.26182994e-03  4.94003055e-04  1.32276712e-05  7.40549998e-05
  1.86264821e-08  8.38192090e-09 -3.72528557e-09  0.00000000e+00
  0.00000000e+00  1.49011731e-08 -3.72528602e-08  1.21072073e-08
 -4.63812335e-04 -1.77857438e-03  9.52587206e-04  3.47788323e-03
  2.38587730e-03  2.67428063e-03 -3.89788541e-04 -4.69172435e-04
  5.11397171e-03  1.52605918e-03  6.02804553e-03  4.29456199e-03
  7.63589564e-03  6.10690312e-03  3.59414230e-03  2.35418821e-03
  3.47418488e-03  2.40554508e-03  7.10946234e-04  9.31322842e-09
 -3.72520731e-07 -8.94068237e-08 -1.49011552e-08 -1.11758562e-08
  0.00000000e+00  2.92202942e-08  7.17104193e-14  6.51926131e-09
  0.00000000e+00 -3.72528955e-09  1.21072073e-08  3.16650135e-08
 -1.18925036e-05 -1.13214998e-03 -1.27824451e-04 -1.00905552e-03
  1.97191759e-04 -1.91166172e-03  3.61658654e-04 -1.29066343e-03
  4.56590892e-04 -1.71194318e-03 -2.67344507e-03  1.09164816e-02
  1.49574233e-03  2.01050954e-03  2.98023702e-08 -1.28056845e-09
 -1.71433280e-04 -1.67637952e-08  3.72529458e-08 -7.63681571e-08
  0.00000000e+00 -3.16649215e-08  9.31323041e-09  2.74740665e-08
  4.65661354e-09  9.31323041e-09 -6.32932750e-05 -1.50530430e-04
 -5.02779660e-06  7.50071268e-06  2.85736512e-03  6.31084916e-04
  2.61688477e-04  1.08532681e-04 -1.86123921e-04  6.81234143e-06
 -2.19016809e-03 -2.74793939e-03  4.50996702e-04  3.91808733e-03
  5.79727450e-03  3.48345567e-04  7.45058956e-09  7.45058358e-09
  1.51340037e-08  0.00000000e+00  3.72529105e-09  0.00000000e+00
  0.00000000e+00  2.23517687e-08 -1.49011492e-08  3.18712974e-14
 -2.79396730e-09  2.98024658e-08 -2.40638244e-05 -8.26284889e-05
 -4.65660653e-10  1.07112317e-03  2.14779318e-03  3.34188036e-03
  6.85711985e-04  6.59703916e-04  6.64812104e-03  1.10934372e-03
 -8.62332595e-04 -1.46931363e-03  2.88731942e-03  1.00811301e-02
  2.19142292e-04  1.20465371e-04  8.71218867e-05  9.31322621e-10
 -9.31322307e-09  3.11993527e-08  2.79396864e-09  0.00000000e+00
  0.00000000e+00 -5.40165045e-08  3.72529105e-09  3.35276732e-08
 -3.72528761e-08  1.39698511e-08  3.14276770e-04 -6.87835761e-05
  3.13605766e-03  6.10523556e-03  6.58631235e-03  2.18725093e-03
  6.18092260e-03  7.51494336e-03  8.68176479e-03  1.27425986e-04
 -6.26479186e-04  6.32398579e-04  4.39741700e-03  5.45723414e-03
 -5.67775311e-04 -3.43477585e-03  2.98023702e-08  7.15417427e-04
  9.52115909e-06 -2.21189094e-09 -2.23517149e-08  0.00000000e+00
  0.00000000e+00 -3.72528955e-09  1.25728682e-08  4.88944418e-09
 -1.30766582e-04 -4.88944239e-09 -3.72528283e-08  4.09309169e-03
  3.74323284e-05  4.60883847e-04  1.64147909e-02  3.08501070e-08
  1.53504073e-02  6.14294618e-03  1.08311534e-02  1.65572500e-03
 -1.16706220e-03 -1.20556430e-04  1.46593869e-03  2.08586759e-04
  1.25716101e-03  4.09783076e-08  5.19351618e-04 -7.45048200e-09
 -7.45048200e-09  3.30619963e-08  1.49011731e-08  0.00000000e+00
  0.00000000e+00  0.00000000e+00 -4.42377140e-08  0.00000000e+00
  1.49011731e-08 -2.98022746e-08 -6.89175551e-08  5.58793912e-09
  2.46800735e-08  2.72844622e-04  1.31915339e-02  7.90261680e-03
  9.27962349e-03  1.17055168e-02  3.00805346e-03  0.00000000e+00
 -3.95818239e-03  3.84308119e-03  4.36560022e-03 -1.00619270e-03
  8.64306495e-04  0.00000000e+00  0.00000000e+00 -1.08033663e-04
  0.00000000e+00  0.00000000e+00  0.00000000e+00  0.00000000e+00
  0.00000000e+00  0.00000000e+00  0.00000000e+00  0.00000000e+00
  0.00000000e+00  0.00000000e+00  0.00000000e+00  0.00000000e+00
  0.00000000e+00  5.61048966e-03  0.00000000e+00  8.36932967e-04
  1.65908718e-04  4.22701993e-03 -3.19625349e-04 -5.43284070e-04
  2.89978190e-03  3.92099862e-03  6.52329614e-04  4.36171482e-04
 -1.05425302e-04  1.08641536e-03  7.06746328e-03  0.00000000e+00
  0.00000000e+00  0.00000000e+00  0.00000000e+00  0.00000000e+00
  0.00000000e+00  0.00000000e+00  0.00000000e+00  0.00000000e+00
  0.00000000e+00  1.10852599e-03  0.00000000e+00  0.00000000e+00
  7.36211488e-03  0.00000000e+00  0.00000000e+00  5.84693636e-03
  2.60804820e-04  0.00000000e+00 -3.04839148e-03 -2.52078784e-04
  7.64493113e-05  4.39807697e-03  7.43236238e-04  0.00000000e+00
  1.67310749e-03  0.00000000e+00  0.00000000e+00  0.00000000e+00
  0.00000000e+00  0.00000000e+00  0.00000000e+00  0.00000000e+00
  0.00000000e+00  0.00000000e+00  0.00000000e+00  0.00000000e+00
  0.00000000e+00  0.00000000e+00  0.00000000e+00  1.57573369e-04
  0.00000000e+00  5.54240881e-03  2.85865584e-03  4.22121985e-03
  1.11340669e-03 -1.92171201e-03  7.40905154e-06  1.10550786e-04
  5.57729268e-03 -2.05337757e-03  3.30819886e-03  0.00000000e+00
  1.12569973e-02  0.00000000e+00  0.00000000e+00  0.00000000e+00
  0.00000000e+00  0.00000000e+00  0.00000000e+00  0.00000000e+00
  0.00000000e+00  0.00000000e+00  0.00000000e+00  0.00000000e+00
  0.00000000e+00  1.23595817e-02  0.00000000e+00  1.14115063e-02
  1.37357531e-02  7.57051835e-04  0.00000000e+00  4.83270780e-03
 -3.52787388e-03  7.52160711e-04 -2.08927295e-04  8.72077570e-04
 -8.49769921e-04  0.00000000e+00  2.73192369e-03  3.09374740e-03
  2.26213330e-03  0.00000000e+00  0.00000000e+00  0.00000000e+00
  0.00000000e+00  0.00000000e+00  0.00000000e+00  0.00000000e+00
  0.00000000e+00  0.00000000e+00  0.00000000e+00  0.00000000e+00
  5.56789097e-04  0.00000000e+00  0.00000000e+00  0.00000000e+00
  1.02389549e-03  0.00000000e+00  9.35100704e-03  1.01371427e-03
  2.18636163e-05  6.88845733e-03  2.38381240e-03 -1.04391194e-03
  2.82472901e-04  2.44788881e-03  7.56976938e-04  0.00000000e+00
  0.00000000e+00  0.00000000e+00  0.00000000e+00  0.00000000e+00
  0.00000000e+00  0.00000000e+00  0.00000000e+00  0.00000000e+00
  0.00000000e+00  0.00000000e+00  0.00000000e+00  0.00000000e+00
  3.99083368e-04  0.00000000e+00  0.00000000e+00  0.00000000e+00
  0.00000000e+00  4.99607071e-03  6.79360521e-03  4.41269471e-03
 -2.22890601e-03 -5.87897288e-09  1.94079640e-03  1.89422831e-04
  0.00000000e+00  0.00000000e+00  0.00000000e+00  9.52224181e-03
  0.00000000e+00  0.00000000e+00  1.12434702e-03  0.00000000e+00
  0.00000000e+00  0.00000000e+00  0.00000000e+00  0.00000000e+00
  0.00000000e+00  0.00000000e+00  2.08948772e-03  0.00000000e+00
  4.00073075e-05  0.00000000e+00  0.00000000e+00  0.00000000e+00
  5.32254796e-03  0.00000000e+00  2.12830468e-03  3.96874617e-04
 -3.51981599e-04  5.96605741e-06 -8.03938073e-04  1.19622564e-03
  2.13259049e-03  5.01570753e-03  0.00000000e+00  0.00000000e+00
  0.00000000e+00  0.00000000e+00  0.00000000e+00  0.00000000e+00
  0.00000000e+00  0.00000000e+00  0.00000000e+00  0.00000000e+00
  0.00000000e+00  0.00000000e+00  0.00000000e+00  0.00000000e+00
  0.00000000e+00  3.70585242e-04  0.00000000e+00  0.00000000e+00
  1.49305850e-03  3.26167271e-04  0.00000000e+00  3.26519773e-03
  3.78488369e-03  2.05007086e-03 -7.32101899e-04  1.28169451e-03
  0.00000000e+00  1.26191507e-04  0.00000000e+00  0.00000000e+00
  0.00000000e+00  0.00000000e+00  0.00000000e+00  0.00000000e+00
  0.00000000e+00  0.00000000e+00  0.00000000e+00  0.00000000e+00
  0.00000000e+00  0.00000000e+00  0.00000000e+00  0.00000000e+00
  0.00000000e+00  0.00000000e+00  0.00000000e+00  0.00000000e+00
  0.00000000e+00  0.00000000e+00  1.52134949e-03  3.13842190e-03
  7.25475637e-03  1.00523616e-03  1.52972095e-04  0.00000000e+00
  0.00000000e+00  0.00000000e+00  0.00000000e+00  0.00000000e+00
  0.00000000e+00  0.00000000e+00  0.00000000e+00  0.00000000e+00
  0.00000000e+00  0.00000000e+00  0.00000000e+00  0.00000000e+00
  0.00000000e+00  0.00000000e+00  0.00000000e+00  0.00000000e+00
  0.00000000e+00  0.00000000e+00  0.00000000e+00  0.00000000e+00
  0.00000000e+00  0.00000000e+00  1.89187570e-03  7.51097203e-03
  6.23098006e-03  1.64635054e-03  5.02869492e-04 -1.17088320e-05
  0.00000000e+00  0.00000000e+00  0.00000000e+00  0.00000000e+00
  0.00000000e+00  0.00000000e+00  0.00000000e+00  0.00000000e+00
  0.00000000e+00  0.00000000e+00  0.00000000e+00  0.00000000e+00
  0.00000000e+00  0.00000000e+00  0.00000000e+00  0.00000000e+00
  0.00000000e+00  0.00000000e+00  0.00000000e+00  0.00000000e+00
  0.00000000e+00  0.00000000e+00  1.60913371e-03  3.22190434e-03
  4.07594507e-03  4.61243808e-05  0.00000000e+00  0.00000000e+00
  0.00000000e+00  0.00000000e+00  0.00000000e+00  0.00000000e+00
  0.00000000e+00  0.00000000e+00  0.00000000e+00  0.00000000e+00
  0.00000000e+00  0.00000000e+00  0.00000000e+00  0.00000000e+00
  0.00000000e+00  0.00000000e+00  0.00000000e+00  0.00000000e+00
  0.00000000e+00  0.00000000e+00  0.00000000e+00  0.00000000e+00
  0.00000000e+00  0.00000000e+00  0.00000000e+00  0.00000000e+00
  0.00000000e+00  0.00000000e+00  0.00000000e+00  0.00000000e+00
  0.00000000e+00  0.00000000e+00  0.00000000e+00  0.00000000e+00
  0.00000000e+00  0.00000000e+00  0.00000000e+00  0.00000000e+00
  0.00000000e+00  0.00000000e+00  0.00000000e+00  0.00000000e+00]
SHAP runtime:  586.9946
1-th data point, prediction: 2
SHAP scores:  [ 0.00000000e+00  0.00000000e+00  0.00000000e+00  0.00000000e+00
  0.00000000e+00  0.00000000e+00  0.00000000e+00  0.00000000e+00
  0.00000000e+00  0.00000000e+00  0.00000000e+00  0.00000000e+00
  0.00000000e+00  0.00000000e+00  0.00000000e+00  0.00000000e+00
  0.00000000e+00  0.00000000e+00  0.00000000e+00  0.00000000e+00
  0.00000000e+00  0.00000000e+00  0.00000000e+00  0.00000000e+00
  0.00000000e+00  0.00000000e+00  0.00000000e+00  0.00000000e+00
  0.00000000e+00  0.00000000e+00  0.00000000e+00  0.00000000e+00
  0.00000000e+00  0.00000000e+00  0.00000000e+00 -7.45058479e-09
  7.91624135e-09  5.58793046e-09  2.23517143e-08 -4.65661293e-10
  1.86264465e-08  7.45057920e-09  1.86264465e-08  2.98023149e-08
 -7.45062678e-09  2.23517367e-08  3.72528904e-08  4.65661282e-10
 -3.73157143e-15  0.00000000e+00  0.00000000e+00  0.00000000e+00
  0.00000000e+00  0.00000000e+00  0.00000000e+00  0.00000000e+00
  0.00000000e+00  0.00000000e+00  0.00000000e+00  0.00000000e+00
  0.00000000e+00  0.00000000e+00  3.72528808e-09 -1.49011668e-08
  3.72528829e-08 -3.72529065e-09  1.86264465e-08 -1.07102128e-08
  2.54979761e-06  3.72528456e-08  1.11758584e-08 -3.72529135e-09
 -7.45058130e-09 -7.45058200e-09  2.60770261e-08  2.60770261e-08
 -1.49262857e-14 -2.98023336e-08 -1.49011668e-08 -7.45058200e-09
 -1.49011780e-08  1.86264465e-08  0.00000000e+00  0.00000000e+00
  0.00000000e+00  0.00000000e+00  7.45057173e-09 -7.45059599e-09
  1.86264366e-09 -1.49011715e-08 -5.21541626e-08  7.45057920e-09
  1.39698381e-09 -5.58793996e-08  1.39818638e-03  1.89206710e-03
  4.36034263e-03  5.20762629e-03  3.29468826e-03  2.58966030e-03
  1.85269303e-03  7.45057173e-09 -3.72529251e-09  3.72528829e-08
  3.02679615e-08  1.76951259e-08 -4.09782356e-08 -3.35276336e-08
 -3.72529251e-09 -1.49262857e-14  0.00000000e+00  0.00000000e+00
  0.00000000e+00  0.00000000e+00  1.11758304e-08 -1.49011668e-08
  2.23517292e-08  1.11758677e-08  3.72528995e-09  5.21540180e-08
  6.70551792e-08  3.06802054e-03  6.55841357e-03  6.25542642e-03
  7.46017672e-03  5.52954918e-03  3.95935264e-03  4.88624161e-03
  4.59812973e-03  9.45167511e-04 -1.23287731e-03  1.28127203e-05
 -1.49011631e-08 -2.98023448e-08  0.00000000e+00 -1.02445496e-08
  1.46683249e-08  1.11758696e-08  0.00000000e+00  0.00000000e+00
  0.00000000e+00  0.00000000e+00  1.49011444e-08 -1.86264565e-08
 -2.23517544e-08 -3.16649891e-08 -1.11758722e-08 -1.49011631e-08
  5.46042319e-03  1.03842133e-02  5.11462472e-03  6.70079126e-03
  3.92440658e-03 -1.18666623e-03  6.13575894e-04  6.04461592e-03
  1.99493990e-03 -1.03411295e-03 -1.13675646e-03  5.13311594e-05
  7.54570706e-04  1.49011444e-08  3.83631015e-05  2.60770205e-08
  2.98023000e-08  7.45057593e-08 -1.02445517e-08  0.00000000e+00
  0.00000000e+00  0.00000000e+00 -2.23517917e-08 -1.11758722e-08
 -1.86264524e-09 -1.86264546e-08 -5.58794277e-09 -2.23814646e-04
  6.25446104e-03  2.60123905e-03  3.93003844e-03 -8.40572903e-04
 -9.21812800e-04 -3.99596917e-04 -1.57715041e-03  2.26008895e-03
  8.30972586e-04 -1.78139481e-03 -1.18034503e-03 -1.04250291e-03
 -3.72529065e-09  1.49331028e-03  2.08184829e-03 -3.35276242e-08
  1.15436542e-04  3.72528435e-09 -1.11758778e-08  1.30385048e-08
  0.00000000e+00  0.00000000e+00  1.86264371e-08 -2.98023336e-08
 -2.98023299e-08  0.00000000e+00  1.86264204e-08  1.16004089e-03
  6.59933293e-03  2.93483889e-03  1.56419049e-04 -1.34976451e-05
 -9.53241622e-04 -4.56657270e-05 -1.01623345e-03  2.05007130e-04
  8.16667042e-04 -2.06302395e-03 -9.58690452e-04  1.62260119e-04
  0.00000000e+00  5.70266289e-05  1.35833002e-03 -5.96046784e-08
  5.21540180e-08 -7.45058200e-09  1.49011556e-08  0.00000000e+00
  0.00000000e+00  0.00000000e+00 -1.86264658e-08 -2.23517544e-08
  9.31322449e-09  2.60770243e-08  7.45057173e-09 -2.28676749e-03
  1.18555952e-05  1.04513639e-04  5.34023883e-04  1.38400078e-03
  8.25151318e-04  3.72528995e-09  1.09373285e-04  1.38536567e-03
  1.15830855e-03  1.50605463e-04 -6.14089191e-04 -6.30028780e-03
  2.69830203e-04  2.26342616e-04  1.72644416e-03 -3.72531864e-09
  1.49011556e-08  2.60770205e-08  1.49011444e-08  0.00000000e+00
  0.00000000e+00  3.35275508e-08 -1.58324892e-08 -7.45058946e-09
  1.19209077e-07  2.98023000e-08 -3.72530184e-09 -1.34954025e-04
  3.55200706e-04 -2.03845567e-04  1.04803682e-03  2.86157972e-03
  1.81575759e-03 -3.72199070e-04 -5.78031344e-03 -7.89180778e-04
  5.05052499e-04 -5.09171401e-03 -1.20830743e-03 -2.98084720e-04
 -2.25987661e-04  1.16954670e-04  7.45057920e-09 -1.11758740e-08
  3.33016055e-03  1.86264506e-09 -9.32892858e-16 -1.49011631e-08
  0.00000000e+00 -3.72529230e-08 -1.49011668e-08 -7.45058200e-09
 -1.95577825e-08 -4.23431040e-04 -1.49011966e-08  1.18373289e-03
  9.30337135e-04  1.63621753e-05  5.80298899e-03  2.00000783e-03
 -1.42409183e-04 -7.07440759e-03 -4.26830542e-03 -4.05277249e-03
  1.36113075e-03 -1.51945232e-04 -7.11993294e-03 -3.00044527e-03
 -3.97957043e-03 -3.53278975e-03  4.65661282e-10 -1.86264524e-09
 -3.91155680e-08 -3.72529065e-09 -5.21541104e-08  2.23517367e-08
  0.00000000e+00  3.53902459e-08 -7.45058200e-09  3.72528829e-08
  7.45057920e-09  1.30385118e-08 -1.39698449e-09  1.80037630e-03
  1.05482900e-03  4.28041624e-03  2.30673679e-03  4.85079872e-03
 -3.72825896e-04 -9.53493386e-03 -1.92596241e-03  5.20698650e-04
  2.01548758e-04 -2.78114402e-04 -4.19904424e-04 -4.11929073e-03
 -5.96683993e-04 -4.04844112e-03 -1.11758778e-08  1.11758677e-08
 -9.31322946e-10 -7.45058946e-09  2.60770149e-08  0.00000000e+00
  0.00000000e+00 -4.47035041e-08  1.67637941e-08  2.23517143e-08
  5.82076601e-10 -1.11758722e-08  1.84258252e-03  1.82285023e-03
  7.07804677e-08  2.15844043e-03  3.20534498e-03 -9.12335314e-03
 -7.48270244e-03 -4.97699456e-03 -2.87601545e-03  1.93715679e-03
 -9.02289993e-04 -1.46949046e-03 -8.52534738e-03 -6.23229095e-03
 -1.92566298e-03  5.50303592e-04 -4.47035153e-08 -1.86264546e-08
 -3.73157143e-15  7.45057920e-09 -7.45058200e-09  0.00000000e+00
  0.00000000e+00 -3.72529065e-09 -3.72529156e-08 -7.45058200e-09
  1.11758696e-08  4.09401589e-04 -1.86265218e-08  3.14664729e-03
  4.53057493e-04  6.10718305e-03  9.05875403e-03 -5.90456925e-03
 -1.44766486e-02 -5.05649192e-03  1.10237189e-03 -3.20534771e-04
  1.64361289e-03  2.74793605e-04 -1.49238780e-03 -2.89121820e-04
 -5.96485276e-04  4.82740301e-06 -3.35841429e-14  1.49011556e-08
  7.45057920e-09 -2.98023448e-08 -5.21541327e-08  0.00000000e+00
  0.00000000e+00 -2.60770436e-08  0.00000000e+00  9.31321796e-09
  3.72526196e-09 -7.45058675e-08 -4.47035041e-08  4.48217687e-03
  2.87546798e-04  1.69995227e-04 -7.32352761e-03 -6.83192255e-03
 -2.61283581e-03 -3.62510165e-04 -4.04495883e-04 -3.61977824e-03
 -2.32250567e-03 -2.89088606e-03  1.78671704e-04 -8.72820389e-04
  1.52533273e-04  3.10090809e-03  2.56379617e-03 -1.58324892e-08
 -1.67638116e-08  0.00000000e+00 -3.73157143e-15  0.00000000e+00
  0.00000000e+00  0.00000000e+00  3.35275918e-08  1.49011556e-08
  2.42143750e-08 -6.19330386e-08  1.63313276e-03  2.83082228e-03
  2.08557222e-03 -6.30015940e-04 -6.60253128e-03  7.55956207e-04
  2.85576498e-04 -1.26398181e-03 -7.55818131e-03 -5.46958541e-03
 -4.74571292e-05  0.00000000e+00 -5.42064651e-06  7.63732257e-04
  0.00000000e+00  5.12945673e-04  0.00000000e+00  0.00000000e+00
  4.78532890e-06  0.00000000e+00  0.00000000e+00  0.00000000e+00
  0.00000000e+00  0.00000000e+00  0.00000000e+00  0.00000000e+00
  0.00000000e+00  0.00000000e+00  1.70906730e-03 -9.09271490e-04
 -4.18704186e-04 -6.23410624e-05  4.62578339e-03  6.67547037e-03
  3.32567303e-03 -4.38247828e-03 -1.68142892e-03 -5.68691351e-03
  0.00000000e+00  0.00000000e+00  1.27796014e-03  0.00000000e+00
  0.00000000e+00  0.00000000e+00  1.60821719e-03  0.00000000e+00
  0.00000000e+00  0.00000000e+00  0.00000000e+00  0.00000000e+00
  0.00000000e+00  0.00000000e+00  0.00000000e+00  0.00000000e+00
  0.00000000e+00 -3.39285642e-04  7.00980058e-04 -3.29753711e-03
 -1.11419050e-03  8.64580219e-03  6.92682374e-03  2.45448871e-03
  2.88515550e-04 -1.62726307e-03 -7.06565980e-03 -1.23364048e-02
 -1.10705675e-03  0.00000000e+00  1.40758423e-03  0.00000000e+00
  0.00000000e+00  3.64827552e-03  0.00000000e+00  0.00000000e+00
  0.00000000e+00  0.00000000e+00  0.00000000e+00  0.00000000e+00
  0.00000000e+00  0.00000000e+00  0.00000000e+00  0.00000000e+00
  0.00000000e+00 -2.18134380e-04  0.00000000e+00  0.00000000e+00
  1.06005391e-02  3.56388605e-03  1.11197564e-02 -4.03592530e-03
 -3.73316222e-03 -1.43295527e-03 -2.91038281e-03  0.00000000e+00
 -1.80447007e-03  1.00566392e-03  1.30489524e-04  0.00000000e+00
 -2.57803827e-05  0.00000000e+00 -2.79004927e-05  0.00000000e+00
  0.00000000e+00  0.00000000e+00  0.00000000e+00  0.00000000e+00
  0.00000000e+00  0.00000000e+00  0.00000000e+00  0.00000000e+00
  0.00000000e+00 -5.35162217e-03  0.00000000e+00 -5.84373071e-04
  1.18642400e-02  1.29550885e-02  2.75179106e-03  7.78365502e-04
 -3.93038438e-03  4.92214402e-04 -1.96196798e-03  5.43160048e-04
  2.32367893e-03  2.68316902e-05  6.47956469e-03  1.59771986e-04
  2.18042040e-04  1.06296900e-03  3.72577893e-03  4.88250613e-03
  6.52415334e-03  3.63440575e-03  5.95988161e-06  0.00000000e+00
  0.00000000e+00  0.00000000e+00  0.00000000e+00  0.00000000e+00
  0.00000000e+00 -6.75219363e-03 -2.88119398e-05  0.00000000e+00
  2.38376266e-05  6.15989667e-03  2.61478020e-03  2.82785345e-03
  2.84014443e-03  2.05617861e-03  1.70985150e-04  5.87166991e-04
 -8.85266201e-04  3.05054532e-04  7.52138020e-04 -1.32843579e-03
  5.36451695e-03  8.65708166e-03  2.16259102e-02  1.33302470e-02
  1.19059156e-02  9.37700096e-03  3.13012956e-04  0.00000000e+00
  0.00000000e+00  0.00000000e+00  0.00000000e+00  0.00000000e+00
  0.00000000e+00  0.00000000e+00  0.00000000e+00  0.00000000e+00
  2.08129735e-03  3.62908576e-03  2.29760041e-03 -4.42767363e-04
 -4.07900869e-05  1.67157606e-04  2.51360318e-06 -6.35820763e-04
 -2.27821728e-03 -2.25934340e-03 -7.08591884e-05  2.23533835e-03
  4.20969626e-03  1.62239750e-02  1.42058731e-02  7.84266457e-03
  5.48136596e-03  2.05596501e-03  2.21484326e-04  0.00000000e+00
  0.00000000e+00  0.00000000e+00  0.00000000e+00  0.00000000e+00
  0.00000000e+00  0.00000000e+00  0.00000000e+00  1.08223625e-03
 -1.55008806e-03 -5.33363182e-04  2.60729657e-04 -3.01434703e-03
  2.72222481e-03  4.45677082e-03 -9.65764257e-03 -3.46152255e-03
 -5.10948389e-03  6.04553472e-04 -1.68823840e-04  1.42347313e-03
  7.80502035e-04  0.00000000e+00 -3.60440125e-04  0.00000000e+00
  0.00000000e+00  0.00000000e+00  0.00000000e+00  0.00000000e+00
  0.00000000e+00  0.00000000e+00  0.00000000e+00  0.00000000e+00
  0.00000000e+00  0.00000000e+00  0.00000000e+00  0.00000000e+00
  0.00000000e+00 -7.23326987e-05  3.38036642e-05  1.41964336e-03
  1.44946888e-03  2.80035608e-03  6.30712688e-03  2.22105731e-04
  6.03459473e-05  0.00000000e+00  0.00000000e+00  0.00000000e+00
 -1.85194543e-03  0.00000000e+00  0.00000000e+00  0.00000000e+00
  0.00000000e+00  0.00000000e+00  0.00000000e+00  0.00000000e+00
  0.00000000e+00  0.00000000e+00  0.00000000e+00  0.00000000e+00
  0.00000000e+00  0.00000000e+00  0.00000000e+00  0.00000000e+00
  0.00000000e+00  0.00000000e+00  6.59819789e-04  6.11960922e-03
  8.92452807e-04  7.86942597e-03  0.00000000e+00  4.72676689e-04
  0.00000000e+00  0.00000000e+00  0.00000000e+00  0.00000000e+00
  0.00000000e+00  0.00000000e+00  0.00000000e+00  0.00000000e+00
  0.00000000e+00  0.00000000e+00  0.00000000e+00  0.00000000e+00
  0.00000000e+00  0.00000000e+00  0.00000000e+00  0.00000000e+00
  0.00000000e+00  0.00000000e+00  0.00000000e+00  0.00000000e+00
  0.00000000e+00  7.24949036e-04  0.00000000e+00  2.93270997e-03
  0.00000000e+00  1.06282788e-03  0.00000000e+00  0.00000000e+00
  0.00000000e+00  0.00000000e+00  0.00000000e+00  0.00000000e+00
  0.00000000e+00  0.00000000e+00  0.00000000e+00  0.00000000e+00
  0.00000000e+00  0.00000000e+00  0.00000000e+00  0.00000000e+00
  0.00000000e+00  0.00000000e+00  0.00000000e+00  0.00000000e+00
  0.00000000e+00  0.00000000e+00  0.00000000e+00  0.00000000e+00
  0.00000000e+00  0.00000000e+00  0.00000000e+00  0.00000000e+00
  0.00000000e+00  0.00000000e+00  0.00000000e+00 -3.58189984e-05
  0.00000000e+00  0.00000000e+00  0.00000000e+00  0.00000000e+00
  0.00000000e+00  0.00000000e+00  0.00000000e+00  0.00000000e+00
  0.00000000e+00  0.00000000e+00  0.00000000e+00  0.00000000e+00
  0.00000000e+00  0.00000000e+00  0.00000000e+00  0.00000000e+00
  0.00000000e+00  0.00000000e+00  0.00000000e+00  0.00000000e+00
  0.00000000e+00  0.00000000e+00  0.00000000e+00  0.00000000e+00
  0.00000000e+00  0.00000000e+00  0.00000000e+00  0.00000000e+00
  0.00000000e+00  0.00000000e+00  0.00000000e+00  0.00000000e+00
  0.00000000e+00  0.00000000e+00  0.00000000e+00  0.00000000e+00
  0.00000000e+00  0.00000000e+00  0.00000000e+00  0.00000000e+00]
SHAP runtime:  264.8224
2-th data point, prediction: 1
SHAP scores:  [ 0.00000000e+00  0.00000000e+00  0.00000000e+00  0.00000000e+00
  0.00000000e+00  0.00000000e+00  0.00000000e+00  0.00000000e+00
  0.00000000e+00  0.00000000e+00  0.00000000e+00  0.00000000e+00
  0.00000000e+00  0.00000000e+00  0.00000000e+00  0.00000000e+00
  0.00000000e+00  0.00000000e+00  0.00000000e+00  0.00000000e+00
  0.00000000e+00  0.00000000e+00  0.00000000e+00  0.00000000e+00
  0.00000000e+00  0.00000000e+00  0.00000000e+00  0.00000000e+00
  0.00000000e+00  0.00000000e+00  0.00000000e+00  0.00000000e+00
  0.00000000e+00  0.00000000e+00  0.00000000e+00  3.49245904e-09
 -4.47035180e-08  2.04890476e-08  5.21540117e-08  9.77888245e-09
  5.96045696e-08  1.39698378e-09 -3.72529241e-08 -7.49717012e-08
  7.45057825e-09  3.35275776e-08  2.98022848e-08 -9.31322785e-09
  2.60770127e-08  0.00000000e+00  0.00000000e+00  0.00000000e+00
  0.00000000e+00  0.00000000e+00  0.00000000e+00  0.00000000e+00
  0.00000000e+00  0.00000000e+00  0.00000000e+00  0.00000000e+00
  0.00000000e+00  0.00000000e+00  5.58792787e-08  3.72528971e-09
  4.47033990e-08  1.39698378e-09  6.51925544e-09  2.98023099e-08
 -7.91624414e-09  7.45050307e-09  7.07802723e-08  3.72528971e-09
  7.45057825e-09  0.00000000e+00 -2.03726827e-09 -9.31323490e-09
  1.11758656e-08  1.11758593e-08 -2.50587802e-14 -2.98023600e-08
 -1.11758824e-08  1.86264510e-09  0.00000000e+00  0.00000000e+00
  0.00000000e+00  0.00000000e+00  2.23517206e-08  0.00000000e+00
 -3.91156411e-08  3.72528971e-09 -1.00117198e-08 -3.35277166e-08
 -1.11758824e-08  2.60769908e-08  1.49011518e-08  1.93353729e-05
  8.40956002e-07  4.28407514e-08  1.30385057e-08  1.49011518e-08
  1.86264274e-08 -4.84288543e-08  9.31322538e-10  1.11758593e-08
 -1.49011706e-08  4.40079325e-04 -1.49011706e-08 -1.86264522e-09
  7.45057825e-09  7.45054066e-09  0.00000000e+00  0.00000000e+00
  0.00000000e+00  0.00000000e+00 -3.72529049e-09  5.58793413e-09
  5.82076480e-09  1.62981439e-09  9.31322208e-09  6.51925544e-09
 -1.44064057e-08  1.49011518e-08  3.60887438e-09  1.92601176e-03
  0.00000000e+00 -2.29623968e-04  7.10133220e-09 -4.65661296e-10
  2.42947759e-04  3.28144113e-03  4.37403868e-04 -6.83814945e-04
 -9.17411807e-06 -1.69280245e-03  1.49011565e-08  1.49011017e-08
 -2.23517504e-08  1.11758593e-08  0.00000000e+00  0.00000000e+00
  0.00000000e+00  0.00000000e+00 -7.46224560e-08  1.44354903e-08
 -5.21541041e-08  0.00000000e+00  8.00935169e-08 -7.45059548e-09
  0.00000000e+00  2.47830848e-04  6.98286281e-04 -1.07663063e-05
  6.22968029e-05  1.31271509e-03  7.77302906e-05 -2.02202520e-04
  1.07671181e-03  3.26024937e-03  4.26673813e-04  0.00000000e+00
  6.98491910e-10 -3.16650037e-08 -1.02546008e-03 -1.11758824e-08
  2.79396700e-09  2.98022848e-08 -4.65661340e-09  0.00000000e+00
  0.00000000e+00  0.00000000e+00  2.98023099e-08  1.49010014e-08
 -4.09782268e-08 -4.47035180e-08  1.44354903e-08  0.00000000e+00
  9.02549414e-04  1.62513459e-03  5.37262255e-03  7.55111565e-03
  1.09689865e-03  6.29089542e-07  2.98008485e-04 -2.50355401e-04
  5.73172240e-04  1.41059293e-03  1.64898716e-04  1.24492423e-04
  3.01898644e-03  1.44885112e-04  3.30688852e-04  9.31322538e-10
  1.67637944e-08 -1.86264765e-09  1.21071826e-08 -2.93366991e-08
  0.00000000e+00  0.00000000e+00  2.98023036e-08  2.04890742e-08
 -2.93366991e-08  5.82076601e-10  7.91623962e-09  7.45056572e-09
  6.51925544e-09  4.09663940e-03  2.98022848e-08  7.20334309e-04
  2.68878669e-03  1.28961866e-03 -6.45598063e-04 -1.39550356e-03
  3.90458565e-03 -8.63217516e-04 -1.36788547e-04  8.08190367e-04
  1.29568313e-03  1.41529477e-04  2.59756256e-05  9.31321973e-09
  0.00000000e+00 -2.98023412e-08 -6.26469505e-15 -4.07453682e-09
  0.00000000e+00  0.00000000e+00  4.33916059e-06 -3.72529367e-08
  3.72527092e-09  3.72528971e-09  2.79396583e-08  6.78635099e-05
  1.12739847e-03  8.93460551e-03  7.37830956e-05  6.15190456e-04
  6.00609619e-03  3.08218411e-04 -3.32428044e-04 -1.91281838e-03
  2.80569778e-03 -5.20812270e-04  4.27595215e-04  6.91074789e-04
  3.09719202e-03  7.70892339e-05  4.96352046e-05  7.45057629e-09
  1.86264274e-08 -1.49011706e-08 -7.45062053e-09  0.00000000e+00
  0.00000000e+00 -4.65661443e-10  4.65661278e-10 -2.79396805e-09
  1.49010014e-08 -3.72529367e-08  3.22189130e-03  1.86264500e-09
  2.51725865e-03 -2.79396845e-09  6.87817996e-03  6.82845969e-03
  2.14903944e-03  3.72528971e-09 -5.54979776e-03  4.36558941e-03
  5.21831582e-03  1.16691822e-04  5.14469713e-04  1.44619360e-04
  6.87296212e-07  2.00682759e-03  3.72528693e-08  1.12831798e-08
  1.13577274e-03  4.47034491e-08 -1.86264530e-09 -3.72529089e-09
  0.00000000e+00 -4.47035180e-08  1.39698378e-09  2.40141339e-05
  3.72528693e-08  7.45057825e-09 -3.72529089e-09  7.00323686e-05
  2.68965381e-04  5.21763926e-03 -4.47035180e-08  6.36614659e-03
  4.44769752e-03 -4.58300818e-04  9.31117505e-04  9.90110374e-03
  1.27969128e-03  3.65103156e-04  4.58846906e-04  1.25850888e-04
  8.53148479e-05  5.99717181e-04 -7.07807590e-08  2.56113513e-08
  5.58793344e-09 -7.45058295e-09 -3.00351904e-08  0.00000000e+00
  0.00000000e+00  0.00000000e+00 -3.72529089e-09  4.28408046e-08
 -1.86264599e-08  9.31322538e-10 -1.39698394e-09  4.01764393e-05
  4.26819157e-03  4.58678986e-03  6.22896615e-04  1.01570518e-03
  7.43080551e-03 -2.28933827e-04 -8.54246876e-04  1.25549770e-02
  2.54896733e-03  1.31491000e-03  2.82064885e-04  9.32233718e-04
  5.21063155e-04  1.49011518e-08  8.98006762e-05 -3.72529241e-08
 -1.21071958e-08 -5.02914979e-08 -8.38190536e-09  0.00000000e+00
  0.00000000e+00 -2.98024352e-08 -1.47265477e-08  0.00000000e+00
  4.47033990e-08  8.52998132e-05 -5.96046949e-08  2.07736180e-03
  2.79396379e-08  0.00000000e+00  4.10529877e-03  8.65493956e-04
  7.51114753e-04 -2.09749050e-03  1.39571740e-03  3.79283986e-03
  1.08743050e-03  2.18086529e-03  3.45168598e-03  5.59948008e-03
  9.31322538e-10  1.89570260e-04  1.67638023e-08 -1.44355095e-08
 -1.39698394e-09 -7.45059548e-09  5.12227276e-09  0.00000000e+00
  0.00000000e+00 -1.49011643e-08  2.23517206e-08 -2.92202839e-08
  1.48865999e-08  2.28173822e-08 -7.45059548e-09  3.10100828e-03
  3.78217892e-03  5.46538295e-03  2.85321395e-03  8.11137391e-03
  2.90544682e-04 -2.18256350e-03  9.67986263e-03  3.50178966e-03
 -5.01162077e-03  3.91559257e-03  3.47481756e-04  3.02229343e-03
  1.66274367e-03  9.71222939e-06  1.72058563e-04 -2.56113903e-08
 -1.86264530e-09  1.86264500e-09  1.49011565e-08  0.00000000e+00
  0.00000000e+00 -1.49011643e-08  3.72528971e-09  2.98022848e-08
  1.49011518e-08 -3.72529089e-09  1.49011518e-08 -1.49012207e-08
  6.19974195e-04  2.49310402e-03  2.52687928e-03 -6.79971270e-06
  7.09907160e-04  1.73761094e-03  8.86534318e-03  4.19782218e-03
  9.88741350e-04  3.42285151e-04  2.71228219e-03  4.31030565e-06
  4.75973093e-04 -1.11758762e-08 -8.38190536e-09  5.93672804e-04
 -9.31322611e-10 -2.60770515e-08  7.45057825e-09  0.00000000e+00
  0.00000000e+00  0.00000000e+00  7.45054066e-09  2.67754835e-08
  4.37720752e-08  1.11758593e-08  4.08992819e-04  2.21305124e-03
  2.53381227e-03  1.92427829e-03  3.53688985e-04  2.32995738e-04
 -3.35730052e-03 -2.88953922e-03  1.38497105e-02  1.14392520e-03
  4.61196035e-03  1.00843185e-02  2.46938336e-03  2.20022337e-03
  1.09466908e-02  0.00000000e+00  1.41852768e-03  8.53706440e-04
  0.00000000e+00  0.00000000e+00  0.00000000e+00  0.00000000e+00
  0.00000000e+00  0.00000000e+00  0.00000000e+00  0.00000000e+00
  0.00000000e+00  0.00000000e+00  0.00000000e+00  7.96944206e-04
  9.96092029e-03  2.84547973e-03  9.97277738e-04  0.00000000e+00
 -1.50940522e-05 -5.74651415e-04  3.59326488e-03 -1.47742071e-04
  6.97143853e-03  0.00000000e+00  8.32585930e-03  7.39448797e-03
  0.00000000e+00  0.00000000e+00  0.00000000e+00  0.00000000e+00
  0.00000000e+00  0.00000000e+00  0.00000000e+00  0.00000000e+00
  0.00000000e+00  0.00000000e+00  0.00000000e+00  0.00000000e+00
  0.00000000e+00  0.00000000e+00  0.00000000e+00  1.56375474e-04
  1.20978520e-03  4.49758168e-03  0.00000000e+00 -7.08195807e-04
  4.80285027e-03  9.06019736e-03  2.74533064e-03 -4.61185151e-04
  9.70995012e-06  7.00949264e-03  1.47738123e-03  5.73301227e-03
  0.00000000e+00  0.00000000e+00  0.00000000e+00  0.00000000e+00
  0.00000000e+00  0.00000000e+00  0.00000000e+00  0.00000000e+00
  0.00000000e+00  0.00000000e+00  0.00000000e+00  0.00000000e+00
  0.00000000e+00  8.15383163e-04  3.63984896e-03  6.30720234e-05
  0.00000000e+00  0.00000000e+00  1.65595607e-03 -2.19354854e-05
  7.54083901e-03  7.38947860e-03  9.25627695e-03 -1.27827736e-04
  1.69303972e-03  1.77970412e-02  9.13548489e-03  0.00000000e+00
  8.50097699e-03  7.34310653e-04  0.00000000e+00  0.00000000e+00
  0.00000000e+00  0.00000000e+00  0.00000000e+00  0.00000000e+00
  0.00000000e+00  0.00000000e+00  0.00000000e+00  0.00000000e+00
  0.00000000e+00  5.45980803e-03  0.00000000e+00  1.18995720e-02
  0.00000000e+00  5.43094342e-03  7.82022244e-05 -3.93750105e-04
  3.59000817e-03  4.47854947e-03  1.56426505e-03  0.00000000e+00
  5.50445656e-03  0.00000000e+00  0.00000000e+00  1.01704411e-03
  1.01374637e-02  4.82998783e-04  0.00000000e+00  0.00000000e+00
  0.00000000e+00  0.00000000e+00  0.00000000e+00  0.00000000e+00
  0.00000000e+00  0.00000000e+00  0.00000000e+00  0.00000000e+00
  0.00000000e+00  2.07229571e-05  3.22545210e-04  1.15758722e-06
  0.00000000e+00  0.00000000e+00  0.00000000e+00 -4.12252464e-04
  9.22747944e-04  1.62776475e-03  1.07385928e-04  1.31649621e-03
  0.00000000e+00  4.16663192e-03  7.25420358e-03  3.58671510e-04
  0.00000000e+00  1.06792692e-03  0.00000000e+00  0.00000000e+00
  0.00000000e+00  0.00000000e+00  0.00000000e+00  0.00000000e+00
  0.00000000e+00  0.00000000e+00  0.00000000e+00  0.00000000e+00
  0.00000000e+00  0.00000000e+00  0.00000000e+00  0.00000000e+00
  1.49846305e-03  2.34883869e-03  5.52054209e-04  1.76934955e-04
  3.83293618e-05  1.30773254e-03 -4.99781095e-05  3.52758866e-03
  0.00000000e+00  0.00000000e+00  5.79778019e-03  0.00000000e+00
  0.00000000e+00  0.00000000e+00  0.00000000e+00  0.00000000e+00
  0.00000000e+00  0.00000000e+00  0.00000000e+00  0.00000000e+00
  0.00000000e+00  0.00000000e+00  0.00000000e+00  0.00000000e+00
  0.00000000e+00  0.00000000e+00  2.80877981e-03  4.18125915e-03
  2.48506515e-04  2.59815607e-03 -1.16944120e-03  2.87789520e-03
  2.77033325e-06  9.04409728e-04  0.00000000e+00  6.56599017e-04
  1.98141010e-04  2.60700257e-04  1.03659372e-03  0.00000000e+00
  1.54715485e-07  0.00000000e+00  0.00000000e+00  0.00000000e+00
  0.00000000e+00  0.00000000e+00  0.00000000e+00  0.00000000e+00
  0.00000000e+00  0.00000000e+00  0.00000000e+00  0.00000000e+00
  0.00000000e+00  0.00000000e+00  0.00000000e+00  0.00000000e+00
  0.00000000e+00  5.12640638e-06 -4.06192187e-04  9.76273746e-05
  2.82105176e-04  5.32057758e-04 -1.68409333e-03 -1.64867184e-04
  2.39761973e-03  0.00000000e+00  0.00000000e+00  0.00000000e+00
  5.42558780e-05  2.82126940e-04  0.00000000e+00  0.00000000e+00
  0.00000000e+00  0.00000000e+00  0.00000000e+00  0.00000000e+00
  0.00000000e+00  0.00000000e+00  0.00000000e+00  0.00000000e+00
  0.00000000e+00  0.00000000e+00  0.00000000e+00  1.05178011e-04
  3.28549066e-06  0.00000000e+00  2.54244634e-04  0.00000000e+00
  0.00000000e+00  3.61322853e-03 -1.60789381e-04  0.00000000e+00
  0.00000000e+00 -1.05292064e-04  0.00000000e+00  0.00000000e+00
  0.00000000e+00  0.00000000e+00 -6.62257826e-06  0.00000000e+00
  0.00000000e+00  0.00000000e+00  0.00000000e+00  0.00000000e+00
  0.00000000e+00  0.00000000e+00  0.00000000e+00  0.00000000e+00
  0.00000000e+00  0.00000000e+00  0.00000000e+00  0.00000000e+00
  0.00000000e+00  0.00000000e+00  0.00000000e+00  0.00000000e+00
  1.41838736e-03  0.00000000e+00  0.00000000e+00  0.00000000e+00
  0.00000000e+00  0.00000000e+00  0.00000000e+00  0.00000000e+00
  0.00000000e+00  0.00000000e+00  0.00000000e+00  0.00000000e+00
  0.00000000e+00  0.00000000e+00  0.00000000e+00  0.00000000e+00
  0.00000000e+00  0.00000000e+00  0.00000000e+00  0.00000000e+00
  0.00000000e+00  0.00000000e+00  0.00000000e+00  0.00000000e+00
  0.00000000e+00  0.00000000e+00  0.00000000e+00  0.00000000e+00
  0.00000000e+00  0.00000000e+00  0.00000000e+00  0.00000000e+00
  0.00000000e+00  0.00000000e+00  0.00000000e+00  0.00000000e+00
  0.00000000e+00  0.00000000e+00  0.00000000e+00  0.00000000e+00
  0.00000000e+00  0.00000000e+00  0.00000000e+00  0.00000000e+00
  0.00000000e+00  0.00000000e+00  0.00000000e+00  0.00000000e+00
  0.00000000e+00  0.00000000e+00  0.00000000e+00  0.00000000e+00
  0.00000000e+00  0.00000000e+00  0.00000000e+00  0.00000000e+00
  0.00000000e+00  0.00000000e+00  0.00000000e+00  0.00000000e+00
  0.00000000e+00  0.00000000e+00  0.00000000e+00  0.00000000e+00
  0.00000000e+00  0.00000000e+00  0.00000000e+00  0.00000000e+00
  0.00000000e+00  0.00000000e+00  0.00000000e+00  0.00000000e+00]
SHAP runtime:  272.6516
3-th data point, prediction: 0
SHAP scores:  [ 0.00000000e+00  0.00000000e+00  0.00000000e+00  0.00000000e+00
  0.00000000e+00  0.00000000e+00  0.00000000e+00  0.00000000e+00
  0.00000000e+00  0.00000000e+00  0.00000000e+00  0.00000000e+00
  0.00000000e+00  0.00000000e+00  0.00000000e+00  0.00000000e+00
  0.00000000e+00  0.00000000e+00  0.00000000e+00  0.00000000e+00
  0.00000000e+00  0.00000000e+00  0.00000000e+00  0.00000000e+00
  0.00000000e+00  0.00000000e+00  0.00000000e+00  0.00000000e+00
  0.00000000e+00  0.00000000e+00  0.00000000e+00  0.00000000e+00
  0.00000000e+00  0.00000000e+00  0.00000000e+00  6.70550040e-08
  2.51456923e-08 -7.45058265e-09  3.44588944e-08  1.49011091e-08
  3.72527334e-09  4.51690714e-08 -1.49012133e-08  3.72528735e-08
 -3.72530311e-08  3.72528735e-08 -2.23517603e-08  7.45057854e-09
 -1.86264643e-08  0.00000000e+00  0.00000000e+00  0.00000000e+00
  0.00000000e+00  0.00000000e+00  0.00000000e+00  0.00000000e+00
  0.00000000e+00  0.00000000e+00  0.00000000e+00  0.00000000e+00
  0.00000000e+00  0.00000000e+00 -2.60770682e-08 -8.19566353e-08
 -2.98025307e-08 -4.47035137e-08  1.30385070e-08 -4.47035137e-08
  1.49011091e-08  2.98022895e-08  5.58792169e-08  1.12996360e-05
  4.56347331e-08  1.49011530e-08 -1.49011694e-08  1.04307989e-07
 -2.98023553e-08  4.47033219e-08 -3.72529355e-09 -1.11759358e-07
  6.51925645e-09 -2.04891163e-08  0.00000000e+00  0.00000000e+00
  0.00000000e+00  0.00000000e+00 -1.67638099e-08  5.21538648e-08
  1.86264502e-09  5.96044036e-08 -4.09782418e-08 -7.45059362e-09
  1.92700798e-05 -4.09782719e-08  1.49011530e-08  4.84287035e-08
 -1.30385251e-08  8.50310229e-06  4.09781722e-08  3.72528156e-09
 -6.70553151e-08  2.98022895e-08  5.96045790e-08  5.21539963e-08
  2.98022895e-08  2.23517343e-08  1.49011530e-08 -1.67638140e-08
 -1.34111336e-07 -4.47035576e-08  0.00000000e+00  0.00000000e+00
  0.00000000e+00  0.00000000e+00 -5.58795031e-09 -1.11758728e-08
  2.23517233e-08 -3.39201437e-05 -7.45059238e-08  6.94683596e-05
 -1.30385251e-08  2.37017028e-05  6.89492196e-05 -1.11759139e-08
  1.76808437e-03 -2.70300237e-04 -1.32184057e-03 -4.47945930e-04
  1.56504307e-04  2.02275990e-04  2.93032377e-04  1.55191484e-03
 -1.11758728e-08  2.98022621e-08  2.79396144e-09  6.51925645e-09
  1.49011585e-08 -7.45058265e-09  0.00000000e+00  0.00000000e+00
  0.00000000e+00  0.00000000e+00  2.98023114e-08 -1.49011694e-08
 -4.51692184e-08 -1.11758755e-08  7.45057854e-09 -2.04891040e-08
  4.19322573e-04  7.70905920e-04 -5.72783839e-04 -6.70552932e-08
 -1.24942684e-04 -1.22205738e-04  2.95352279e-03  5.39586029e-03
 -5.14484648e-04 -5.92936249e-04  3.84245935e-04  6.89426159e-04
  3.38272816e-04  1.44057249e-04 -1.42026778e-08 -4.47035137e-08
 -1.37050171e-15 -1.34110678e-07  1.86264304e-08  0.00000000e+00
  0.00000000e+00  0.00000000e+00 -5.48200683e-15 -1.49011694e-08
  4.09781640e-08  5.96045132e-08  3.72527334e-09 -2.98023334e-08
 -2.51280661e-06  1.49009611e-08  1.77071327e-04  1.21064310e-03
  7.82972345e-04  1.62287685e-03  2.49006706e-03  4.09037637e-03
 -2.02700330e-03 -2.27040340e-03 -2.27879020e-04 -8.83669424e-04
 -5.23250280e-04 -1.39080437e-04 -2.98024211e-08 -3.72529355e-09
  4.67311052e-04 -8.94072632e-08  1.49011530e-08 -4.47035576e-08
  0.00000000e+00  0.00000000e+00  5.58792169e-08 -1.49011694e-08
  1.04307989e-07 -8.19565037e-08  1.73365964e-03  4.47913998e-04
  4.37105609e-05 -4.21388032e-04 -2.51487613e-04  4.27369357e-04
  1.87384952e-03  2.05119734e-04  3.33018154e-03  3.79386980e-03
  3.57882201e-04 -1.42699956e-03 -5.22354591e-04 -3.86490029e-03
 -2.66056803e-03  3.72528735e-08 -3.29003570e-04 -1.67004812e-04
  3.35274998e-08  1.49011530e-08  1.49011530e-08  3.16649359e-08
  0.00000000e+00  0.00000000e+00  4.65660567e-08 -1.49011694e-08
  2.84053045e-08 -6.42613832e-08  2.04657662e-03  2.30336144e-04
  4.01634808e-04  1.49283521e-04  1.90551316e-04  1.33016210e-03
  8.70030040e-04  2.57967522e-03  3.98932147e-03  6.50528792e-03
  1.26992130e-03  5.79294918e-03  5.00163839e-03  1.60855577e-03
 -2.31722405e-03 -1.64345560e-03 -1.04308268e-07 -1.72306314e-04
  1.81607771e-08  5.21537990e-08 -1.49011694e-08  0.00000000e+00
  0.00000000e+00  3.91155189e-08 -4.47035576e-08  1.58324759e-08
 -1.81608033e-08  4.19094385e-08  1.97065852e-04  5.96045790e-08
 -3.05917465e-04  4.98170643e-04  1.95276878e-03  9.95981686e-04
  2.81262909e-03  3.13659538e-03  4.22741477e-03  3.24969158e-03
  1.23664090e-03  3.14446414e-03  5.86113758e-03  6.16254008e-04
 -3.10768121e-03 -2.05659921e-04 -1.18511326e-07 -1.97218101e-03
 -2.88710334e-08  1.86264441e-08  2.98022895e-08 -2.60770408e-08
  0.00000000e+00 -2.60770682e-08 -1.11758875e-07 -4.47035137e-08
 -4.09782719e-08  1.11757183e-08  1.11758114e-08  2.60770234e-08
  3.29468353e-04  1.55685383e-03  2.93638474e-03  4.25046134e-03
  9.14213437e-04 -7.50371593e-04 -1.74370511e-04  5.55698781e-04
  1.87560815e-03  8.41506592e-04  2.02960149e-03  3.33259958e-03
  4.30763273e-03 -5.15855170e-04 -1.48096024e-03  5.21540292e-08
  4.47034096e-08  1.04307725e-07 -1.19209487e-07 -1.49011859e-08
  0.00000000e+00 -2.19280273e-14 -7.45058265e-09 -6.51926028e-09
  6.33298688e-08  1.49011091e-08  9.68573648e-08  3.39864549e-06
  4.42680391e-03  2.37343438e-03  4.69322197e-03 -3.82144300e-03
 -1.54644977e-03  1.17364311e-04  3.20622387e-03  2.72955147e-03
 -2.42144251e-08  4.56007147e-03 -2.74828254e-05  6.78801986e-04
  6.42295323e-03  1.04450342e-03  2.24584215e-04  1.86264441e-08
 -1.28056860e-09 -4.84288443e-08 -9.31322607e-10  0.00000000e+00
  0.00000000e+00 -7.45058800e-08 -7.45059362e-09  7.45056881e-08
  1.16415317e-09  0.00000000e+00 -5.34890019e-05  3.27638842e-04
  3.79849519e-03  4.83408635e-03  1.15549220e-03  1.12507841e-03
  1.64452845e-03  2.03241381e-03  2.02214501e-03  2.77424391e-03
  1.38947939e-02  6.31562356e-04  8.74354831e-04  7.76489309e-04
  8.40605003e-03  1.75893536e-02 -3.00661599e-03  3.16649359e-08
 -1.49011694e-08 -1.86264643e-08  7.91623991e-09  0.00000000e+00
  0.00000000e+00 -7.45088965e-09 -2.98023334e-08 -5.12227462e-09
 -4.09782719e-08 -2.84984709e-04 -2.42143984e-08  1.06164183e-03
  5.44738181e-03  9.37167095e-04  6.21921366e-04  3.72703724e-03
  4.58167686e-03  9.35554163e-03  8.68375912e-03  2.85454452e-02
  6.74752899e-03  3.45019783e-03  9.07333797e-03  1.37376169e-03
  5.59738724e-03  1.35718006e-02 -2.22619812e-03 -4.47035137e-08
 -3.90525486e-04  1.26659671e-07  5.58793292e-09  0.00000000e+00
  0.00000000e+00  2.98022895e-08 -2.04891396e-08  4.65660851e-10
 -6.51925908e-09 -2.38890917e-03 -2.41352671e-05  2.83472254e-04
  5.25281780e-03  1.59763903e-03  3.42042278e-03  2.17313492e-04
  1.27014272e-02  2.03946436e-03  1.14732870e-02  3.00637654e-03
  1.08041732e-03  1.17772962e-02  2.38645272e-04 -1.51215611e-05
  1.00411101e-02  9.73691511e-03  8.88913730e-03  3.72528978e-09
 -4.47036453e-08 -2.32610486e-04  5.21539196e-08  0.00000000e+00
  0.00000000e+00  0.00000000e+00  1.49011530e-08 -1.49012133e-08
 -1.34586852e-05 -3.84085156e-04 -4.29373924e-03  3.54437326e-03
  8.57246982e-03 -2.49509754e-03  3.41043149e-03  5.37944436e-03
  1.36075967e-03  4.63977662e-03  0.00000000e+00  7.31377726e-03
  6.12036482e-03  8.32752570e-03  4.71122766e-03  2.02913544e-03
  9.21381606e-03  1.00547375e-02 -6.82861082e-05  0.00000000e+00
  0.00000000e+00  0.00000000e+00  0.00000000e+00  0.00000000e+00
  0.00000000e+00  0.00000000e+00  0.00000000e+00  0.00000000e+00
  0.00000000e+00  0.00000000e+00 -6.67050230e-03  3.63044735e-03
  1.49394915e-03  3.02055188e-03  8.26886064e-03  1.95003876e-02
  8.50704847e-03  2.22667266e-03  9.68449030e-04  0.00000000e+00
  1.65320533e-02  2.94173929e-03  3.60419715e-04  5.91679195e-03
  5.07384622e-03  4.75193253e-03  1.29951085e-03  0.00000000e+00
  0.00000000e+00  0.00000000e+00  0.00000000e+00  0.00000000e+00
  0.00000000e+00  0.00000000e+00  0.00000000e+00  0.00000000e+00
  0.00000000e+00  0.00000000e+00  0.00000000e+00  1.27660192e-02
  4.64225416e-03  1.70005743e-03  5.75367863e-03  0.00000000e+00
  0.00000000e+00  0.00000000e+00  0.00000000e+00  5.33582015e-04
  2.90466693e-03 -6.66057833e-03  2.11777943e-03  1.58772434e-03
  1.05780657e-02 -9.16607687e-04  0.00000000e+00  0.00000000e+00
  0.00000000e+00  0.00000000e+00  0.00000000e+00  0.00000000e+00
  0.00000000e+00  0.00000000e+00  0.00000000e+00  0.00000000e+00
  0.00000000e+00 -9.08488621e-05  0.00000000e+00  5.13586533e-04
  1.20372360e-02  3.06009638e-03  1.10420119e-03  0.00000000e+00
  7.87846258e-04  0.00000000e+00  0.00000000e+00  1.94986561e-03
 -1.88406281e-03  3.72505503e-04 -9.72018551e-04  3.98559373e-03
  2.07336778e-03  0.00000000e+00  0.00000000e+00  0.00000000e+00
  0.00000000e+00  0.00000000e+00  0.00000000e+00  0.00000000e+00
  0.00000000e+00  0.00000000e+00  0.00000000e+00  0.00000000e+00
  0.00000000e+00  0.00000000e+00 -4.19030604e-03  8.65398733e-03
  5.45581687e-03 -9.63447775e-05 -1.95541500e-04  3.47919898e-03
 -2.88983999e-03 -1.63838560e-04 -3.20545974e-03 -7.21915767e-03
 -2.37680131e-04 -2.06992813e-04  2.23957506e-03  9.44595019e-04
  0.00000000e+00  0.00000000e+00  0.00000000e+00  1.54095187e-03
  0.00000000e+00  0.00000000e+00  0.00000000e+00  0.00000000e+00
  0.00000000e+00  0.00000000e+00  0.00000000e+00  0.00000000e+00
  0.00000000e+00  0.00000000e+00  0.00000000e+00  5.17661611e-03
  1.31101504e-02  6.11110833e-03  6.96432626e-05 -1.16301898e-03
 -6.61093485e-04 -4.91574566e-04 -2.62752010e-03  3.44900220e-04
 -7.18308671e-04 -2.85725357e-04  6.67755881e-04  7.65594514e-04
  0.00000000e+00  0.00000000e+00  0.00000000e+00  0.00000000e+00
  0.00000000e+00  0.00000000e+00  0.00000000e+00  0.00000000e+00
  0.00000000e+00  0.00000000e+00  0.00000000e+00  0.00000000e+00
  0.00000000e+00  0.00000000e+00  0.00000000e+00  3.83349008e-05
  1.16416282e-02  1.62011976e-02  0.00000000e+00  1.45454228e-03
  1.50300074e-04  7.65238513e-05  4.50512845e-03  1.51359372e-03
  1.26952767e-03  8.09162463e-04  1.22241799e-03 -8.23717970e-06
  0.00000000e+00  0.00000000e+00  0.00000000e+00  0.00000000e+00
  0.00000000e+00  0.00000000e+00  0.00000000e+00  0.00000000e+00
  0.00000000e+00  0.00000000e+00  0.00000000e+00  0.00000000e+00
  0.00000000e+00  1.43047575e-06  0.00000000e+00  0.00000000e+00
  2.01892889e-03  3.20174878e-03  8.38599503e-03  1.60922640e-02
 -1.69504740e-04  7.93130675e-03  6.65532601e-04  2.28901141e-03
 -1.49307964e-03  0.00000000e+00  1.53757316e-05  0.00000000e+00
  0.00000000e+00  0.00000000e+00  1.32669257e-04  0.00000000e+00
  0.00000000e+00  0.00000000e+00  0.00000000e+00  0.00000000e+00
  0.00000000e+00  0.00000000e+00  0.00000000e+00  0.00000000e+00
  0.00000000e+00  0.00000000e+00  0.00000000e+00 -9.13649177e-04
  0.00000000e+00  0.00000000e+00 -2.76537582e-04  4.14254170e-03
  6.83438287e-03  4.82294007e-03 -1.09463036e-03 -5.89656291e-03
 -2.05921828e-04  0.00000000e+00  0.00000000e+00  0.00000000e+00
  0.00000000e+00  0.00000000e+00  0.00000000e+00  0.00000000e+00
  0.00000000e+00  0.00000000e+00  0.00000000e+00  0.00000000e+00
  0.00000000e+00  0.00000000e+00  0.00000000e+00  0.00000000e+00
  0.00000000e+00  0.00000000e+00  0.00000000e+00  0.00000000e+00
  0.00000000e+00  2.84053708e-04  0.00000000e+00  0.00000000e+00
 -1.17663425e-03  0.00000000e+00  0.00000000e+00  1.46707030e-04
  0.00000000e+00  0.00000000e+00  0.00000000e+00  0.00000000e+00
  0.00000000e+00  0.00000000e+00  0.00000000e+00  0.00000000e+00
  0.00000000e+00  0.00000000e+00  0.00000000e+00  0.00000000e+00
  0.00000000e+00  0.00000000e+00  0.00000000e+00  0.00000000e+00
  0.00000000e+00  0.00000000e+00  0.00000000e+00  0.00000000e+00
  0.00000000e+00  0.00000000e+00  6.51851606e-06  1.30681703e-04
  0.00000000e+00  0.00000000e+00  0.00000000e+00  0.00000000e+00
  0.00000000e+00  2.11110679e-04  0.00000000e+00  0.00000000e+00
  0.00000000e+00  0.00000000e+00  0.00000000e+00  0.00000000e+00
  0.00000000e+00  0.00000000e+00  0.00000000e+00  0.00000000e+00
  0.00000000e+00  0.00000000e+00  0.00000000e+00  0.00000000e+00
  0.00000000e+00  0.00000000e+00  0.00000000e+00  0.00000000e+00
  0.00000000e+00  0.00000000e+00  0.00000000e+00  0.00000000e+00
 -4.26490281e-05  0.00000000e+00  0.00000000e+00  0.00000000e+00
  0.00000000e+00  0.00000000e+00  0.00000000e+00  0.00000000e+00
  0.00000000e+00  0.00000000e+00  0.00000000e+00  0.00000000e+00
  0.00000000e+00  0.00000000e+00  0.00000000e+00  0.00000000e+00
  0.00000000e+00  0.00000000e+00  0.00000000e+00  0.00000000e+00
  0.00000000e+00  0.00000000e+00  0.00000000e+00  0.00000000e+00
  0.00000000e+00  0.00000000e+00  0.00000000e+00  0.00000000e+00
  0.00000000e+00  0.00000000e+00  0.00000000e+00  0.00000000e+00
  0.00000000e+00  0.00000000e+00  0.00000000e+00  0.00000000e+00
  0.00000000e+00  0.00000000e+00  0.00000000e+00  0.00000000e+00
  0.00000000e+00  0.00000000e+00  0.00000000e+00  0.00000000e+00]
SHAP runtime:  278.0455
4-th data point, prediction: 4
SHAP scores:  [ 0.00000000e+00  0.00000000e+00  0.00000000e+00  0.00000000e+00
  0.00000000e+00  0.00000000e+00  0.00000000e+00  0.00000000e+00
  0.00000000e+00  0.00000000e+00  0.00000000e+00  0.00000000e+00
  0.00000000e+00  0.00000000e+00  0.00000000e+00  0.00000000e+00
  0.00000000e+00  0.00000000e+00  0.00000000e+00  0.00000000e+00
  0.00000000e+00  0.00000000e+00  0.00000000e+00  0.00000000e+00
  0.00000000e+00  0.00000000e+00  0.00000000e+00  0.00000000e+00
  0.00000000e+00  0.00000000e+00  0.00000000e+00  0.00000000e+00
  0.00000000e+00  0.00000000e+00  0.00000000e+00 -3.72528993e-09
  3.72529067e-09 -2.60770062e-08  2.14204245e-08 -5.58793511e-09
 -1.11758695e-08  4.28408724e-08 -4.65661254e-09 -8.14907235e-10
  1.30385205e-08 -1.11758698e-08 -1.49011592e-08  3.72529241e-08
  7.91624330e-09  0.00000000e+00  0.00000000e+00  0.00000000e+00
  0.00000000e+00  0.00000000e+00  0.00000000e+00  0.00000000e+00
  0.00000000e+00  0.00000000e+00  0.00000000e+00  0.00000000e+00
  0.00000000e+00  0.00000000e+00 -7.45057913e-09  1.39698448e-08
 -1.39698325e-08 -7.45057913e-09  7.45058207e-09 -5.12227374e-09
  5.58793726e-09 -2.00234301e-08  1.11758781e-08  1.86264607e-08
 -1.49011239e-08  1.02445496e-08 -1.49011592e-08  1.39698710e-09
  1.49011632e-08  7.45058207e-09  9.31323333e-10 -1.49011553e-08
 -3.14321327e-09  3.72529067e-09  0.00000000e+00  0.00000000e+00
  0.00000000e+00  0.00000000e+00  3.72529655e-09  5.58793726e-09
  1.86264607e-08  7.45058207e-09 -1.86264506e-09 -2.60770062e-08
  7.45058207e-09  1.94032022e-04  1.86264607e-08 -1.67638009e-08
  2.01979160e-03  2.99285974e-04  1.44937136e-08  1.21071949e-08
  3.45676107e-04  4.45322629e-05  9.04702634e-04 -4.47034306e-08
 -2.26007346e-04 -5.58793364e-09 -1.86264482e-08 -5.96046095e-08
 -1.86264364e-08  3.72529042e-09  0.00000000e+00  0.00000000e+00
  0.00000000e+00  0.00000000e+00  1.11758781e-08  7.45058207e-09
 -1.13385041e-06 -7.45057913e-09 -3.72528993e-09  4.65661803e-08
 -1.39698325e-08  3.72529241e-08  4.84288243e-08  7.45058207e-09
 -7.45057913e-09  2.31988142e-05  0.00000000e+00  1.67638089e-08
  1.30385176e-08 -2.98022989e-08  3.82900458e-04  3.92248990e-15
  1.11758742e-08  7.45058207e-09 -1.13168668e-03  1.49011671e-08
  5.58793578e-09  1.39698391e-09  0.00000000e+00  0.00000000e+00
  0.00000000e+00  0.00000000e+00  3.72529067e-09  7.45058207e-09
  4.19095193e-09  1.49011632e-08 -2.23517335e-08 -2.98022989e-08
 -1.39376716e-05  7.45058207e-09  1.54765600e-03 -4.54565797e-03
  3.47715272e-03  3.23704789e-03  8.55307586e-05  6.71598630e-03
  4.63879467e-03 -2.98023106e-08  1.88056522e-03  7.24632923e-04
 -8.61640654e-05 -1.33147441e-03 -1.36196515e-03 -1.86264457e-09
  3.16649902e-08  3.72529263e-09  1.11758722e-08  0.00000000e+00
  0.00000000e+00  0.00000000e+00  0.00000000e+00  0.00000000e+00
 -1.49011583e-08 -1.58324668e-08  7.45058207e-09  7.45058207e-09
  4.09782084e-08  2.98023342e-08  7.58088171e-04 -3.53622880e-03
  3.76401014e-03  6.41185428e-03  8.83551148e-03  4.10454339e-03
  5.99968479e-04  2.22207715e-03  6.61918695e-04 -9.14390815e-05
  6.62604135e-04  6.27598385e-14 -4.49553250e-05  2.98023930e-08
 -1.86264212e-09 -3.72528797e-09 -2.60770200e-08  2.98023459e-08
  0.00000000e+00  0.00000000e+00  1.67638094e-08  7.45058501e-09
 -3.72528797e-09  3.92248990e-15  3.72529067e-09  2.60770383e-08
  2.23431781e-04  3.80960569e-05 -7.06714344e-04 -7.90462492e-05
  4.35888857e-04  8.38955128e-03  4.93276858e-04  4.31806385e-03
  1.96211484e-03  1.81548654e-03  1.41778197e-03  1.12933316e-03
  9.42094717e-04 -9.99344205e-05 -1.32010884e-03 -3.72528993e-09
  1.11758742e-08 -2.32830642e-10 -7.45057913e-09 -3.72528797e-09
  0.00000000e+00  0.00000000e+00 -1.86264414e-09  1.10673222e-04
  1.11758722e-08 -2.23517364e-08  1.51339920e-09  3.72529042e-09
  4.47035012e-08 -4.10304293e-04  8.65016617e-04  2.32179565e-04
  2.98509936e-04  4.65155355e-03  1.10897667e-02  4.64380375e-03
  5.89611559e-03  3.62455037e-04  2.31286070e-03 -3.53196616e-04
  3.53333580e-03 -1.28120729e-04 -8.68631853e-04  3.72529067e-09
  2.32830773e-08  1.86264573e-09  2.60770383e-08  0.00000000e+00
  0.00000000e+00 -1.86264212e-09  6.28642853e-09  7.45058207e-09
 -1.86264423e-08 -1.86264462e-08  8.57187656e-04  9.80622476e-16
 -3.75091498e-04 -1.12238348e-03  1.34531139e-03  2.10268241e-03
  1.80283116e-03  5.73561862e-03  2.68555770e-03  6.19105150e-04
 -6.97200491e-05  2.26121726e-05 -4.93474680e-04  3.54823547e-03
  1.61825552e-03  9.98200835e-05  0.00000000e+00 -7.45058011e-09
  4.40712002e-04  7.45060560e-09  1.49011671e-08  1.49011671e-08
  0.00000000e+00 -2.98022792e-08 -8.14907097e-10  0.00000000e+00
 -1.85488984e-04  6.51925841e-09  0.00000000e+00  7.83483779e-05
  2.99821487e-03  5.10278500e-03 -5.54615926e-04 -3.29161838e-04
  1.96561929e-03  1.06958489e-03  9.97099436e-04 -5.61177902e-06
  5.34020873e-04  4.09443789e-04  1.11330269e-04  4.57727071e-04
  2.43318113e-04  4.14213946e-04  1.59736791e-04  2.23517472e-08
 -7.45057913e-09 -2.32830629e-09 -7.45057913e-09 -1.49011553e-08
  0.00000000e+00 -3.35275907e-08  1.72294773e-08  1.30784746e-04
  0.00000000e+00 -1.49011553e-08  0.00000000e+00  7.37303232e-04
  2.95068581e-03  2.56518998e-03 -1.13502981e-03  1.19942801e-04
 -2.42988390e-05  8.19292165e-04  1.21821831e-03  2.91038348e-09
 -1.95969952e-04 -3.75691733e-03  1.63278657e-03  1.36634302e-03
 -9.62177456e-04  4.29974491e-04  5.55740507e-04 -1.53668167e-08
  3.49774811e-04  1.49011632e-08  4.65661345e-09  0.00000000e+00
  0.00000000e+00  7.45058133e-09 -7.45057913e-09 -2.98022792e-08
 -1.49011553e-08 -3.72528797e-09 -1.86264506e-09  2.78763181e-03
  2.57466620e-03  1.52538263e-03 -9.19882758e-04 -2.77122900e-03
  1.49011671e-08  3.28999579e-04 -3.72528819e-08  4.40149741e-04
 -8.98486503e-04 -3.36700478e-04  1.64707584e-03  1.33689098e-03
 -1.55036767e-04  7.52730284e-05 -1.43507079e-04 -1.49011592e-08
  5.21540970e-08  7.45058991e-09  1.11758722e-08  0.00000000e+00
  0.00000000e+00 -5.35510294e-09 -4.65661282e-10  2.60770442e-08
  5.58793578e-09 -1.24839728e-05  2.58381541e-04  4.25095613e-03
  3.11883851e-03 -8.56484561e-04 -7.72711098e-04 -1.04108738e-04
 -1.18963077e-03 -1.56392957e-03  6.07329214e-05 -5.48555376e-04
 -3.76369438e-04  3.63354547e-04  4.16134355e-03  1.73627910e-03
 -6.60635222e-04  2.23517550e-08 -3.02679826e-09  2.60770383e-08
  1.11758781e-08  1.21071949e-08  1.49011632e-08  0.00000000e+00
  0.00000000e+00  3.72529398e-08  8.38190503e-09 -1.11758676e-08
 -2.56113691e-09  1.11758781e-08  5.30962789e-04  8.07739100e-03
  2.74824945e-03 -2.19881621e-03 -3.02832334e-04 -1.56540761e-03
 -4.54604356e-04 -3.13941674e-03 -2.55566213e-03 -8.86058227e-04
 -2.42231117e-03 -5.24612700e-04  2.65717900e-03  2.38252032e-03
 -1.11758695e-08  1.56899596e-14 -1.04773787e-09  1.94798138e-05
  3.72529067e-09 -2.23517286e-08  1.02445496e-08  0.00000000e+00
  0.00000000e+00  0.00000000e+00  1.58324894e-08  2.84053628e-08
  2.42143927e-08  1.36581320e-05 -3.00638823e-05  6.92297896e-03
  2.56495036e-03 -1.55203911e-03 -1.63419159e-03 -1.41847375e-03
  0.00000000e+00 -5.27993798e-03 -4.96848821e-03 -4.95519610e-03
 -7.91225327e-03  4.72895391e-03  3.39897835e-04  2.90175047e-03
 -2.42982771e-05  1.47697747e-05  1.93316490e-03  0.00000000e+00
  0.00000000e+00  0.00000000e+00  0.00000000e+00  0.00000000e+00
  0.00000000e+00  0.00000000e+00  0.00000000e+00  0.00000000e+00
  0.00000000e+00  0.00000000e+00 -3.45599647e-03  6.64963691e-03
  4.48170879e-03  2.27366249e-03  1.68731417e-04 -2.15049343e-03
 -1.57638992e-04 -2.37579494e-03  3.77623815e-03  2.96910972e-03
  5.05725331e-03  1.39163292e-03  2.22116205e-03  1.48548465e-03
  0.00000000e+00  0.00000000e+00  0.00000000e+00  9.78560387e-05
  0.00000000e+00  0.00000000e+00  0.00000000e+00  0.00000000e+00
  0.00000000e+00  0.00000000e+00  0.00000000e+00  0.00000000e+00
  0.00000000e+00  0.00000000e+00 -1.09672702e-03  7.96283682e-05
  1.51762181e-03  4.03479825e-03  1.75795617e-03  4.32755647e-03
  2.58993400e-04  6.25396575e-03  8.22348676e-03 -1.13065125e-03
  3.30768495e-03  1.17266101e-03  2.05729209e-03  7.32924234e-04
 -2.89710283e-04  0.00000000e+00  0.00000000e+00  0.00000000e+00
  0.00000000e+00  0.00000000e+00  0.00000000e+00  0.00000000e+00
  0.00000000e+00  0.00000000e+00  0.00000000e+00  0.00000000e+00
  0.00000000e+00  0.00000000e+00  0.00000000e+00  0.00000000e+00
  4.95704233e-03  2.66411530e-04  2.73763511e-03  2.14186938e-03
 -5.60127496e-04 -1.09574914e-03 -2.53281394e-03 -8.70599280e-04
  1.04531946e-03  2.10616804e-03  3.85055828e-03  0.00000000e+00
  3.52038709e-03  0.00000000e+00  0.00000000e+00  0.00000000e+00
  0.00000000e+00  0.00000000e+00  0.00000000e+00  0.00000000e+00
  0.00000000e+00  0.00000000e+00  0.00000000e+00  0.00000000e+00
  0.00000000e+00  0.00000000e+00  6.33480806e-04  0.00000000e+00
  1.29336972e-04  6.61267887e-03  1.89171624e-03  1.62243373e-03
  1.42949729e-04 -1.09927531e-05 -2.88878502e-03  1.81750445e-04
  4.02496683e-04 -8.93788337e-04 -1.39654887e-03 -1.11920632e-03
  1.53128805e-04  0.00000000e+00  0.00000000e+00  0.00000000e+00
  0.00000000e+00  0.00000000e+00  0.00000000e+00  0.00000000e+00
  0.00000000e+00  0.00000000e+00  0.00000000e+00  0.00000000e+00
  0.00000000e+00  8.44144944e-05  0.00000000e+00  6.50629185e-03
  0.00000000e+00  6.97265848e-03  2.57730848e-03  0.00000000e+00
  0.00000000e+00  4.14649459e-04  3.76447635e-05  2.79559635e-03
 -1.72610794e-03 -7.43513594e-04 -3.43505959e-03  5.83901649e-03
  0.00000000e+00  5.12871631e-03  0.00000000e+00  0.00000000e+00
  0.00000000e+00  0.00000000e+00  0.00000000e+00  0.00000000e+00
  0.00000000e+00  0.00000000e+00  0.00000000e+00  0.00000000e+00
  0.00000000e+00  5.87979372e-04  0.00000000e+00  2.80068019e-04
  0.00000000e+00  0.00000000e+00  2.52043835e-03  4.26781357e-04
  0.00000000e+00  4.47131751e-03  2.20440354e-03  8.12769141e-05
  1.35092110e-03 -2.50366872e-03 -7.85496494e-05  0.00000000e+00
  0.00000000e+00  0.00000000e+00  0.00000000e+00  0.00000000e+00
  0.00000000e+00  0.00000000e+00  0.00000000e+00  0.00000000e+00
  0.00000000e+00  0.00000000e+00  0.00000000e+00  0.00000000e+00
  0.00000000e+00  9.88592028e-03  0.00000000e+00  0.00000000e+00
  0.00000000e+00  1.56664324e-03  6.86469920e-03  1.89029762e-03
  3.57153268e-03  5.87191330e-04  0.00000000e+00  3.97174655e-04
  9.58173041e-04 -5.69418469e-04  3.55536737e-04  0.00000000e+00
  5.18896306e-05  0.00000000e+00  0.00000000e+00  0.00000000e+00
  0.00000000e+00  0.00000000e+00  0.00000000e+00  0.00000000e+00
  0.00000000e+00  0.00000000e+00  0.00000000e+00  0.00000000e+00
  0.00000000e+00  0.00000000e+00  0.00000000e+00  8.12408564e-04
  0.00000000e+00  0.00000000e+00  0.00000000e+00  6.60364735e-03
  3.45967383e-04  0.00000000e+00  0.00000000e+00 -9.15379168e-04
  1.77517597e-04  2.74220409e-03  1.95013664e-04  0.00000000e+00
  0.00000000e+00  0.00000000e+00  0.00000000e+00  0.00000000e+00
  0.00000000e+00  0.00000000e+00  0.00000000e+00  0.00000000e+00
  0.00000000e+00  0.00000000e+00  0.00000000e+00  0.00000000e+00
  0.00000000e+00  0.00000000e+00  0.00000000e+00  0.00000000e+00
  0.00000000e+00  3.63758565e-04  0.00000000e+00  0.00000000e+00
  0.00000000e+00  0.00000000e+00  0.00000000e+00  1.37340394e-04
 -3.01431643e-04 -9.56405985e-05  0.00000000e+00  5.87435112e-04
  0.00000000e+00  0.00000000e+00  1.26373129e-03  0.00000000e+00
  0.00000000e+00  0.00000000e+00  0.00000000e+00  0.00000000e+00
  0.00000000e+00  0.00000000e+00  0.00000000e+00  0.00000000e+00
  0.00000000e+00  0.00000000e+00  0.00000000e+00  0.00000000e+00
  0.00000000e+00  0.00000000e+00  0.00000000e+00  0.00000000e+00
  0.00000000e+00  0.00000000e+00  0.00000000e+00  1.72203104e-03
  0.00000000e+00  0.00000000e+00  0.00000000e+00  0.00000000e+00
  0.00000000e+00  0.00000000e+00  0.00000000e+00  0.00000000e+00
  0.00000000e+00  0.00000000e+00  0.00000000e+00  0.00000000e+00
  0.00000000e+00  0.00000000e+00  0.00000000e+00  0.00000000e+00
  0.00000000e+00  0.00000000e+00  0.00000000e+00  0.00000000e+00
  0.00000000e+00  0.00000000e+00  0.00000000e+00  0.00000000e+00
  0.00000000e+00  0.00000000e+00  0.00000000e+00  0.00000000e+00
  0.00000000e+00  0.00000000e+00  0.00000000e+00  0.00000000e+00
  0.00000000e+00 -1.53750444e-05  0.00000000e+00  0.00000000e+00
  0.00000000e+00  0.00000000e+00  0.00000000e+00  0.00000000e+00
  0.00000000e+00  0.00000000e+00  0.00000000e+00  0.00000000e+00
  0.00000000e+00  0.00000000e+00  0.00000000e+00  0.00000000e+00
  0.00000000e+00  0.00000000e+00  0.00000000e+00  0.00000000e+00
  0.00000000e+00  0.00000000e+00  0.00000000e+00  0.00000000e+00
  0.00000000e+00  0.00000000e+00  0.00000000e+00  0.00000000e+00
  0.00000000e+00  0.00000000e+00  0.00000000e+00  0.00000000e+00
  0.00000000e+00  0.00000000e+00  0.00000000e+00  0.00000000e+00]
SHAP runtime:  266.1964
5-th data point, prediction: 1
SHAP scores:  [ 0.00000000e+00  0.00000000e+00  0.00000000e+00  0.00000000e+00
  0.00000000e+00  0.00000000e+00  0.00000000e+00  0.00000000e+00
  0.00000000e+00  0.00000000e+00  0.00000000e+00  0.00000000e+00
  0.00000000e+00  0.00000000e+00  0.00000000e+00  0.00000000e+00
  0.00000000e+00  0.00000000e+00  0.00000000e+00  0.00000000e+00
  0.00000000e+00  0.00000000e+00  0.00000000e+00  0.00000000e+00
  0.00000000e+00  0.00000000e+00  0.00000000e+00  0.00000000e+00
  0.00000000e+00  0.00000000e+00  0.00000000e+00  0.00000000e+00
  0.00000000e+00  0.00000000e+00  0.00000000e+00 -1.86264538e-09
  2.88709386e-08 -2.79396887e-09 -2.98023823e-08 -1.42026847e-08
 -3.95872454e-04  2.98022625e-08 -5.11811155e-04 -1.49012560e-08
 -4.47035385e-08 -9.98317211e-15  1.69966231e-08 -1.49011762e-08
 -1.58324982e-08  0.00000000e+00  0.00000000e+00  0.00000000e+00
  0.00000000e+00  0.00000000e+00  0.00000000e+00  0.00000000e+00
  0.00000000e+00  0.00000000e+00  0.00000000e+00  0.00000000e+00
  0.00000000e+00  0.00000000e+00  1.86264507e-09 -1.62981592e-08
 -1.49011762e-08  5.53769812e-07  3.72528936e-09 -1.49014158e-08
  3.37604333e-09  4.47033488e-08  0.00000000e+00  2.98022625e-08
 -8.84756787e-09  2.23517081e-08  7.45055689e-09 -1.49012560e-08
 -1.39698496e-08  5.96045649e-08 -1.19325710e-09 -2.79396825e-09
 -1.49011762e-08  1.86264492e-09  0.00000000e+00  0.00000000e+00
  0.00000000e+00  0.00000000e+00 -3.72529123e-09 -2.98025021e-08
 -7.45058434e-09 -1.49011762e-08  9.31320492e-09  2.09547550e-09
  3.47505568e-06  1.03715794e-03  4.65661273e-10 -9.31322910e-09
 -3.53903124e-08  2.98022625e-08  0.00000000e+00 -1.73014377e-04
 -8.01784143e-04 -2.60770979e-08 -1.49605338e-04  2.98023024e-08
  3.39932185e-08  1.49011462e-08 -3.25963207e-09 -5.96047246e-08
 -2.42144190e-08  2.46800165e-08  0.00000000e+00  0.00000000e+00
  0.00000000e+00  0.00000000e+00 -9.31323160e-09  7.45055689e-09
 -1.49011762e-08  4.28406997e-08  7.45055689e-09  3.07335863e-08
  3.72528437e-09 -2.98023823e-08  1.49011462e-08  3.16649099e-08
  1.96441055e-09 -1.20725729e-04 -5.96047246e-08  1.35329953e-04
 -1.74330228e-03  3.86446684e-05 -1.03122512e-04 -4.29448214e-04
  9.31320492e-09 -5.21543275e-08  4.09780501e-08  2.98023024e-08
  2.23517281e-08  3.72528437e-09  0.00000000e+00  0.00000000e+00
  0.00000000e+00  0.00000000e+00 -2.21189451e-08  5.12227192e-09
 -1.49011762e-08  5.23868930e-10 -7.91624845e-09 -1.11758743e-08
  1.49011462e-08 -1.49011762e-08  3.26414434e-04  5.34968966e-04
  2.92201851e-08  1.49011462e-08 -2.52225709e-03  8.13573496e-05
 -3.62260916e-04  2.39654454e-03  1.37155688e-03 -8.23173364e-04
 -4.85872663e-04 -2.60770480e-08  7.64697991e-05 -1.14827727e-05
  4.42376866e-08  6.90706836e-05 -3.72530621e-09  0.00000000e+00
  0.00000000e+00  0.00000000e+00 -2.91038310e-10  1.11758625e-08
  5.82076586e-10  6.14685163e-05  7.45057685e-09 -3.59394197e-13
  1.00655921e-06 -1.44355152e-08 -5.58793631e-09  7.91856610e-04
  3.06244059e-04  1.03671787e-03 -1.66005813e-03 -1.85864882e-03
  4.15968949e-03  1.10073996e-03  5.63445614e-04  3.03029956e-03
  2.72964661e-03  1.49009965e-08 -6.70554487e-08  1.53668078e-08
 -3.99326885e-14 -3.72529123e-09 -9.98317211e-15  1.49011462e-08
  0.00000000e+00  0.00000000e+00  2.79396720e-09 -2.79396825e-09
 -1.49011762e-08  1.95411504e-04 -1.59730754e-13  3.04627261e-03
  6.90914745e-03  1.68822705e-03  5.03696152e-03  4.36267658e-04
  8.10128385e-03  1.25334627e-03 -1.07779810e-03 -1.67733333e-03
  6.88325512e-04  4.01416060e-03  1.20949962e-05  8.09840633e-04
  3.87029726e-03  1.75045521e-04  0.00000000e+00  2.79396657e-09
  0.00000000e+00 -9.31322633e-10 -5.82077056e-09 -2.23518154e-08
  0.00000000e+00  0.00000000e+00 -3.99326885e-14  4.54018421e-08
 -1.86264538e-09  1.53899239e-03 -1.22479893e-06  5.68328745e-03
  1.37419735e-03  5.86978048e-03  2.21829423e-03  6.70840417e-03
  8.08780964e-03  5.12511509e-03 -9.59039844e-04  3.94179174e-03
  2.90246647e-03  6.02140734e-04  1.64015110e-03  3.93387414e-04
  1.27984964e-03  3.40747219e-03  2.38830389e-03 -2.32830680e-09
 -9.31322633e-10 -4.47037781e-08 -4.09783365e-08  0.00000000e+00
  0.00000000e+00 -3.72529123e-09 -9.31322633e-10  1.46683154e-08
  2.36573664e-03 -1.67638203e-08 -2.04891187e-08 -1.02445573e-08
  5.68374861e-03  5.17420730e-03  6.75807223e-04  7.73308772e-03
  2.10753210e-03 -5.06855647e-04 -3.42623373e-03  3.69611244e-03
  1.94550418e-03  4.91378785e-04  2.72033279e-04  5.25824699e-04
  2.44266984e-03  1.62807809e-03 -7.45059183e-09  5.24293103e-04
  1.11758525e-08 -2.42144190e-08  1.49010664e-08 -1.49012560e-08
  0.00000000e+00 -5.96047246e-08  1.35041613e-08 -2.42144015e-08
  8.14907208e-10  2.23516682e-08  1.92284126e-03  2.48793478e-03
  8.95074640e-03  1.87256701e-03  3.24948704e-03  3.00660063e-03
  3.31678043e-03 -8.45151790e-05 -5.34348447e-04  9.94187015e-04
  5.33319119e-03 -3.72921967e-04  3.95016043e-04  6.43631315e-05
  5.37116745e-04 -2.98024322e-08  3.72528437e-09  2.28107577e-04
  7.45055689e-09  1.49011462e-08  2.98022625e-08 -1.59730754e-13
  0.00000000e+00  2.32830640e-10  2.23517281e-08 -3.35276685e-08
  3.72527495e-08  2.79396720e-09  8.56216838e-04  3.76012829e-03
  4.77685701e-04  3.33801990e-03  3.43578186e-03  4.16818344e-03
  1.81518975e-03 -2.16835825e-03  6.81879189e-03  7.18361183e-03
  3.59805830e-03  4.51347969e-04  1.67340713e-04  1.59702361e-03
  2.60338432e-03 -3.07337037e-08  5.21538807e-08 -4.47037781e-08
  4.47033488e-08  6.40499914e-04 -2.79396825e-09  0.00000000e+00
  0.00000000e+00  1.49009965e-08 -2.56113725e-09 -1.49011662e-08
  7.45051695e-09  0.00000000e+00  1.49404348e-04 -6.51928335e-09
 -1.11758743e-08  1.67406994e-04  8.91764073e-03  1.67362352e-03
  1.12371008e-03 -8.72041782e-04  1.84359070e-02  1.55454359e-02
  3.57997465e-03  9.61006335e-04  1.50114429e-03  5.96668270e-05
  2.02796206e-03  4.44427986e-05  9.18188655e-05  1.30554180e-04
 -5.07572672e-08  1.49011462e-08  2.60769862e-08  0.00000000e+00
  0.00000000e+00  1.86264492e-09 -7.27595765e-11  1.39698373e-09
 -8.38192538e-09  1.34034832e-04  6.58224654e-06  4.41736821e-06
 -3.99326885e-14  3.67271082e-03  1.54650866e-03  6.82947607e-03
  7.34175151e-04 -5.39262363e-03  5.56795831e-03  5.99706359e-03
 -1.36901850e-03  3.70780634e-03  4.11705747e-03  4.79032417e-05
  8.22810201e-03  1.19928319e-03  1.49003476e-08  9.31322516e-10
  1.40505957e-04  7.45057685e-09  6.00700677e-08  0.00000000e+00
  0.00000000e+00 -3.74567231e-08  3.53901609e-08 -3.59394197e-13
  2.79396564e-09 -7.45058184e-09  7.87817811e-04 -4.56349391e-08
  1.86264381e-08  2.74439934e-03  4.30725925e-04  3.96005867e-04
  4.46811766e-05  4.52082463e-03  3.55031537e-03  3.77316047e-03
 -7.40361296e-04  5.98629718e-03  5.34169975e-03  7.58260032e-03
  3.88189919e-06 -1.49014158e-08 -1.49011762e-08  1.61011091e-04
 -5.82076814e-09  4.47034287e-08 -4.19095246e-09  0.00000000e+00
  0.00000000e+00  0.00000000e+00 -1.86264538e-09 -2.99187975e-08
 -5.86735644e-08 -2.98025021e-08  5.93540939e-03  4.13743463e-03
  2.00662628e-03  2.08954045e-03  3.24521890e-03  5.18092837e-06
 -1.49800471e-03  3.57347665e-03  1.01767990e-02  2.79449641e-03
  2.85608219e-03  0.00000000e+00  6.31510682e-03  6.46265547e-03
  6.00514175e-03  3.39213688e-03  0.00000000e+00  0.00000000e+00
  0.00000000e+00  0.00000000e+00  0.00000000e+00  0.00000000e+00
  0.00000000e+00  0.00000000e+00  0.00000000e+00  0.00000000e+00
  0.00000000e+00  0.00000000e+00  0.00000000e+00  9.03302594e-04
  6.07401481e-03  1.68815128e-03  3.88204410e-03  2.02686212e-03
 -2.24342737e-03  4.69545298e-03  2.13653815e-02  3.89173332e-03
  5.24269984e-03  1.13463803e-03  1.35665982e-04  7.41945180e-03
  0.00000000e+00  0.00000000e+00  0.00000000e+00  0.00000000e+00
  0.00000000e+00 -1.05815191e-05  0.00000000e+00  0.00000000e+00
  0.00000000e+00  0.00000000e+00  0.00000000e+00  0.00000000e+00
  0.00000000e+00  0.00000000e+00  5.07679596e-04  1.60065783e-05
  4.93035203e-03  4.34776935e-03  0.00000000e+00  0.00000000e+00
  3.60950221e-03  1.87514953e-02  6.61292880e-03 -1.19625469e-03
  0.00000000e+00  0.00000000e+00  1.76289487e-03  1.06306187e-03
  0.00000000e+00  5.08566816e-04  0.00000000e+00  0.00000000e+00
  0.00000000e+00  0.00000000e+00  0.00000000e+00  0.00000000e+00
  0.00000000e+00  0.00000000e+00  0.00000000e+00  0.00000000e+00
  0.00000000e+00  1.20856568e-03  0.00000000e+00  1.27406328e-03
  3.09722751e-04  4.81812101e-03  2.44337960e-05  3.80530047e-04
  8.23334169e-04 -6.46343066e-05  5.38078313e-03 -1.75674682e-03
  4.34532836e-03  4.94832613e-03  4.22575822e-04  7.00083213e-03
  0.00000000e+00  0.00000000e+00  8.80812698e-05  0.00000000e+00
  0.00000000e+00  0.00000000e+00  0.00000000e+00  0.00000000e+00
  0.00000000e+00  0.00000000e+00  0.00000000e+00  0.00000000e+00
  0.00000000e+00  7.71460767e-04  0.00000000e+00  0.00000000e+00
  2.10021834e-05  9.62038684e-05  0.00000000e+00 -1.99703108e-03
  8.43461056e-03  7.35807891e-03  3.69659661e-03 -1.66759128e-03
  3.08822443e-03  8.19178238e-04  4.86273596e-03  1.65139392e-02
  0.00000000e+00  2.00619355e-03  0.00000000e+00  0.00000000e+00
  0.00000000e+00  0.00000000e+00  0.00000000e+00  0.00000000e+00
  0.00000000e+00  0.00000000e+00  0.00000000e+00  0.00000000e+00
  0.00000000e+00  0.00000000e+00  0.00000000e+00  2.56575899e-06
  2.62431934e-03  7.06768709e-05  1.80985211e-03 -3.34987550e-03
  7.89472661e-03 -1.03726221e-03 -4.89403686e-04  1.96996987e-04
  3.87401803e-03  0.00000000e+00  8.06761535e-04  7.79036873e-03
  0.00000000e+00  0.00000000e+00  0.00000000e+00  0.00000000e+00
  0.00000000e+00  0.00000000e+00  0.00000000e+00  0.00000000e+00
  0.00000000e+00  0.00000000e+00  5.19685240e-06  0.00000000e+00
  0.00000000e+00  0.00000000e+00  3.69390716e-03  6.78437987e-04
  4.97736894e-03  0.00000000e+00  5.38666357e-05  1.25392891e-03
  3.53870038e-03 -1.97165350e-04  6.42149341e-04  1.65109493e-03
  2.67497679e-04  7.71198267e-03  5.28693655e-03  6.62660488e-03
  4.09657205e-03  0.00000000e+00  0.00000000e+00  0.00000000e+00
  0.00000000e+00  0.00000000e+00  0.00000000e+00  0.00000000e+00
  0.00000000e+00  0.00000000e+00  0.00000000e+00  0.00000000e+00
  0.00000000e+00  0.00000000e+00  0.00000000e+00  4.81828861e-03
  6.09705300e-05  3.18470367e-05 -1.49191597e-04  2.56465597e-03
  1.19576988e-03  1.73948275e-04  7.14202456e-04  3.46668046e-03
  3.50186590e-04  6.89037737e-03  0.00000000e+00  0.00000000e+00
  0.00000000e+00  0.00000000e+00  0.00000000e+00  1.98702839e-03
  0.00000000e+00  0.00000000e+00  0.00000000e+00  0.00000000e+00
  0.00000000e+00  0.00000000e+00  0.00000000e+00  0.00000000e+00
  0.00000000e+00  0.00000000e+00  4.28642229e-05  2.33040109e-04
  3.55491491e-03  2.06490409e-03  1.96694774e-06 -5.88087786e-04
  3.02268690e-04 -3.25570452e-04  0.00000000e+00  2.81788186e-04
  4.12213347e-03  0.00000000e+00  2.69278656e-03  0.00000000e+00
  0.00000000e+00  0.00000000e+00  0.00000000e+00  0.00000000e+00
  0.00000000e+00  0.00000000e+00  0.00000000e+00  0.00000000e+00
  0.00000000e+00  0.00000000e+00  0.00000000e+00  0.00000000e+00
  0.00000000e+00  0.00000000e+00  0.00000000e+00  0.00000000e+00
  6.59626401e-05  0.00000000e+00  8.85601677e-05  8.95809585e-04
 -2.22636854e-03 -5.28572547e-04 -7.28268320e-05  0.00000000e+00
  0.00000000e+00  0.00000000e+00  0.00000000e+00  2.15126406e-04
  0.00000000e+00  0.00000000e+00  0.00000000e+00  0.00000000e+00
  0.00000000e+00  0.00000000e+00  0.00000000e+00  0.00000000e+00
  0.00000000e+00  0.00000000e+00  0.00000000e+00  0.00000000e+00
  0.00000000e+00  0.00000000e+00  0.00000000e+00  0.00000000e+00
  0.00000000e+00  6.72312830e-05  0.00000000e+00  0.00000000e+00
  0.00000000e+00  0.00000000e+00  0.00000000e+00  0.00000000e+00
  0.00000000e+00  0.00000000e+00  0.00000000e+00  0.00000000e+00
  0.00000000e+00  0.00000000e+00  0.00000000e+00  0.00000000e+00
  0.00000000e+00  0.00000000e+00  0.00000000e+00  0.00000000e+00
  0.00000000e+00  0.00000000e+00  0.00000000e+00  0.00000000e+00
  0.00000000e+00  0.00000000e+00  0.00000000e+00  0.00000000e+00
  0.00000000e+00  0.00000000e+00  0.00000000e+00  0.00000000e+00
  0.00000000e+00  0.00000000e+00  0.00000000e+00 -1.10713859e-03
  0.00000000e+00  0.00000000e+00  0.00000000e+00  0.00000000e+00
  0.00000000e+00  0.00000000e+00  0.00000000e+00  0.00000000e+00
  0.00000000e+00  0.00000000e+00  0.00000000e+00  0.00000000e+00
  0.00000000e+00  0.00000000e+00  0.00000000e+00  0.00000000e+00
  0.00000000e+00  0.00000000e+00  0.00000000e+00  0.00000000e+00
  0.00000000e+00  0.00000000e+00  0.00000000e+00  0.00000000e+00
  0.00000000e+00  0.00000000e+00  0.00000000e+00  0.00000000e+00
  0.00000000e+00  0.00000000e+00  0.00000000e+00  0.00000000e+00
  0.00000000e+00  0.00000000e+00  0.00000000e+00  0.00000000e+00
  0.00000000e+00  0.00000000e+00  0.00000000e+00  0.00000000e+00]
SHAP runtime:  259.8791
6-th data point, prediction: 4
SHAP scores:  [ 0.00000000e+00  0.00000000e+00  0.00000000e+00  0.00000000e+00
  0.00000000e+00  0.00000000e+00  0.00000000e+00  0.00000000e+00
  0.00000000e+00  0.00000000e+00  0.00000000e+00  0.00000000e+00
  0.00000000e+00  0.00000000e+00  0.00000000e+00  0.00000000e+00
  0.00000000e+00  0.00000000e+00  0.00000000e+00  0.00000000e+00
  0.00000000e+00  0.00000000e+00  0.00000000e+00  0.00000000e+00
  0.00000000e+00  0.00000000e+00  0.00000000e+00  0.00000000e+00
  0.00000000e+00  0.00000000e+00  0.00000000e+00  0.00000000e+00
  0.00000000e+00  0.00000000e+00  0.00000000e+00 -1.49011447e-08
  9.31323672e-10 -1.02445446e-08  7.45058473e-09  1.10136445e-14
 -1.86264489e-09  7.45058473e-09 -1.30385034e-08  7.45060675e-09
  3.01634943e-04  1.49011777e-08 -5.12227324e-09 -3.25962848e-09
  7.45058473e-09  0.00000000e+00  0.00000000e+00  0.00000000e+00
  0.00000000e+00  0.00000000e+00  0.00000000e+00  0.00000000e+00
  0.00000000e+00  0.00000000e+00  0.00000000e+00  0.00000000e+00
  0.00000000e+00  0.00000000e+00 -3.72528927e-09  1.49011667e-08
  1.86264541e-09  1.86264541e-09 -2.42143516e-08  1.67638217e-08
 -7.45055444e-09 -7.45057647e-09  9.31326662e-09  3.72529684e-09
  9.31322639e-10  7.45058473e-09  2.32830648e-10  6.98492139e-09
  1.86264524e-09  7.45058473e-09  3.72529133e-09 -2.23516606e-08
  2.32830648e-10 -1.11758671e-08  0.00000000e+00  0.00000000e+00
  0.00000000e+00  0.00000000e+00 -4.84286324e-08  2.79397463e-08
 -9.31312873e-10 -2.60769980e-08 -1.86264489e-09  9.31324872e-09
 -1.28056842e-09  2.79396830e-09  7.45058473e-09 -1.49011447e-08
  2.98023444e-08  1.58325313e-08  1.86264663e-08  3.72530723e-08
  3.92574290e-05  1.86264541e-09 -2.70083362e-08  3.44589961e-08
 -2.23516606e-08 -1.49011557e-08  9.31322807e-09  7.45058473e-09
  1.49011667e-08  1.30385342e-08  0.00000000e+00  0.00000000e+00
  0.00000000e+00  0.00000000e+00  0.00000000e+00 -1.11758506e-08
  1.49011777e-08 -1.86264367e-08 -3.25962822e-09 -7.45057647e-09
  5.21542666e-08  1.86264541e-09  7.48149258e-04 -3.72528376e-09
  2.39306457e-04  3.81110454e-03  3.86481994e-04  3.38381992e-03
  2.69241784e-04  7.45060675e-09 -7.45057647e-09  9.31323633e-09
 -7.45055444e-09 -7.45057647e-09  2.23518230e-08 -1.30384979e-08
 -7.45057647e-09 -1.30385034e-08  0.00000000e+00  0.00000000e+00
  0.00000000e+00  0.00000000e+00  1.49011777e-08 -2.23517046e-08
  2.98023554e-08 -7.45057647e-09  2.60770662e-08  1.39698559e-08
 -7.45057647e-09 -2.11075938e-07 -7.43676220e-04  2.60427741e-03
  7.24407377e-03  2.32459965e-03  6.24843040e-03  6.58961367e-03
  0.00000000e+00  2.52462187e-03  2.44302980e-03  2.24096111e-04
  7.67095297e-06 -1.66294370e-04  2.24180680e-03  6.78639197e-05
  3.72529133e-09 -1.40862368e-08  0.00000000e+00  0.00000000e+00
  0.00000000e+00  0.00000000e+00  1.10136445e-14 -1.86264489e-09
  6.17001678e-09  9.31322807e-09  7.65431147e-09 -1.86264422e-08
 -7.40929469e-05 -2.34003070e-03 -4.05387326e-04 -8.38284835e-04
 -1.86264422e-08  3.81377795e-03  5.79035611e-03  1.00481558e-02
  1.04057792e-03  1.53451365e-04  1.34301111e-03  8.10923965e-04
 -2.59629252e-04  6.06263734e-03  7.36160524e-03  3.78741749e-04
  2.98023554e-08  3.72529064e-09  6.51925912e-09  3.72529133e-09
  0.00000000e+00  0.00000000e+00 -8.84756070e-09  1.49011667e-08
  2.23517569e-08  2.75341112e-15  2.23517790e-08  2.32043224e-04
 -1.10144962e-03  1.00185422e-03 -2.19509110e-04  1.13236447e-04
  7.06527216e-03  4.15588973e-03  1.30925730e-02  5.03995074e-03
  5.26588152e-03  1.95473083e-03  8.00559143e-04 -2.60770145e-08
  1.40639747e-03  3.80237866e-03  1.79196275e-03  1.11758912e-08
 -3.72527997e-08  1.49011667e-08  3.35276578e-08 -1.30385103e-08
  0.00000000e+00  0.00000000e+00 -9.77888336e-09 -3.72528658e-08
 -9.31320277e-09  7.45058473e-09  2.98023554e-08  4.00256260e-04
  2.16426596e-04  1.59199182e-03  4.62903326e-04  4.09717785e-04
  3.99658924e-03  6.45569908e-03  6.72122521e-03  2.55662472e-03
  4.18237960e-03  4.54572674e-03  7.69958911e-04  8.66263014e-04
  1.05684541e-03  5.21252838e-03  2.79481974e-06 -2.83570294e-04
 -3.04174871e-04 -1.67637909e-08  3.72529133e-09  0.00000000e+00
  0.00000000e+00 -2.98022563e-08 -3.35275841e-08  2.98023444e-08
  9.31323220e-09  0.00000000e+00  4.71417680e-04  2.19394898e-03
  3.35351994e-03 -4.32746519e-05  8.30491918e-04  4.10642095e-04
  1.41803248e-05  4.15571356e-04  4.60437281e-03  5.38685259e-04
  1.10258070e-03 -5.11190890e-05  2.09611071e-03  3.98831274e-03
  1.55576405e-03  8.62378372e-04  6.51926256e-09  2.23517569e-08
 -2.60769980e-08  2.23517790e-08 -1.49011447e-08  1.49011777e-08
  0.00000000e+00  3.72529133e-09 -2.23517046e-08  1.86264678e-09
 -1.11758671e-08 -1.30385075e-08  4.79134137e-04  1.57731639e-03
  4.75965090e-03 -2.95649408e-04 -6.97493543e-04  2.39722111e-04
 -3.10033868e-04  1.08582202e-03  1.42620788e-03  5.34831259e-04
  8.75982864e-04 -8.95526210e-04  1.65726626e-03  4.57792142e-03
  4.53848132e-04  2.28600826e-04 -4.67957902e-04  6.24000679e-06
 -1.11758671e-08  2.79397519e-09 -2.79396645e-09  0.00000000e+00
  0.00000000e+00  7.45058473e-09 -3.72528927e-09 -2.23515945e-08
  0.00000000e+00 -2.67837137e-05  2.25354821e-03  4.38214534e-03
  2.63905944e-03  3.19566972e-05 -6.56748504e-05  6.19517500e-15
 -1.21595299e-05  7.38754900e-04  1.05562207e-03 -1.13031452e-04
 -1.94740845e-04 -8.62911899e-04  2.42622699e-03 -5.51484251e-04
  1.33517089e-03 -3.72528927e-09  0.00000000e+00 -1.51339912e-09
 -3.35275511e-08  7.45065081e-09  3.72529133e-09  0.00000000e+00
  0.00000000e+00  3.72529684e-09 -3.72528376e-09  0.00000000e+00
  1.86264663e-08  4.47035442e-08  3.57018549e-03  7.13720232e-03
  3.82007405e-03  2.19125604e-03  9.85351787e-04 -7.84378579e-04
  3.41335008e-04  7.40385616e-05 -1.85741499e-04  5.44564165e-04
  1.49066419e-03  4.68664948e-03  3.67800061e-03  2.19525160e-03
  9.84626546e-04 -1.35041596e-08  1.51160401e-03  9.31322945e-09
 -2.91038181e-09  7.45058473e-09  7.45060428e-08  0.00000000e+00
  0.00000000e+00  2.79396796e-09 -7.45057647e-09 -1.11758506e-08
 -5.99616481e-04 -1.86264092e-08 -4.85936828e-04  6.29391476e-03
  8.14486282e-03  4.88364889e-03  1.53571935e-04  5.44743531e-03
  1.02462069e-04  7.31713753e-04 -4.60471128e-04  1.11669023e-04
  1.68772668e-03  2.29285373e-03  3.51482876e-03  1.63359141e-04
  3.25221824e-06  5.21541564e-08 -4.25600957e-04  3.72532437e-09
  1.86265917e-09  3.72529133e-09  3.72529133e-09  0.00000000e+00
  0.00000000e+00  4.47035331e-08  6.98492363e-09  1.11758747e-08
  1.10136445e-14 -2.05707842e-03 -1.96675429e-03 -5.71588025e-04
  3.06478954e-03 -4.25560565e-04  5.50804724e-03  6.72072030e-04
 -3.23149434e-05  6.56360290e-04 -6.11796934e-04 -2.54747652e-03
  3.05020453e-03  9.66511210e-04  1.67611912e-03 -3.11835799e-03
 -1.93828132e-03 -2.65877235e-03 -2.79396714e-09 -1.86264092e-08
 -1.02445422e-08  1.49011777e-08 -1.49011447e-08  0.00000000e+00
  0.00000000e+00  0.00000000e+00  7.45058473e-09 -4.65660713e-09
  3.72529133e-09 -1.11758671e-08 -1.82609675e-03 -2.91478369e-03
 -1.16460086e-03 -7.97793677e-03 -2.34876720e-03 -1.42501479e-03
 -2.36444274e-03 -9.24031165e-04 -4.08678719e-03 -1.96178979e-03
  1.15542514e-03 -1.12396846e-04 -7.34129519e-03 -5.22275472e-04
  0.00000000e+00  0.00000000e+00  0.00000000e+00  0.00000000e+00
  0.00000000e+00  0.00000000e+00  0.00000000e+00  0.00000000e+00
  0.00000000e+00  0.00000000e+00  0.00000000e+00  0.00000000e+00
  0.00000000e+00  0.00000000e+00 -3.51716746e-05 -5.10859052e-03
  0.00000000e+00 -4.22570016e-03 -1.83165112e-04 -1.98921446e-03
  1.95350182e-04 -6.06631965e-03 -4.52245549e-03 -1.66517519e-03
  2.94966003e-03 -3.62313222e-03 -2.03252145e-03 -1.20562624e-03
  0.00000000e+00 -8.92695284e-04  0.00000000e+00  2.06580335e-03
  0.00000000e+00  0.00000000e+00  0.00000000e+00  0.00000000e+00
  0.00000000e+00  0.00000000e+00  0.00000000e+00  0.00000000e+00
  0.00000000e+00  0.00000000e+00  4.60890485e-05 -4.81966265e-03
  0.00000000e+00 -1.57851288e-03 -2.43699422e-03  7.66334833e-04
 -8.90925179e-04 -2.79494025e-03 -8.44182980e-03  1.23288715e-04
  3.93173356e-03  4.23702102e-04 -1.03004290e-05 -1.00701438e-04
 -3.82788945e-04  0.00000000e+00  0.00000000e+00  0.00000000e+00
  0.00000000e+00  0.00000000e+00  0.00000000e+00  0.00000000e+00
  0.00000000e+00  0.00000000e+00  0.00000000e+00  0.00000000e+00
  0.00000000e+00  0.00000000e+00  0.00000000e+00  0.00000000e+00
  0.00000000e+00  2.51703909e-03  1.01936451e-03  2.25173070e-03
 -3.66181359e-04  0.00000000e+00  2.79091484e-03  3.40358039e-03
 -9.43867890e-04  2.28551038e-04  2.17697570e-03  0.00000000e+00
  1.20663991e-04  0.00000000e+00  0.00000000e+00  0.00000000e+00
  0.00000000e+00  0.00000000e+00  0.00000000e+00  0.00000000e+00
  0.00000000e+00  0.00000000e+00  0.00000000e+00  0.00000000e+00
  0.00000000e+00  0.00000000e+00  4.88817893e-03  2.59417119e-03
  0.00000000e+00  3.01631900e-03  3.73869282e-03  8.86102148e-04
  0.00000000e+00  0.00000000e+00  9.02731596e-04 -3.80093541e-05
  2.10398485e-04  1.56646614e-03  0.00000000e+00  0.00000000e+00
  2.48637436e-03  0.00000000e+00  0.00000000e+00  0.00000000e+00
  0.00000000e+00  0.00000000e+00  0.00000000e+00  0.00000000e+00
  0.00000000e+00  0.00000000e+00  0.00000000e+00  0.00000000e+00
  0.00000000e+00  0.00000000e+00  0.00000000e+00  5.35763752e-05
  2.48489909e-03  0.00000000e+00  9.76310417e-03  1.55389350e-04
  9.22691765e-04  3.45800022e-04  4.96100177e-04 -1.56704750e-04
  0.00000000e+00  1.07292358e-04  1.01811722e-03  1.58546171e-03
  0.00000000e+00  0.00000000e+00  0.00000000e+00  0.00000000e+00
  0.00000000e+00  0.00000000e+00  0.00000000e+00  0.00000000e+00
  0.00000000e+00  0.00000000e+00  0.00000000e+00  0.00000000e+00
  0.00000000e+00  0.00000000e+00  0.00000000e+00  7.85599827e-04
  1.44433812e-02  0.00000000e+00  2.23953823e-05  0.00000000e+00
  0.00000000e+00 -3.01967443e-04 -3.49775149e-04  1.92349857e-04
  1.09118416e-04  4.78680045e-04 -3.35439207e-04  0.00000000e+00
  0.00000000e+00  0.00000000e+00  5.23126705e-06  0.00000000e+00
  0.00000000e+00  0.00000000e+00  0.00000000e+00  0.00000000e+00
  0.00000000e+00  0.00000000e+00  0.00000000e+00  0.00000000e+00
  0.00000000e+00  0.00000000e+00  0.00000000e+00  0.00000000e+00
  4.50594056e-04  1.62827990e-04  0.00000000e+00  4.89188217e-03
  4.81685891e-03 -7.34648957e-05 -1.41604626e-03  3.06935893e-04
 -4.02543865e-04  7.71850400e-04 -1.14237649e-03  0.00000000e+00
  0.00000000e+00  0.00000000e+00  0.00000000e+00  0.00000000e+00
  0.00000000e+00  0.00000000e+00  0.00000000e+00  0.00000000e+00
  0.00000000e+00  0.00000000e+00  0.00000000e+00  0.00000000e+00
  0.00000000e+00  6.22195644e-04  0.00000000e+00  0.00000000e+00
  5.17031143e-03  2.89714884e-03  0.00000000e+00  8.18023160e-05
  2.03763080e-03 -3.43660494e-03 -7.57608089e-04  2.28340902e-03
 -3.09732247e-04  2.60318868e-04 -1.53955322e-04  0.00000000e+00
 -4.48221733e-04  0.00000000e+00  0.00000000e+00  0.00000000e+00
  0.00000000e+00  0.00000000e+00  0.00000000e+00  0.00000000e+00
  0.00000000e+00  0.00000000e+00  0.00000000e+00  0.00000000e+00
  0.00000000e+00  0.00000000e+00  0.00000000e+00  0.00000000e+00
  0.00000000e+00  0.00000000e+00  4.81374698e-03  0.00000000e+00
  1.73191083e-03 -2.08810866e-05 -2.00191300e-05  2.74554701e-04
  1.34072564e-03 -2.68741292e-05  0.00000000e+00  0.00000000e+00
  0.00000000e+00  0.00000000e+00  0.00000000e+00  0.00000000e+00
  0.00000000e+00  0.00000000e+00  0.00000000e+00  0.00000000e+00
  0.00000000e+00  0.00000000e+00  0.00000000e+00  0.00000000e+00
  0.00000000e+00  0.00000000e+00  0.00000000e+00  0.00000000e+00
  0.00000000e+00  0.00000000e+00  4.95046096e-03  0.00000000e+00
  0.00000000e+00  0.00000000e+00  0.00000000e+00  0.00000000e+00
  1.73696609e-03  0.00000000e+00  0.00000000e+00  0.00000000e+00
  0.00000000e+00  0.00000000e+00  0.00000000e+00  0.00000000e+00
  0.00000000e+00  0.00000000e+00  0.00000000e+00  0.00000000e+00
  0.00000000e+00  0.00000000e+00  0.00000000e+00  0.00000000e+00
  0.00000000e+00  0.00000000e+00  0.00000000e+00  0.00000000e+00
  0.00000000e+00  0.00000000e+00  0.00000000e+00  0.00000000e+00
  0.00000000e+00  0.00000000e+00  0.00000000e+00  0.00000000e+00
  0.00000000e+00  0.00000000e+00  0.00000000e+00  0.00000000e+00
  0.00000000e+00  0.00000000e+00  0.00000000e+00  0.00000000e+00
  0.00000000e+00  0.00000000e+00  0.00000000e+00  0.00000000e+00
  0.00000000e+00  0.00000000e+00  0.00000000e+00  0.00000000e+00
  0.00000000e+00  0.00000000e+00  0.00000000e+00  0.00000000e+00
  0.00000000e+00  0.00000000e+00  0.00000000e+00  0.00000000e+00
  0.00000000e+00  0.00000000e+00  0.00000000e+00  0.00000000e+00
  0.00000000e+00  0.00000000e+00  0.00000000e+00  0.00000000e+00
  0.00000000e+00  0.00000000e+00  0.00000000e+00  0.00000000e+00
  0.00000000e+00  0.00000000e+00  0.00000000e+00  0.00000000e+00]
SHAP runtime:  277.3819
7-th data point, prediction: 9
SHAP scores:  [ 0.00000000e+00  0.00000000e+00  0.00000000e+00  0.00000000e+00
  0.00000000e+00  0.00000000e+00  0.00000000e+00  0.00000000e+00
  0.00000000e+00  0.00000000e+00  0.00000000e+00  0.00000000e+00
  0.00000000e+00  0.00000000e+00  0.00000000e+00  0.00000000e+00
  0.00000000e+00  0.00000000e+00  0.00000000e+00  0.00000000e+00
  0.00000000e+00  0.00000000e+00  0.00000000e+00  0.00000000e+00
  0.00000000e+00  0.00000000e+00  0.00000000e+00  0.00000000e+00
  0.00000000e+00  0.00000000e+00  0.00000000e+00  0.00000000e+00
  0.00000000e+00  0.00000000e+00  0.00000000e+00  2.79396718e-08
  7.45057635e-09 -5.58793583e-09 -5.58793583e-09 -1.02445499e-08
  6.51925768e-09 -1.83354136e-09  9.31322403e-09  4.65661194e-09
  2.23517393e-08  2.42143812e-08  1.86264488e-09 -1.86264519e-09
 -9.31322635e-09  0.00000000e+00  0.00000000e+00  0.00000000e+00
  0.00000000e+00  0.00000000e+00  0.00000000e+00  0.00000000e+00
  0.00000000e+00  0.00000000e+00  0.00000000e+00  0.00000000e+00
  0.00000000e+00  0.00000000e+00 -1.30385168e-08 -4.47034934e-08
  2.56113625e-08  3.72528745e-09  1.86264444e-09  1.67638050e-08
 -1.11758754e-08 -4.65661430e-10 -8.38190380e-09 -9.31322635e-09
  2.23517357e-08  1.07963335e-03 -2.23517443e-08  1.86264376e-09
  1.86264500e-08  3.72529013e-09 -5.58793560e-09 -1.11758715e-08
 -6.51925820e-09 -5.58793627e-09  0.00000000e+00  0.00000000e+00
  0.00000000e+00  0.00000000e+00 -4.65661314e-09  0.00000000e+00
 -1.76951333e-08  1.11758703e-08 -1.49011639e-08 -4.02764037e-15
  7.45057993e-09  0.00000000e+00  8.38190255e-09  2.01661046e-04
  1.37143594e-03 -1.86264539e-08  9.05636027e-05 -2.60770358e-08
 -1.11878899e-16 -7.45058127e-09 -2.23517550e-08  1.11758649e-08
 -5.58794030e-09 -2.32830667e-09 -2.23517456e-08  1.49011585e-08
 -4.65661302e-09  2.98023116e-08  0.00000000e+00  0.00000000e+00
  0.00000000e+00  0.00000000e+00 -2.23517478e-08  7.91623995e-09
  5.58793529e-09 -6.51925876e-09 -5.58793583e-09  1.86264491e-08
 -2.79396793e-09  6.88947854e-04  1.86264511e-09 -9.31322585e-10
  3.72529013e-09  1.40398145e-03  1.73523240e-03  0.00000000e+00
  1.00450908e-03  1.28005441e-03  1.68723886e-04 -2.23517510e-08
  7.45057858e-09  2.60770203e-08  7.45057993e-09 -1.11758715e-08
  8.61473320e-09 -1.39698414e-08  0.00000000e+00  0.00000000e+00
  0.00000000e+00  0.00000000e+00 -3.72529047e-09  2.04890947e-08
 -3.91155644e-08  2.28639157e-07  6.63567262e-09  2.60770292e-08
  1.40622173e-03  3.72528476e-09  5.00393336e-05  6.25727554e-07
 -3.35276173e-08  2.40819495e-03 -1.49011639e-08  4.05131159e-03
  3.23359889e-03  5.29429180e-03  5.58793059e-09 -3.60887515e-09
 -7.45058127e-09  9.54994073e-04  1.37830642e-04  2.37834459e-03
  1.49011531e-08  3.25962883e-09  1.86264500e-08  0.00000000e+00
  0.00000000e+00  0.00000000e+00 -1.86264519e-09  1.49011585e-08
 -2.23517443e-08  1.86264511e-09 -1.09430418e-08  0.00000000e+00
 -1.86264557e-08  1.62482273e-03  9.47136050e-04  2.54137453e-03
 -9.78594485e-04  4.81665007e-04  2.96334732e-04 -1.24481052e-04
 -2.25471522e-03  2.71675942e-04 -1.08121696e-03  1.35635332e-04
  4.23477321e-04  1.32605308e-03  9.08261880e-04  6.98491925e-10
  3.72528924e-09  3.72529013e-09  1.49011585e-08 -5.58793583e-09
  0.00000000e+00  0.00000000e+00  1.04773779e-09  1.39698384e-09
 -7.16024951e-15  0.00000000e+00  8.14907219e-10  2.70917255e-03
 -3.72529047e-09  1.49010126e-03 -6.33154312e-04 -5.94846652e-04
  3.83118594e-03  7.20901423e-04 -6.18921322e-03 -2.46871376e-03
 -3.85278905e-03 -1.47559169e-03 -2.53010977e-03 -8.09208079e-04
  7.01452829e-05  1.14863880e-04  3.29650331e-03 -3.11994221e-07
  7.45057858e-09 -3.72529315e-09 -1.86264557e-08 -1.16415322e-09
  0.00000000e+00  0.00000000e+00  7.68341058e-09  1.30385131e-08
  1.28359283e-03 -5.58793560e-09 -2.60770376e-08  2.88732653e-03
 -1.11758724e-08  3.79379634e-04  9.51198736e-04  2.53882257e-03
  1.78870242e-03  4.09088416e-03  1.05784761e-03 -2.56805719e-03
 -3.24269962e-03 -1.02990103e-03 -6.37730689e-03 -4.43842896e-03
 -1.16966921e-03  5.33713982e-04  1.99603916e-03  2.09028897e-03
 -1.86264539e-08 -1.67638088e-08  5.58793462e-09  0.00000000e+00
  0.00000000e+00 -1.39698450e-09 -3.72529047e-09 -7.45058127e-09
  0.00000000e+00 -1.39698389e-09  7.95555321e-04  1.02935358e-04
 -1.77550337e-04  9.84261856e-04  5.25161340e-03  3.89328501e-03
  2.44731147e-03  2.29297699e-03  1.12683384e-05  1.38725199e-03
  6.52514757e-05 -3.28845382e-03 -6.76117710e-03 -1.00933744e-03
  1.51339892e-08  4.20031743e-04  1.15679295e-03  8.38190232e-09
  8.89732411e-04 -3.89991344e-09 -1.86264541e-09  3.72528980e-09
  0.00000000e+00 -6.98491951e-09 -1.86264539e-08 -7.45058485e-09
 -5.58793560e-09  8.00328939e-05  3.72529013e-09 -3.58510949e-05
 -1.49031328e-03  1.82627344e-03  5.30854089e-03  1.43505618e-03
 -9.63833559e-04 -1.52698743e-03 -7.41343597e-05  2.16830035e-04
  2.43054311e-03 -5.84686112e-04 -2.82827204e-03 -1.19487480e-03
 -1.39663578e-03  3.51896212e-04  1.16284764e-03  5.21565675e-05
 -5.58793560e-09  2.60770292e-08  1.49011585e-08  1.49011563e-08
  0.00000000e+00 -2.14204254e-08  3.35276027e-08 -7.68341190e-09
  7.45058026e-09  1.86264500e-08  1.28427385e-06 -5.58793627e-09
  1.29369593e-03  7.06327005e-03  4.94233936e-03 -5.18808296e-04
  1.16841664e-03 -3.88275616e-04 -2.08913859e-03  5.04001953e-04
  1.11466570e-03  1.50343058e-03 -8.74632951e-04 -1.44462491e-03
 -5.58793583e-09  9.31322564e-10  3.72528476e-09  1.36898690e-04
  1.74622979e-09 -1.11758724e-08  9.31322564e-10  0.00000000e+00
  0.00000000e+00 -9.31322635e-09 -1.49011639e-08  1.30385151e-08
  1.49011585e-08 -3.06127175e-05  1.88867315e-04 -2.78869745e-04
  1.24427851e-04  1.78694138e-03  6.60815208e-04  2.99375507e-04
  3.17447904e-04  8.07021375e-04 -7.09630225e-04  2.39888138e-03
  5.85530477e-04  1.86096094e-05 -4.54195126e-03 -7.65828566e-04
  2.70976066e-04  1.49011585e-08 -7.45058082e-09  1.30385131e-08
 -3.72529136e-09  3.72529013e-09  5.58793507e-09  0.00000000e+00
  0.00000000e+00  7.45057993e-09 -9.31322585e-10  2.42143812e-08
 -1.11878899e-16 -5.21331731e-04 -3.45681306e-04  7.45057993e-09
  4.71138502e-03  2.78619001e-03  1.12654266e-03 -2.78060574e-04
  4.22447721e-04  1.68239634e-03 -2.42033284e-03  1.47138250e-03
  3.30694430e-03  6.46232690e-04 -4.12864110e-03 -1.92535102e-03
  1.06119240e-03  5.87755197e-04  8.23308554e-04  1.44572602e-04
 -7.45058127e-09  5.19660167e-04  5.58793529e-09  0.00000000e+00
  0.00000000e+00 -5.58793560e-09  3.72528924e-09 -1.86264519e-09
  0.00000000e+00 -1.23815740e-03  1.86264488e-09 -6.40436065e-05
 -4.00986846e-04  2.77956965e-03  1.41213783e-03 -1.46043040e-04
  9.01169727e-04 -1.76505760e-04 -2.01926229e-04  4.21168530e-04
  9.69431800e-04  4.89149624e-03 -6.48854978e-04 -1.03070908e-04
  1.31509176e-03  1.86264500e-08  1.11758694e-08  9.31322201e-09
 -2.60770349e-08 -3.53902676e-08  1.30385147e-08  0.00000000e+00
  0.00000000e+00  0.00000000e+00  4.65661261e-09  4.65661272e-09
 -3.02679856e-09  9.31322564e-10 -4.65661302e-09  3.72528924e-09
 -2.42864453e-04  1.15790312e-03  7.23928195e-04  1.21975619e-03
  1.03267589e-03  3.66675300e-04  1.69795751e-04 -4.16038643e-05
  1.42147870e-03  2.72681075e-03  3.13555173e-04  0.00000000e+00
  1.45299618e-03  2.92043159e-03  0.00000000e+00  0.00000000e+00
  0.00000000e+00  0.00000000e+00  0.00000000e+00  0.00000000e+00
  0.00000000e+00  0.00000000e+00  0.00000000e+00  0.00000000e+00
  0.00000000e+00  0.00000000e+00  0.00000000e+00  0.00000000e+00
  0.00000000e+00 -3.47505519e-04 -8.02216810e-04 -9.18856904e-04
  9.25412321e-04  8.55297534e-04  6.22673971e-05 -1.09377544e-03
 -1.18745853e-04  5.44021590e-05  2.36270083e-04  1.95717189e-03
  4.70946646e-04  3.33958064e-04  5.47003973e-04  0.00000000e+00
  0.00000000e+00  0.00000000e+00  0.00000000e+00  0.00000000e+00
  0.00000000e+00  0.00000000e+00  0.00000000e+00  0.00000000e+00
  0.00000000e+00  0.00000000e+00  2.21842902e-04  1.92718039e-04
  2.86796846e-03  0.00000000e+00  9.62157958e-04  5.18120012e-05
  1.20086416e-03  1.98841845e-04  2.98803356e-03 -2.30298304e-03
 -1.61233844e-03  5.69530285e-04  1.15282152e-03 -9.98053164e-05
  9.21192193e-04  5.42036692e-04  0.00000000e+00  0.00000000e+00
  0.00000000e+00  0.00000000e+00  0.00000000e+00  0.00000000e+00
  0.00000000e+00  0.00000000e+00  0.00000000e+00  0.00000000e+00
  9.84488138e-05  2.87425398e-04  0.00000000e+00  0.00000000e+00
  1.57539699e-03  5.78520488e-03  3.24600561e-03  8.45288764e-04
  5.42856984e-04  4.38942343e-04  0.00000000e+00  5.28458428e-04
 -1.96139833e-05 -1.10525009e-03 -2.21239338e-03 -7.42809741e-03
  4.71291908e-03  0.00000000e+00  0.00000000e+00  4.54012073e-04
  0.00000000e+00  0.00000000e+00  0.00000000e+00  0.00000000e+00
  0.00000000e+00  0.00000000e+00  0.00000000e+00  0.00000000e+00
  0.00000000e+00  0.00000000e+00  1.68720794e-05  0.00000000e+00
  0.00000000e+00  0.00000000e+00  0.00000000e+00  1.90330456e-03
  2.99996580e-03  3.93815826e-04 -5.51162122e-05 -2.93266656e-04
  1.18192868e-03  1.98398203e-03 -6.26552532e-04 -4.19939280e-03
 -4.09224654e-03  0.00000000e+00  0.00000000e+00  0.00000000e+00
  0.00000000e+00  0.00000000e+00  0.00000000e+00  0.00000000e+00
  0.00000000e+00  0.00000000e+00  0.00000000e+00  0.00000000e+00
  0.00000000e+00  0.00000000e+00  0.00000000e+00  0.00000000e+00
  0.00000000e+00  6.53005021e-05  4.53406759e-03  4.09751039e-03
  1.30822438e-05  5.77014467e-04 -4.65473064e-04 -4.97364224e-04
  4.07396223e-05  2.16288895e-03 -5.67771988e-05 -5.81263572e-04
 -8.96434685e-03 -6.16162943e-04  2.67727231e-04  0.00000000e+00
  0.00000000e+00  0.00000000e+00  0.00000000e+00  0.00000000e+00
  0.00000000e+00  0.00000000e+00  0.00000000e+00  0.00000000e+00
  0.00000000e+00  0.00000000e+00  1.97785688e-04  2.72021143e-03
  1.38995741e-03  0.00000000e+00  5.07462379e-04  0.00000000e+00
  1.08971471e-04  1.56288839e-03  1.26133974e-04  1.00305626e-04
  1.24162059e-03 -1.39856770e-05  1.45980478e-04 -9.08917618e-04
 -5.08065012e-03 -1.52522143e-03 -1.73131291e-04  0.00000000e+00
  0.00000000e+00  0.00000000e+00  0.00000000e+00  0.00000000e+00
  0.00000000e+00  0.00000000e+00  0.00000000e+00  0.00000000e+00
  0.00000000e+00  3.22562449e-04  0.00000000e+00  3.37384549e-03
  1.06205053e-03  7.28334591e-04  1.95760629e-02  3.27795402e-03
  4.79434659e-03  5.03635473e-04  4.98112772e-04  1.54664110e-04
  1.24640163e-03  0.00000000e+00  0.00000000e+00 -6.80980207e-05
 -1.45067419e-05 -2.07380521e-03 -4.83888134e-04  0.00000000e+00
  0.00000000e+00  0.00000000e+00  0.00000000e+00  0.00000000e+00
  0.00000000e+00  0.00000000e+00  0.00000000e+00  0.00000000e+00
  0.00000000e+00  0.00000000e+00  0.00000000e+00  0.00000000e+00
  1.69142618e-03  0.00000000e+00  0.00000000e+00  1.21765249e-04
  1.36193890e-03  6.15744749e-04  1.10705281e-04  7.70595886e-04
  1.43288018e-03  0.00000000e+00 -9.85667826e-04  0.00000000e+00
  2.40422483e-04  7.05801941e-04 -7.78234083e-04  0.00000000e+00
  0.00000000e+00  0.00000000e+00  0.00000000e+00  0.00000000e+00
  0.00000000e+00  0.00000000e+00  0.00000000e+00  0.00000000e+00
  0.00000000e+00  0.00000000e+00  0.00000000e+00  0.00000000e+00
  0.00000000e+00  0.00000000e+00  0.00000000e+00  0.00000000e+00
 -3.40916814e-04  0.00000000e+00  0.00000000e+00  0.00000000e+00
  0.00000000e+00 -2.11867595e-03 -1.22707369e-04  0.00000000e+00
  0.00000000e+00  8.37922784e-04  3.30121502e-04 -1.38233306e-04
  0.00000000e+00  0.00000000e+00  0.00000000e+00  0.00000000e+00
  0.00000000e+00  0.00000000e+00  0.00000000e+00  0.00000000e+00
  0.00000000e+00  0.00000000e+00  0.00000000e+00  0.00000000e+00
  0.00000000e+00  0.00000000e+00  0.00000000e+00 -6.65395309e-04
  0.00000000e+00  0.00000000e+00 -3.72440283e-03  0.00000000e+00
  0.00000000e+00  0.00000000e+00  0.00000000e+00  0.00000000e+00
  0.00000000e+00 -2.82392324e-05  2.45033374e-04  4.24626387e-04
  0.00000000e+00  0.00000000e+00  0.00000000e+00  0.00000000e+00
  0.00000000e+00  0.00000000e+00  0.00000000e+00  0.00000000e+00
  0.00000000e+00  0.00000000e+00  0.00000000e+00  0.00000000e+00
  0.00000000e+00  2.18200437e-03  4.43298343e-06  0.00000000e+00
  0.00000000e+00  0.00000000e+00  0.00000000e+00  0.00000000e+00
  0.00000000e+00  0.00000000e+00  0.00000000e+00  0.00000000e+00
  0.00000000e+00  0.00000000e+00  0.00000000e+00  0.00000000e+00
  0.00000000e+00  0.00000000e+00  0.00000000e+00  0.00000000e+00
  0.00000000e+00  0.00000000e+00  0.00000000e+00  0.00000000e+00
  0.00000000e+00  0.00000000e+00  0.00000000e+00  0.00000000e+00
  0.00000000e+00  0.00000000e+00  0.00000000e+00  0.00000000e+00
  0.00000000e+00  0.00000000e+00  0.00000000e+00  0.00000000e+00
  0.00000000e+00  0.00000000e+00  0.00000000e+00  0.00000000e+00
  0.00000000e+00  0.00000000e+00  0.00000000e+00  0.00000000e+00
  0.00000000e+00  0.00000000e+00  0.00000000e+00  0.00000000e+00]
SHAP runtime:  272.2103
8-th data point, prediction: 5
SHAP scores:  [ 0.00000000e+00  0.00000000e+00  0.00000000e+00  0.00000000e+00
  0.00000000e+00  0.00000000e+00  0.00000000e+00  0.00000000e+00
  0.00000000e+00  0.00000000e+00  0.00000000e+00  0.00000000e+00
  0.00000000e+00  0.00000000e+00  0.00000000e+00  0.00000000e+00
  0.00000000e+00  0.00000000e+00  0.00000000e+00  0.00000000e+00
  0.00000000e+00  0.00000000e+00  0.00000000e+00  0.00000000e+00
  0.00000000e+00  0.00000000e+00  0.00000000e+00  0.00000000e+00
  0.00000000e+00  0.00000000e+00  0.00000000e+00  0.00000000e+00
  0.00000000e+00  0.00000000e+00  0.00000000e+00  1.11758653e-08
 -1.39698602e-08 -1.63847701e-14  7.45057445e-09 -1.86264553e-09
 -1.86264899e-08  4.65661263e-10 -3.72530003e-09 -2.23517766e-08
 -5.58794300e-09 -2.23517643e-08  1.49011366e-08 -1.63847701e-14
 -3.72529183e-09  0.00000000e+00  0.00000000e+00  0.00000000e+00
  0.00000000e+00  0.00000000e+00  0.00000000e+00  0.00000000e+00
  0.00000000e+00  0.00000000e+00  0.00000000e+00  0.00000000e+00
  0.00000000e+00  0.00000000e+00  1.49011530e-08  1.39698365e-09
 -6.70557231e-08 -3.72530566e-08 -1.49011858e-08  3.72526419e-09
  2.04890072e-08  1.38775588e-04  7.45047614e-09 -5.58794300e-09
  1.86264377e-08 -1.86266374e-08  2.23517193e-08 -1.86264553e-09
 -7.45058367e-09  3.72523961e-09 -1.49011858e-08 -1.11758765e-08
  1.30384522e-08 -7.45058674e-09  0.00000000e+00  0.00000000e+00
  0.00000000e+00  0.00000000e+00 -4.47035737e-08  5.58793199e-09
 -5.58793686e-09  5.58793199e-09 -1.67638293e-08  0.00000000e+00
 -3.72529183e-09  8.38190052e-09 -9.31325743e-10  2.79395744e-08
  9.31322024e-09 -3.72529183e-09 -2.98023715e-08  1.11758571e-08
 -4.65661425e-09  1.39698129e-08  1.42959049e-04 -4.11966470e-04
 -1.49011694e-08  9.31317358e-10  1.30385095e-08  1.11758407e-08
  2.14203326e-08  1.86264477e-09  0.00000000e+00  0.00000000e+00
  0.00000000e+00  0.00000000e+00  3.72528876e-09  2.79396277e-08
  2.79396584e-09  2.02562068e-08 -5.58794300e-09  1.86264295e-08
  4.65661150e-09  3.92942020e-04  1.49011438e-08 -5.58794300e-09
 -1.05999706e-04  1.30188225e-04  6.99135443e-04  1.70452526e-03
  3.89244275e-04  1.29669307e-03  3.14600732e-04  3.90387877e-04
  3.95879605e-04  1.60890012e-04  2.31782676e-03  1.35312762e-03
  8.62852843e-04  9.31322479e-10  0.00000000e+00  0.00000000e+00
  0.00000000e+00  0.00000000e+00  2.42143343e-08 -1.86264735e-08
 -5.58794300e-09  5.58793404e-09  1.76951065e-08  3.72528477e-08
 -3.72531549e-08 -2.60770828e-08  1.58357027e-04  3.42700645e-04
 -1.98769201e-05 -1.21142322e-04  2.11378795e-04 -5.14822601e-04
  6.87185317e-04  7.86978038e-04  1.57327648e-03  5.13954639e-03
  2.40405437e-03  5.74814784e-03  8.27376449e-03  7.65377855e-03
  9.04249049e-03 -1.68802258e-09  3.72528876e-09  0.00000000e+00
  0.00000000e+00  0.00000000e+00  3.72520684e-09 -3.72534099e-09
 -3.72530197e-08  1.86264477e-09 -1.11758765e-08 -5.58793686e-09
 -4.47035737e-08 -3.21810933e-04  1.95199053e-04 -1.16271723e-03
 -2.29057169e-04 -1.75094032e-04 -1.80228995e-05  1.75121704e-03
  6.66952490e-04 -5.84295893e-04  4.80319838e-04  3.56315175e-03
  5.37004495e-03  7.19859756e-03  1.01023702e-02  9.21374192e-03
  8.30880508e-03 -1.11758847e-08 -3.91156970e-08  1.86263885e-08
  0.00000000e+00  0.00000000e+00 -9.31322920e-09  2.98022528e-08
 -1.11758847e-08  9.31322479e-10  1.21071803e-08 -3.72529183e-09
  4.65661135e-10  1.49011366e-08 -2.21044455e-03 -3.24950874e-05
  1.50959839e-04  5.19024401e-04  8.47579949e-04 -1.25784621e-03
 -4.97937140e-04 -7.20869920e-05  6.48326076e-04  7.98786189e-04
  1.59338369e-03  3.62062178e-03  2.98517647e-03  5.95574983e-03
  7.31833300e-03 -5.58796758e-09 -7.45058674e-09  1.11758653e-08
  0.00000000e+00  0.00000000e+00  0.00000000e+00  1.02445428e-08
  4.47034058e-08  7.45057752e-09 -7.45061951e-09  4.78597558e-05
 -9.45307936e-05 -3.10859114e-05 -4.20574126e-04 -2.11955898e-03
 -1.13350233e-03 -5.42599004e-06  9.28196147e-04 -1.36076491e-03
  1.42441932e-03  1.85404761e-03  2.44503156e-03  6.49555864e-04
  9.40133591e-04 -2.11528108e-06 -1.23806682e-03  2.23516865e-08
 -9.31323125e-09 -9.31323125e-09  4.65661150e-09  0.00000000e+00
  0.00000000e+00  3.72523961e-09 -1.49011858e-08  1.88635454e-04
 -7.45059903e-09  5.58792137e-08  4.89509217e-04 -1.68787872e-06
 -1.39357000e-03  7.52637381e-04 -2.61625668e-04 -7.30797914e-05
  1.19665922e-04  9.12429372e-05 -3.42272829e-04  2.00620104e-03
  1.00033514e-04  3.04391617e-03  3.17673858e-03  4.17691537e-04
  1.17238581e-03  1.67637834e-08  0.00000000e+00 -1.11759011e-08
 -1.02445538e-08  5.58793404e-09 -4.47036229e-08 -1.11759011e-08
  0.00000000e+00 -1.67638293e-08 -1.49011735e-08  1.11758653e-08
 -1.49011694e-08  9.31322479e-10 -3.90704410e-05 -5.45413727e-04
 -2.29219960e-03  9.81606438e-04 -1.51783012e-03 -4.12685157e-03
 -1.90963624e-04 -2.88128772e-05  2.83448802e-04  1.52168636e-03
  2.78793971e-03  1.98881174e-03  2.88662108e-03  2.91681699e-03
  7.45056216e-09  1.49011530e-08  4.76285439e-04 -3.28923797e-05
 -1.02404813e-15 -5.58793890e-09  0.00000000e+00 -2.79396961e-09
  0.00000000e+00  1.11758571e-08  3.91153993e-08 -1.86264758e-09
  4.05708332e-05 -9.18118841e-05 -4.01015559e-05  8.71207439e-04
  1.22924922e-03 -1.86511391e-03 -1.10861616e-03 -3.82064003e-03
 -3.05139883e-03 -4.13977932e-04 -1.97715185e-03  7.96837274e-04
  1.99141418e-04  3.33347664e-03  5.15789867e-03  2.69944335e-03
  1.87876432e-03  7.59548121e-04  5.58789103e-09  1.62499967e-03
 -1.86264553e-09 -3.72529491e-09 -1.86264758e-09  0.00000000e+00
  0.00000000e+00 -1.62981683e-08  7.26428921e-08 -1.86264899e-08
 -3.68657327e-14 -6.79246271e-04  5.14912127e-04  5.94851062e-04
 -6.66755608e-04 -3.63774747e-03 -2.49700881e-03 -8.02755213e-03
 -1.83458153e-03 -1.89155940e-03 -3.65164207e-04  1.09450614e-03
  2.75408253e-03  1.55812719e-03  2.24766524e-03  2.10671623e-03
  1.62829605e-04  5.24330390e-03  5.44867532e-06  4.65092226e-04
  2.91175913e-04 -1.49011858e-08 -2.04891431e-08  0.00000000e+00
  0.00000000e+00 -1.11758847e-08  2.04890072e-08  1.86263557e-08
 -7.45078336e-09 -1.12562925e-03 -8.22338035e-04  2.75318885e-04
 -1.35181442e-03 -8.63114705e-04 -6.15054775e-03 -5.51126905e-04
 -3.35330518e-03 -2.54751301e-03 -1.91322781e-03  1.61337930e-03
  2.45019288e-03  2.64417821e-03  6.62842969e-04  9.83578420e-04
  3.03777257e-03 -1.53668348e-08  9.46657446e-04 -4.65661681e-09
  3.16212067e-04 -8.38191351e-09 -1.02404813e-15  0.00000000e+00
  0.00000000e+00  4.65660433e-09 -2.23517766e-08 -7.45058265e-09
  9.76605501e-05  2.88482814e-04  1.16756976e-03  3.28543218e-03
 -6.31247760e-04 -7.93922864e-04 -3.02670247e-03 -1.32339360e-03
 -2.66830868e-03 -2.74042188e-03 -5.55989413e-06  2.21369100e-03
  2.22555823e-03  4.86233428e-03  2.09224186e-03  1.21243084e-03
  1.35980709e-03  1.13274129e-04  1.86264477e-09  4.47033935e-08
 -3.72529183e-09 -2.98023715e-08  1.49011366e-08  0.00000000e+00
  0.00000000e+00  0.00000000e+00  7.45057855e-09  9.31322024e-09
  1.11758653e-08 -8.31176598e-04  8.85536469e-04  1.39507077e-03
  3.39710624e-03  1.57672307e-03  4.84615873e-04  3.07759846e-04
 -2.89395733e-05  9.88679205e-04 -1.82051806e-04  3.07279667e-03
 -1.53982471e-03  1.95510370e-03  7.00899820e-03  0.00000000e+00
  1.34834608e-03 -1.09329718e-05  0.00000000e+00  0.00000000e+00
  0.00000000e+00  0.00000000e+00  0.00000000e+00  0.00000000e+00
  0.00000000e+00  0.00000000e+00  0.00000000e+00  0.00000000e+00
  0.00000000e+00 -2.80689851e-04  1.86787903e-03  6.67236542e-06
 -3.24038694e-04  1.70788487e-03 -4.27928883e-05  1.36206770e-03
  4.12540861e-05 -1.00251566e-03  8.31585047e-07 -2.60382967e-03
 -1.05244983e-03  1.19348401e-04  1.29643388e-05 -9.79342912e-04
  7.33089164e-04  0.00000000e+00  0.00000000e+00  0.00000000e+00
  1.88940205e-07  0.00000000e+00  2.06456222e-05  0.00000000e+00
  0.00000000e+00  0.00000000e+00  0.00000000e+00  0.00000000e+00
  0.00000000e+00 -1.03772263e-04  1.55535739e-04  5.78677728e-04
 -1.68115062e-04 -9.37244354e-04 -4.44107901e-03  1.20732295e-03
 -6.75643176e-03 -9.77133440e-03 -3.03299439e-03 -2.42402498e-03
 -2.55446087e-03  1.47137669e-06  2.04939444e-03  5.09187568e-04
 -7.61551093e-04  0.00000000e+00  0.00000000e+00  1.09816352e-03
  0.00000000e+00  0.00000000e+00  0.00000000e+00  0.00000000e+00
  0.00000000e+00  0.00000000e+00  0.00000000e+00  0.00000000e+00
  0.00000000e+00  0.00000000e+00  0.00000000e+00  6.22666106e-06
  3.65199451e-05 -3.35826196e-04 -4.05028494e-04 -3.67562912e-03
 -1.15267793e-03 -9.14292767e-03 -2.53651054e-03 -2.09725050e-03
 -5.17829342e-07  1.89649905e-03  1.10937415e-03  2.06307972e-03
  0.00000000e+00  0.00000000e+00  3.25535059e-06  0.00000000e+00
  0.00000000e+00  0.00000000e+00  0.00000000e+00  0.00000000e+00
  0.00000000e+00  0.00000000e+00  0.00000000e+00  0.00000000e+00
  0.00000000e+00  0.00000000e+00  0.00000000e+00  0.00000000e+00
 -1.28018999e-03  1.38963121e-03  0.00000000e+00  1.60964236e-03
 -2.21717536e-03 -5.79836564e-03  1.37489747e-03  3.24481072e-04
 -6.06080926e-04  2.87686780e-03  3.21858432e-03  6.77061378e-03
 -3.40880036e-03 -3.58444778e-05  0.00000000e+00  0.00000000e+00
  0.00000000e+00  0.00000000e+00  0.00000000e+00  0.00000000e+00
  0.00000000e+00  0.00000000e+00  0.00000000e+00  0.00000000e+00
  3.26373779e-05  0.00000000e+00  9.78356131e-05 -2.03680484e-03
  1.40369781e-03  0.00000000e+00  9.16477082e-04  3.74951896e-03
 -5.19306405e-03 -3.98973152e-03  7.52264068e-04 -1.64213116e-04
  1.78153338e-03  7.81684171e-03  5.04339628e-03 -2.55385633e-03
 -1.46802360e-03  0.00000000e+00  7.51468701e-06  0.00000000e+00
  0.00000000e+00  0.00000000e+00  0.00000000e+00  0.00000000e+00
  0.00000000e+00  0.00000000e+00  0.00000000e+00  0.00000000e+00
  0.00000000e+00  0.00000000e+00 -3.24274548e-05  0.00000000e+00
 -8.56519739e-04  0.00000000e+00 -3.74651951e-03 -1.21651651e-03
  1.38792258e-04  1.06537380e-06  1.78483581e-03  1.06207678e-03
  2.27508716e-03  3.22493326e-03  6.91759777e-03  8.54797360e-05
 -1.05069900e-03  0.00000000e+00  0.00000000e+00  0.00000000e+00
  0.00000000e+00  0.00000000e+00  0.00000000e+00  0.00000000e+00
  0.00000000e+00  0.00000000e+00  0.00000000e+00  0.00000000e+00
  0.00000000e+00  0.00000000e+00  0.00000000e+00 -1.25549916e-05
 -2.44789623e-03  0.00000000e+00  0.00000000e+00  8.05173020e-05
  4.47208235e-04  1.57137010e-03  2.05403116e-03  8.97298431e-04
  2.36420742e-04  1.33488607e-03 -5.08084358e-04  0.00000000e+00
 -4.76522405e-04  0.00000000e+00  0.00000000e+00  0.00000000e+00
  0.00000000e+00  0.00000000e+00  0.00000000e+00  0.00000000e+00
  0.00000000e+00  0.00000000e+00  0.00000000e+00  0.00000000e+00
  0.00000000e+00  0.00000000e+00  0.00000000e+00  0.00000000e+00
 -3.85458454e-03 -1.97027799e-03  0.00000000e+00 -1.91212189e-04
  0.00000000e+00 -3.46467756e-03 -8.71508364e-05  7.41084123e-04
 -6.61692138e-04  0.00000000e+00  0.00000000e+00  0.00000000e+00
  0.00000000e+00  0.00000000e+00  0.00000000e+00  0.00000000e+00
  0.00000000e+00  0.00000000e+00  0.00000000e+00  0.00000000e+00
  0.00000000e+00  0.00000000e+00  0.00000000e+00  0.00000000e+00
  0.00000000e+00  0.00000000e+00  0.00000000e+00  0.00000000e+00
  0.00000000e+00  0.00000000e+00 -7.39103364e-04 -8.71875309e-04
  2.77540395e-04  0.00000000e+00  0.00000000e+00  0.00000000e+00
  0.00000000e+00  0.00000000e+00  0.00000000e+00  0.00000000e+00
  0.00000000e+00 -3.12846671e-05  0.00000000e+00  0.00000000e+00
  0.00000000e+00  0.00000000e+00  0.00000000e+00  0.00000000e+00
  0.00000000e+00  0.00000000e+00  0.00000000e+00  0.00000000e+00
  0.00000000e+00  0.00000000e+00  0.00000000e+00  0.00000000e+00
  0.00000000e+00  0.00000000e+00  1.86715553e-05  3.71451335e-04
  0.00000000e+00  7.05009556e-04  0.00000000e+00  0.00000000e+00
  0.00000000e+00  0.00000000e+00  0.00000000e+00  0.00000000e+00
  0.00000000e+00  0.00000000e+00  0.00000000e+00  0.00000000e+00
  0.00000000e+00  0.00000000e+00  0.00000000e+00  0.00000000e+00
  0.00000000e+00  0.00000000e+00  0.00000000e+00  0.00000000e+00
  0.00000000e+00  0.00000000e+00  0.00000000e+00  0.00000000e+00
  0.00000000e+00  0.00000000e+00  0.00000000e+00  0.00000000e+00
  0.00000000e+00  0.00000000e+00  0.00000000e+00  0.00000000e+00
  0.00000000e+00  0.00000000e+00  0.00000000e+00  0.00000000e+00
  0.00000000e+00  0.00000000e+00  0.00000000e+00  0.00000000e+00
  0.00000000e+00  0.00000000e+00  0.00000000e+00  0.00000000e+00
  0.00000000e+00  0.00000000e+00  0.00000000e+00  0.00000000e+00
  0.00000000e+00  0.00000000e+00  0.00000000e+00  0.00000000e+00
  0.00000000e+00  0.00000000e+00  0.00000000e+00  0.00000000e+00
  0.00000000e+00  0.00000000e+00  0.00000000e+00  0.00000000e+00
  0.00000000e+00  0.00000000e+00  0.00000000e+00  0.00000000e+00
  0.00000000e+00  0.00000000e+00  0.00000000e+00  0.00000000e+00
  0.00000000e+00  0.00000000e+00  0.00000000e+00  0.00000000e+00]
SHAP runtime:  267.1921
9-th data point, prediction: 7
SHAP scores:  [ 0.00000000e+00  0.00000000e+00  0.00000000e+00  0.00000000e+00
  0.00000000e+00  0.00000000e+00  0.00000000e+00  0.00000000e+00
  0.00000000e+00  0.00000000e+00  0.00000000e+00  0.00000000e+00
  0.00000000e+00  0.00000000e+00  0.00000000e+00  0.00000000e+00
  0.00000000e+00  0.00000000e+00  0.00000000e+00  0.00000000e+00
  0.00000000e+00  0.00000000e+00  0.00000000e+00  0.00000000e+00
  0.00000000e+00  0.00000000e+00  0.00000000e+00  0.00000000e+00
  0.00000000e+00  0.00000000e+00  0.00000000e+00  0.00000000e+00
  0.00000000e+00  0.00000000e+00  0.00000000e+00  4.47038400e-08
  2.23517869e-08 -4.47034440e-08  1.62981458e-09 -6.70551341e-08
  6.98492276e-09  8.80093217e-15 -5.35510289e-09  3.72529552e-09
 -2.60769741e-08  1.32248885e-07 -4.46742609e-08 -2.61934456e-09
 -7.45047169e-09  0.00000000e+00  0.00000000e+00  0.00000000e+00
  0.00000000e+00  0.00000000e+00  0.00000000e+00  0.00000000e+00
  0.00000000e+00  0.00000000e+00  0.00000000e+00  0.00000000e+00
  0.00000000e+00  0.00000000e+00  3.72529503e-08  4.09782711e-08
  5.58793950e-09  7.45058390e-09  2.60770461e-08  1.49011744e-08
  1.11758739e-08  3.72529112e-09  1.11758871e-08  1.49011744e-08
  5.58793730e-09 -1.39698248e-08  3.52037287e-14  8.19566979e-08
 -1.86264384e-09 -2.23517121e-08  1.67638187e-08  1.86265196e-09
 -7.45057730e-09 -6.70551165e-08  0.00000000e+00  0.00000000e+00
  0.00000000e+00  0.00000000e+00 -3.72528989e-09  7.45058390e-09
 -2.98022696e-08 -1.21071903e-08  8.56819153e-08 -3.35275899e-08
 -1.67637940e-08  1.15481133e-04 -1.10594544e-09  5.21541203e-08
  3.72529327e-08  7.45058390e-09  1.86264589e-08  3.72529855e-08
 -3.72528205e-08 -3.35274666e-08  8.28738554e-05 -2.98022696e-08
  4.47035320e-08  1.86265196e-09  4.84288869e-08 -1.86264177e-08
  8.75448041e-08  7.45058390e-09  0.00000000e+00  0.00000000e+00
  0.00000000e+00  0.00000000e+00 -1.49011480e-08 -2.79396726e-09
 -7.45057070e-09  4.65662026e-08  3.07336967e-08 -3.72528205e-08
  3.72529327e-08 -1.71602079e-04 -4.47033648e-08  3.43708912e-03
 -3.72528205e-08  4.89148950e-03  8.96817031e-04  2.57064920e-03
  4.67005505e-05  2.58588753e-03  2.79397325e-08  7.45058390e-09
  2.42144152e-08  1.49011744e-08 -7.45047169e-09 -5.58793139e-09
  2.53161038e-05  6.51926165e-09  0.00000000e+00  0.00000000e+00
  0.00000000e+00  0.00000000e+00  5.96047152e-08  1.30385306e-08
 -1.04307878e-07  1.86264536e-09 -6.14670059e-08 -1.86264441e-08
  9.22599251e-04  7.68482992e-04  7.45059050e-09  3.72529112e-09
  9.72865271e-04  2.30270582e-03  6.54221508e-03  4.18388625e-03
  4.83236534e-04  2.38346806e-03 -1.44354864e-08  2.15972943e-04
  1.49011744e-08  3.85764709e-04  3.53991170e-03  1.86264536e-09
 -1.53668095e-08 -1.52503942e-08  3.35277015e-08  0.00000000e+00
  0.00000000e+00  0.00000000e+00  4.65661988e-10  7.45060150e-09
 -1.49011480e-08  4.28409608e-08 -3.72528947e-09 -1.11758679e-08
 -8.84756146e-09 -1.86264309e-08  3.06947787e-03  3.04324600e-03
  1.27799779e-03  4.73156799e-04  6.44262204e-03  4.29596502e-03
  4.53108434e-03  5.76046545e-03  5.85572152e-04  5.71746383e-04
  7.45058170e-09  1.72737143e-03  1.76951409e-08 -1.16415321e-10
  1.49011744e-08  7.45058390e-09 -4.47033032e-08  2.98023400e-08
  0.00000000e+00  0.00000000e+00  5.18049807e-08  3.78349804e-10
  3.72535713e-09 -4.89211033e-05  2.23517715e-08 -3.24994632e-04
  1.86264633e-08 -1.95531203e-04 -4.57617992e-04  7.78274197e-04
  1.57464004e-03  4.23599495e-04  2.29212339e-03  2.14574864e-04
  2.83600861e-04 -1.45903802e-03  1.92678256e-04  9.74954455e-04
  2.18278597e-04  1.81085848e-03  3.01510140e-04  2.79397038e-08
 -1.49011480e-08  1.86264721e-08 -1.39698248e-08 -2.98022696e-08
  0.00000000e+00  0.00000000e+00 -1.49011568e-08  2.20023304e-15
  1.49011744e-08  3.72535713e-09 -1.46683172e-08 -3.61393050e-05
 -4.91678029e-04 -6.22902007e-03 -1.51989184e-03 -1.11661326e-03
  7.06307946e-04  4.81786941e-03  2.87441141e-04  9.66954015e-04
  2.69338291e-03  1.38673463e-03  3.20528344e-03  3.41058750e-03
  3.77236540e-03  1.98844756e-03 -8.86378687e-05  2.23517539e-08
 -1.67638006e-08  1.16415323e-10  1.21747217e-04  0.00000000e+00
  0.00000000e+00 -2.79396671e-09 -1.86264494e-09  2.79396791e-09
  2.98023488e-08 -2.79396220e-08 -1.86264177e-08 -9.85282018e-04
 -7.45057730e-09  1.38276585e-03  1.62661576e-03  3.89635583e-03
  7.09760052e-03  2.19918323e-03  2.34199128e-03 -3.20964097e-04
 -5.84512188e-04  7.51747427e-03  5.02688065e-03  9.64052291e-03
  4.09791530e-03  4.45719332e-03  6.01310365e-04  2.23517715e-08
 -2.23517121e-08 -1.86264441e-08  2.30502628e-08  1.86264536e-09
  0.00000000e+00 -9.31322279e-09  1.86267616e-09  1.49011744e-08
 -2.48375904e-03 -3.44588867e-08 -1.74927271e-03 -7.28413839e-03
  3.47824796e-03  7.57448699e-03  5.60190471e-03  6.78768729e-03
 -3.49893619e-04  1.22301669e-03 -1.09355803e-05 -2.95696270e-03
 -4.96814309e-03  5.31039440e-03 -2.07035291e-03  3.44754916e-03
  2.89973193e-03  5.25741657e-03  2.08334613e-03 -9.36249390e-05
  0.00000000e+00  0.00000000e+00 -3.72528947e-09  2.98023488e-08
  0.00000000e+00  2.23517715e-08  3.52037287e-14 -2.32830591e-09
 -4.65661213e-09 -1.72294459e-08  2.04099344e-04  4.32105040e-03
  5.99720340e-03  2.43425948e-03 -7.98437320e-04  8.31921505e-04
 -2.43615346e-04  4.58979466e-04  1.00357723e-03 -4.71303711e-05
 -1.32843088e-03  4.66545640e-03 -9.84456276e-03 -2.03075784e-03
  4.19167160e-03  3.82446794e-03  2.40467354e-04 -1.44806904e-04
  0.00000000e+00 -3.72528947e-09 -6.70550813e-08  0.00000000e+00
  0.00000000e+00  1.49011744e-08 -2.23516769e-08 -4.47033648e-08
  1.11759179e-08  9.31322870e-09  5.05828950e-04  1.92491531e-03
  2.35798731e-03 -4.17988823e-03  4.02214333e-03  2.24073239e-03
 -3.02679314e-08  1.48952727e-04  1.03180548e-03 -1.61957459e-04
 -5.47738014e-04 -8.07358786e-04  3.52837662e-03  4.37361041e-03
  6.54416239e-03  6.86148117e-03  1.00042344e-04  1.08985283e-05
 -2.04890651e-08 -4.19093916e-08  8.80093217e-15  0.00000000e+00
  0.00000000e+00  1.86264536e-09 -4.47033648e-08  4.47035320e-08
  0.00000000e+00  3.82118367e-05 -8.68005839e-04 -3.37803045e-04
 -8.25168168e-03 -9.89042849e-03  2.13355522e-03 -1.63499866e-03
 -8.42152500e-03 -2.19337183e-03 -4.93600022e-04  4.27464394e-04
 -1.27959625e-05  1.00545645e-03  4.02420564e-03  6.31548701e-03
  6.09080855e-03  4.18187897e-03  2.63218504e-04  3.76385970e-05
 -1.04773760e-08  4.47036024e-08  4.47035232e-08  0.00000000e+00
  0.00000000e+00  1.86266846e-09 -7.45055969e-09 -1.21071903e-08
  8.38190625e-09  2.20023304e-15  9.96059190e-04 -5.48287063e-03
 -1.17466539e-02 -9.57570709e-03 -5.15205960e-03 -1.27189648e-02
 -7.32419770e-03 -3.80944819e-03 -5.29676473e-03 -1.75066246e-03
  5.21421076e-04  3.31738149e-03  2.54616726e-03  2.30956389e-03
  1.04188161e-03  6.16381362e-05 -4.47034352e-08  2.60380284e-04
 -1.39698248e-08  5.50058260e-16 -8.56811876e-08  0.00000000e+00
  0.00000000e+00  0.00000000e+00 -4.84287224e-08 -2.23517121e-08
  2.79397066e-09  1.47788027e-03 -5.96045392e-08  1.58280140e-03
  3.78569260e-03 -7.13077648e-04 -4.61210145e-03  2.51212078e-03
 -4.62084881e-03 -5.38553185e-03  3.69967511e-04 -2.65877901e-03
  1.41844465e-03  4.51759290e-03  4.33604841e-03  1.33189432e-03
  2.07627434e-04  0.00000000e+00  0.00000000e+00  8.74639948e-04
  0.00000000e+00  0.00000000e+00  0.00000000e+00  0.00000000e+00
  0.00000000e+00  0.00000000e+00  0.00000000e+00  0.00000000e+00
  0.00000000e+00  0.00000000e+00  8.53025615e-04  0.00000000e+00
  1.34562661e-02  0.00000000e+00  9.09205720e-03  9.00187796e-05
  3.65385687e-03  5.51387088e-03  1.16534082e-03  4.18370790e-04
  2.66707925e-03  3.40022131e-03  3.36621611e-05  4.54082860e-05
  1.30600943e-06  0.00000000e+00  0.00000000e+00  0.00000000e+00
  0.00000000e+00  0.00000000e+00  0.00000000e+00  0.00000000e+00
  0.00000000e+00  0.00000000e+00  0.00000000e+00  0.00000000e+00
  0.00000000e+00  0.00000000e+00  6.53783700e-03  5.56974748e-04
  1.37445875e-03  0.00000000e+00  1.48179030e-05  3.74596943e-04
  3.46860993e-03  7.22650498e-04  6.11186658e-03  3.85818448e-03
  4.78012927e-03 -5.38805549e-04  1.47407476e-03  1.86518186e-04
  0.00000000e+00  0.00000000e+00  0.00000000e+00  0.00000000e+00
  0.00000000e+00  0.00000000e+00  0.00000000e+00  0.00000000e+00
  0.00000000e+00  0.00000000e+00  0.00000000e+00  0.00000000e+00
  0.00000000e+00  0.00000000e+00  0.00000000e+00  7.16339499e-04
  0.00000000e+00  0.00000000e+00  1.14528815e-02  2.89773832e-05
  7.76244153e-04  1.54016053e-03  1.20624865e-02  1.11039333e-02
  7.10540367e-04 -5.41849946e-04  0.00000000e+00  0.00000000e+00
  6.79482707e-03  5.13831393e-05  0.00000000e+00  0.00000000e+00
  0.00000000e+00  0.00000000e+00  0.00000000e+00  0.00000000e+00
  0.00000000e+00  0.00000000e+00  0.00000000e+00  0.00000000e+00
  0.00000000e+00  0.00000000e+00  0.00000000e+00  0.00000000e+00
  0.00000000e+00  6.55012214e-04  1.78487884e-03  2.00442849e-03
  2.84461453e-04  5.93371896e-03  7.34162860e-03  1.29260275e-03
 -6.08286811e-05  1.68031831e-03  2.65960552e-03  0.00000000e+00
  2.32700578e-03  1.43616807e-03  0.00000000e+00  0.00000000e+00
  0.00000000e+00  0.00000000e+00  0.00000000e+00  0.00000000e+00
  0.00000000e+00  0.00000000e+00  0.00000000e+00  0.00000000e+00
  0.00000000e+00  0.00000000e+00  0.00000000e+00  0.00000000e+00
  2.39390394e-05  0.00000000e+00  1.17762578e-04 -1.51872168e-03
 -3.38858568e-04  1.09861684e-04  9.25957677e-04 -3.91831051e-04
  7.10106885e-05  0.00000000e+00  1.50108350e-03  9.75097228e-04
  0.00000000e+00  0.00000000e+00  1.61083313e-04  0.00000000e+00
  0.00000000e+00  0.00000000e+00  0.00000000e+00  0.00000000e+00
  0.00000000e+00  0.00000000e+00  0.00000000e+00  0.00000000e+00
  0.00000000e+00  0.00000000e+00  0.00000000e+00  0.00000000e+00
  1.97376027e-03  0.00000000e+00 -2.64444384e-04 -2.49959839e-03
  3.14222121e-03  2.37782571e-04  6.59833463e-05  5.30206990e-04
  6.43382778e-04  0.00000000e+00  0.00000000e+00  4.84341907e-04
  0.00000000e+00  0.00000000e+00  0.00000000e+00  0.00000000e+00
  0.00000000e+00  0.00000000e+00  0.00000000e+00  0.00000000e+00
  0.00000000e+00  0.00000000e+00  0.00000000e+00  0.00000000e+00
  0.00000000e+00  0.00000000e+00  0.00000000e+00  1.10318570e-06
  0.00000000e+00  1.04449733e-03 -7.46074110e-07 -2.45112975e-03
  9.67999847e-04  2.39041211e-03  2.45536874e-03  1.38443295e-04
  0.00000000e+00  5.33539384e-04  6.65670540e-06  0.00000000e+00
  0.00000000e+00  0.00000000e+00  0.00000000e+00  0.00000000e+00
  0.00000000e+00  0.00000000e+00  0.00000000e+00  0.00000000e+00
  0.00000000e+00  0.00000000e+00  0.00000000e+00  0.00000000e+00
  0.00000000e+00  0.00000000e+00  0.00000000e+00  0.00000000e+00
  1.93983559e-04  3.74747120e-04  9.55422947e-04  4.33231136e-03
  3.46532197e-03 -3.32824194e-04  5.20982385e-04  2.53516363e-04
  9.17404261e-04  0.00000000e+00  0.00000000e+00  0.00000000e+00
  0.00000000e+00  0.00000000e+00  0.00000000e+00  0.00000000e+00
  0.00000000e+00  0.00000000e+00  0.00000000e+00  0.00000000e+00
  0.00000000e+00  0.00000000e+00  0.00000000e+00  0.00000000e+00
  0.00000000e+00  0.00000000e+00  0.00000000e+00  0.00000000e+00
 -3.30444122e-04  2.55579277e-03  1.18357702e-03  9.66981692e-03
 -1.44315456e-03 -4.72226610e-04 -8.97448904e-04 -2.82862438e-04
  0.00000000e+00  0.00000000e+00  0.00000000e+00  0.00000000e+00
  0.00000000e+00  0.00000000e+00  0.00000000e+00  0.00000000e+00
  0.00000000e+00  0.00000000e+00  0.00000000e+00  0.00000000e+00
  0.00000000e+00  0.00000000e+00  0.00000000e+00  0.00000000e+00
  0.00000000e+00  0.00000000e+00  0.00000000e+00  0.00000000e+00
  0.00000000e+00  6.86700789e-03  1.85058147e-03  7.01254668e-03
  5.94860738e-04  0.00000000e+00  0.00000000e+00  0.00000000e+00
  0.00000000e+00  0.00000000e+00  0.00000000e+00  0.00000000e+00
  0.00000000e+00  0.00000000e+00  0.00000000e+00  0.00000000e+00
  0.00000000e+00  0.00000000e+00  0.00000000e+00  0.00000000e+00
  0.00000000e+00  0.00000000e+00  0.00000000e+00  0.00000000e+00
  0.00000000e+00  0.00000000e+00  0.00000000e+00  0.00000000e+00
  0.00000000e+00  1.23156469e-03  3.10821006e-03  1.73097582e-03
  0.00000000e+00  0.00000000e+00  0.00000000e+00  0.00000000e+00
  0.00000000e+00  0.00000000e+00  0.00000000e+00 -4.82062921e-04
  0.00000000e+00  0.00000000e+00  0.00000000e+00  0.00000000e+00
  0.00000000e+00  0.00000000e+00  0.00000000e+00  0.00000000e+00
  0.00000000e+00  0.00000000e+00  0.00000000e+00  0.00000000e+00
  0.00000000e+00  0.00000000e+00  0.00000000e+00  0.00000000e+00
  0.00000000e+00  0.00000000e+00  0.00000000e+00  0.00000000e+00
  0.00000000e+00  0.00000000e+00  0.00000000e+00  0.00000000e+00
  0.00000000e+00  0.00000000e+00  0.00000000e+00  0.00000000e+00
  0.00000000e+00  0.00000000e+00  0.00000000e+00  0.00000000e+00
  0.00000000e+00  0.00000000e+00  0.00000000e+00  0.00000000e+00]
SHAP runtime:  268.5279
10-th data point, prediction: 0
SHAP scores:  [ 0.00000000e+00  0.00000000e+00  0.00000000e+00  0.00000000e+00
  0.00000000e+00  0.00000000e+00  0.00000000e+00  0.00000000e+00
  0.00000000e+00  0.00000000e+00  0.00000000e+00  0.00000000e+00
  0.00000000e+00  0.00000000e+00  0.00000000e+00  0.00000000e+00
  0.00000000e+00  0.00000000e+00  0.00000000e+00  0.00000000e+00
  0.00000000e+00  0.00000000e+00  0.00000000e+00  0.00000000e+00
  0.00000000e+00  0.00000000e+00  0.00000000e+00  0.00000000e+00
  0.00000000e+00  0.00000000e+00  0.00000000e+00  0.00000000e+00
  0.00000000e+00  0.00000000e+00  0.00000000e+00  5.96046148e-08
 -9.31322972e-10  5.58793518e-09  2.98023199e-08  2.79396766e-09
  0.00000000e+00 -8.19564083e-08  3.72528913e-08 -5.96046598e-08
  8.00936967e-08  0.00000000e+00  0.00000000e+00  0.00000000e+00
  5.96046148e-08  0.00000000e+00  0.00000000e+00  0.00000000e+00
  0.00000000e+00  0.00000000e+00  0.00000000e+00  0.00000000e+00
  0.00000000e+00  0.00000000e+00  0.00000000e+00  0.00000000e+00
  0.00000000e+00  0.00000000e+00  7.45057263e-09 -4.47035004e-08
 -1.95577757e-08  2.23517326e-08 -1.49011731e-08  5.58793518e-09
  2.23517326e-08 -2.70083627e-08  8.34278111e-04 -1.49011631e-08
  4.56347895e-08 -2.23517460e-08 -6.70552633e-08 -7.99319733e-14
  3.72528838e-08  8.94069247e-08 -7.45058228e-08 -1.58324856e-08
 -8.94069896e-08 -1.49012230e-08  0.00000000e+00  0.00000000e+00
  0.00000000e+00  0.00000000e+00  1.49011556e-08 -2.23517585e-08
 -5.58793602e-09  1.49011593e-08  2.88709922e-08 -1.49011631e-08
 -7.45058228e-08  8.94069247e-08  1.67638046e-08  0.00000000e+00
  1.30385140e-08 -1.11758732e-08  8.37428753e-05  4.47034168e-08
  2.77480079e-03  1.76951272e-08  7.45057263e-09  2.41209500e-03
 -1.99829933e-14  0.00000000e+00  6.23985834e-08  2.79396758e-09
 -9.31322695e-09  7.45051019e-09  0.00000000e+00  0.00000000e+00
  0.00000000e+00  0.00000000e+00 -3.16649747e-08  1.49011593e-08
  7.07804672e-08 -1.19209330e-07 -4.47035004e-08 -2.23517460e-08
 -3.25962914e-09  7.45056892e-08  9.31322314e-09 -2.68219714e-04
 -5.09118545e-05 -1.05919760e-03  8.69616691e-04  4.71147272e-04
  7.57439399e-04  2.22289647e-04 -7.81053643e-05  9.05670637e-05
  1.49011293e-08 -1.04308170e-07  1.56983940e-04 -3.72529147e-08
 -2.23517510e-08 -1.49011731e-08  0.00000000e+00  0.00000000e+00
  0.00000000e+00  0.00000000e+00  5.96046148e-08  3.72528988e-08
  2.23517401e-08 -1.21071956e-08 -7.45058856e-09 -3.14671667e-04
 -1.86264532e-08  3.98213743e-04  1.63370518e-03 -1.90151997e-05
  2.29030714e-03 -1.62200431e-03 -2.62879601e-04  8.23533639e-04
  7.86297157e-04  7.22364596e-03 -1.05759934e-03 -1.54423806e-03
  8.60234256e-05  4.30270619e-04  1.49011593e-08 -2.23517435e-08
  2.23517326e-08 -5.58793696e-08  1.49011593e-08  0.00000000e+00
  0.00000000e+00  0.00000000e+00  5.96046298e-08 -1.67638081e-08
 -7.45058228e-08  7.45057263e-09 -1.95577757e-08  1.87565758e-06
  2.60770264e-08 -5.16758883e-04 -1.52378353e-03 -6.71445096e-04
 -2.21778115e-03  1.39693450e-03  1.80543888e-04 -9.70271913e-05
  1.93330497e-03 -4.29653780e-05  1.75300556e-03  2.08330989e-03
  1.64612926e-03 -5.50639405e-05  1.02809951e-03 -7.45058328e-08
 -7.45058200e-09 -9.31322835e-09  7.45058013e-09  1.58324820e-08
  0.00000000e+00  0.00000000e+00  1.49011593e-08  2.98023199e-08
 -4.47035004e-08  1.49011493e-08  4.28408211e-08  1.05519649e-03
 -6.62391444e-04 -7.09513052e-04 -2.42766703e-03 -3.02494119e-04
  3.26071419e-04 -4.14309405e-04 -9.63661232e-04 -4.99879758e-03
 -2.32033452e-03 -5.98782018e-04  6.36938481e-05  6.89759765e-03
  3.80203485e-03  3.45138579e-03 -5.06098918e-05  1.09028268e-04
 -2.98023449e-08  5.74756439e-05  5.96046148e-08  4.47034667e-08
  0.00000000e+00  0.00000000e+00  3.72527270e-09  5.96046298e-08
  6.70551749e-08  3.99601224e-04  1.49011593e-08 -5.58793671e-08
 -1.46614381e-04  9.32164577e-04 -3.63694902e-04  4.10283407e-04
 -4.39538936e-03 -1.00156169e-03 -1.97950790e-03 -7.16627198e-03
 -2.92247824e-03 -2.64015196e-03 -2.07836077e-03  1.52851248e-03
  6.39697636e-03  2.97100591e-03  1.41799729e-03 -2.98023299e-08
  8.94068997e-08 -7.82311142e-08  7.45056514e-09  0.00000000e+00
  0.00000000e+00 -3.07336523e-08  6.33299062e-08 -9.84775985e-04
 -7.45058107e-09 -3.72529447e-08 -3.58559311e-08  8.94069247e-08
  1.58579080e-05  6.07451529e-03  1.87006220e-03 -2.71316068e-03
 -6.17002498e-03 -8.46752449e-04 -2.14081356e-03 -6.75611549e-04
 -3.63455978e-03 -2.09890342e-03 -5.53641950e-03 -3.21271860e-03
  7.24361740e-03  7.64560920e-03  6.62860209e-03 -2.27391512e-03
 -4.84287980e-08  3.72529018e-09 -7.45065101e-09  4.47034667e-08
  0.00000000e+00 -1.49011631e-08  9.12695458e-08 -2.98023249e-08
  6.80790312e-05 -3.61772343e-04  4.91924207e-04 -5.10690569e-04
  2.30276203e-03  2.88537625e-03  4.85427115e-04 -1.27461269e-03
 -7.94154281e-04 -7.86605090e-05  1.17554074e-04  1.69651919e-03
  1.25463461e-03  4.96363733e-04 -7.26712054e-04 -2.71631936e-05
  4.83357800e-03  4.88151595e-03  9.91992288e-03 -6.04462512e-04
 -3.53902647e-08 -4.09782043e-08 -1.49011930e-08  1.49011593e-08
  0.00000000e+00  1.76951272e-08 -3.72529097e-08  1.86264512e-09
  4.19095153e-09 -6.70552758e-08  1.74858044e-05  3.10173181e-04
  6.54509944e-03  7.20797083e-03 -5.56199147e-04  1.93416917e-03
 -1.49011631e-08  1.36618120e-03  7.77597403e-04  7.18757590e-03
  3.43066322e-03  7.19529575e-04  6.45480641e-03 -2.76126322e-04
 -2.41600724e-03  1.74633822e-02  1.04859561e-02 -3.37908772e-03
 -2.98023299e-08  4.47034168e-08  2.23517251e-08  0.00000000e+00
  0.00000000e+00  6.70552049e-08  7.45058044e-09 -1.86264518e-09
  0.00000000e+00  4.47034667e-08 -1.49011631e-08  1.18756439e-03
  4.00315457e-03  4.58832930e-04  1.40665991e-03  2.49156311e-03
  4.88148676e-04  2.62985923e-03  4.92019106e-03  4.50483691e-03
  2.00933908e-03  3.38840576e-03  5.60455700e-03  2.50696423e-04
  3.32988347e-03  8.89036281e-03  1.09664682e-02 -2.49117566e-04
 -1.86264752e-09 -1.99829933e-14  1.86264498e-08  0.00000000e+00
  0.00000000e+00 -1.49011731e-08  1.67638046e-08 -3.72529147e-08
  2.98023199e-08 -2.61722202e-05 -7.98041278e-04  6.94117171e-03
  3.71360183e-03  6.51350427e-04  1.90766923e-03  3.12924534e-04
  1.97449301e-03  3.41558050e-03  1.67306164e-02  1.31376091e-02
  9.80468651e-03  1.20072303e-02  4.83239438e-03  4.25071555e-05
 -6.23852323e-04  2.09840794e-02  8.33984478e-03 -5.21540796e-08
  2.60770076e-08 -2.23517460e-08 -9.68575770e-08  0.00000000e+00
  0.00000000e+00 -2.98023299e-08 -6.33299502e-08 -1.86264518e-09
  3.72529018e-09 -9.00827260e-04 -3.15803819e-04  5.35686975e-03
  7.87539642e-03  5.01116766e-04  2.31351836e-04  0.00000000e+00
  6.33972051e-03  1.17359933e-02  1.23672766e-02  1.82647617e-03
  6.97575928e-04  5.65625263e-03  3.64400175e-03 -8.85737804e-04
 -1.27579355e-03  8.00836429e-03  7.12953241e-03  2.60770126e-08
 -1.95146419e-17  3.72528913e-08 -3.72529042e-09  0.00000000e+00
  0.00000000e+00  0.00000000e+00 -1.49011930e-08 -4.09782000e-08
 -1.49011731e-08 -7.80585676e-17 -6.07111157e-04  6.11930027e-03
  2.45686976e-03  2.45380574e-03  5.25703565e-03  5.70853705e-05
  1.42760038e-02  3.45285706e-03  1.27236852e-02  1.52725182e-02
  1.77708638e-02  1.63773494e-02  5.19701997e-04  2.87709465e-04
  4.92154132e-03  1.23521815e-02  1.09343998e-02  0.00000000e+00
  0.00000000e+00  0.00000000e+00  0.00000000e+00  0.00000000e+00
  0.00000000e+00  0.00000000e+00  0.00000000e+00  0.00000000e+00
  0.00000000e+00 -7.19238661e-04  6.44479249e-03  1.41942950e-02
  4.19010560e-03  0.00000000e+00  0.00000000e+00  1.17493630e-02
  0.00000000e+00  8.98199003e-04  7.52426214e-03  2.13884437e-02
  8.13173248e-03  0.00000000e+00  1.05896794e-03  0.00000000e+00
  2.06901141e-03  1.23206879e-02  1.01926147e-02  0.00000000e+00
  0.00000000e+00  0.00000000e+00  0.00000000e+00  0.00000000e+00
  0.00000000e+00  0.00000000e+00  0.00000000e+00  0.00000000e+00
  0.00000000e+00  0.00000000e+00  4.99317756e-03  1.21062088e-02
  4.24462874e-03  9.83384945e-04  2.48743635e-03  2.23016954e-03
  0.00000000e+00  7.17532493e-04  0.00000000e+00  4.97432907e-03
  1.08424427e-02  6.67394773e-05 -4.95229874e-04  4.51452899e-04
  3.23064424e-03  8.48153248e-03  6.53164217e-04 -1.31130902e-06
 -4.94854229e-04  0.00000000e+00  0.00000000e+00  0.00000000e+00
  0.00000000e+00  0.00000000e+00  0.00000000e+00  0.00000000e+00
  0.00000000e+00  0.00000000e+00  1.36535422e-03  8.03858208e-03
  2.31645837e-03  1.01108390e-04  3.14815769e-03  3.49532637e-05
  4.61799197e-03  4.75614390e-03  6.80428310e-03  1.87262611e-03
  4.87756245e-03 -1.57011918e-03 -9.33237511e-05  1.27010974e-03
  1.66332844e-04  3.40318302e-04  3.38131061e-06  0.00000000e+00
  0.00000000e+00  0.00000000e+00  0.00000000e+00  0.00000000e+00
  0.00000000e+00  0.00000000e+00  0.00000000e+00  0.00000000e+00
  0.00000000e+00 -5.14093866e-04 -3.13531469e-04  6.49460749e-03
  1.56236534e-03  0.00000000e+00  0.00000000e+00  7.38767372e-04
  1.85518797e-03  1.50799220e-03  1.09211454e-05  2.18960710e-03
 -1.38730460e-03 -7.25749453e-05  1.35649413e-04  3.41288579e-04
 -5.22924435e-04 -4.16261725e-05  0.00000000e+00  0.00000000e+00
  0.00000000e+00  0.00000000e+00  0.00000000e+00  0.00000000e+00
  0.00000000e+00  0.00000000e+00  0.00000000e+00  0.00000000e+00
  1.06021721e-04 -1.36422260e-03  0.00000000e+00  2.95204266e-03
  3.86084888e-04 -4.25605970e-03 -1.01855676e-03 -9.00550381e-04
  0.00000000e+00  0.00000000e+00  9.62863774e-04  2.55012687e-04
  1.70797147e-04  6.19044476e-04  1.52818674e-03  8.01125520e-04
  3.10435660e-04  0.00000000e+00  8.17514159e-04  0.00000000e+00
  0.00000000e+00  0.00000000e+00  0.00000000e+00  0.00000000e+00
  0.00000000e+00  0.00000000e+00  0.00000000e+00  0.00000000e+00
  0.00000000e+00 -4.25052950e-05  0.00000000e+00  2.94832864e-03
  4.00408848e-03  3.76605387e-03 -8.65992473e-05  1.29543681e-03
  4.98335174e-05  1.70011147e-04 -1.35796219e-04  3.19412468e-04
  3.81830442e-04  2.61689706e-04 -3.46415050e-03  2.06342254e-03
 -1.62168132e-04  0.00000000e+00  0.00000000e+00  2.38133006e-04
  0.00000000e+00  0.00000000e+00  0.00000000e+00  0.00000000e+00
  0.00000000e+00  0.00000000e+00  0.00000000e+00  0.00000000e+00
  0.00000000e+00  7.30954944e-04  0.00000000e+00  1.25299081e-03
  2.53431373e-03  1.28035366e-02  4.00034943e-03  8.04727376e-03
  5.92458322e-03  1.79598541e-03 -1.36113081e-05  2.60955288e-03
  2.97846862e-03  3.07722687e-04  5.00932893e-04  0.00000000e+00
  0.00000000e+00  0.00000000e+00  0.00000000e+00  0.00000000e+00
  0.00000000e+00  0.00000000e+00  0.00000000e+00  0.00000000e+00
  0.00000000e+00  0.00000000e+00  0.00000000e+00  0.00000000e+00
  0.00000000e+00  0.00000000e+00  0.00000000e+00  1.06710316e-04
 -1.02587226e-05  7.99148163e-04  9.41756539e-03  1.08655109e-02
  4.77734373e-03  2.72066243e-03  4.97561152e-03 -8.44000810e-04
  4.81868042e-04  0.00000000e+00  0.00000000e+00  0.00000000e+00
  0.00000000e+00  0.00000000e+00  0.00000000e+00  0.00000000e+00
  0.00000000e+00  0.00000000e+00  0.00000000e+00  0.00000000e+00
  0.00000000e+00  0.00000000e+00  0.00000000e+00  0.00000000e+00
  0.00000000e+00  0.00000000e+00  0.00000000e+00  0.00000000e+00
  0.00000000e+00  0.00000000e+00  0.00000000e+00  0.00000000e+00
 -1.29796691e-03  0.00000000e+00  1.55671854e-04  8.53186531e-04
  0.00000000e+00  0.00000000e+00  0.00000000e+00  0.00000000e+00
  0.00000000e+00  0.00000000e+00  0.00000000e+00  0.00000000e+00
  0.00000000e+00  0.00000000e+00  0.00000000e+00  0.00000000e+00
  0.00000000e+00  0.00000000e+00  0.00000000e+00  0.00000000e+00
  0.00000000e+00  0.00000000e+00  0.00000000e+00  0.00000000e+00
  0.00000000e+00  6.20584126e-04  0.00000000e+00  0.00000000e+00
  0.00000000e+00  0.00000000e+00  0.00000000e+00  0.00000000e+00
  0.00000000e+00  0.00000000e+00  0.00000000e+00  0.00000000e+00
  0.00000000e+00  0.00000000e+00  0.00000000e+00  0.00000000e+00
  0.00000000e+00  0.00000000e+00  0.00000000e+00  0.00000000e+00
  0.00000000e+00  0.00000000e+00  0.00000000e+00  0.00000000e+00
  0.00000000e+00  0.00000000e+00  0.00000000e+00  0.00000000e+00
  0.00000000e+00  0.00000000e+00  0.00000000e+00  0.00000000e+00
  0.00000000e+00  0.00000000e+00  0.00000000e+00  0.00000000e+00
  3.02969529e-04  0.00000000e+00  0.00000000e+00  0.00000000e+00
  0.00000000e+00  0.00000000e+00  0.00000000e+00  0.00000000e+00
  0.00000000e+00  0.00000000e+00  0.00000000e+00  0.00000000e+00
  0.00000000e+00  0.00000000e+00  0.00000000e+00  0.00000000e+00
  0.00000000e+00  0.00000000e+00  0.00000000e+00  0.00000000e+00
  0.00000000e+00  0.00000000e+00  0.00000000e+00  0.00000000e+00
  0.00000000e+00  0.00000000e+00  0.00000000e+00  0.00000000e+00
  0.00000000e+00  0.00000000e+00  0.00000000e+00  0.00000000e+00
  0.00000000e+00  0.00000000e+00  0.00000000e+00  0.00000000e+00
  0.00000000e+00  0.00000000e+00  0.00000000e+00  0.00000000e+00]
SHAP runtime:  264.5011
11-th data point, prediction: 6
SHAP scores:  [ 0.00000000e+00  0.00000000e+00  0.00000000e+00  0.00000000e+00
  0.00000000e+00  0.00000000e+00  0.00000000e+00  0.00000000e+00
  0.00000000e+00  0.00000000e+00  0.00000000e+00  0.00000000e+00
  0.00000000e+00  0.00000000e+00  0.00000000e+00  0.00000000e+00
  0.00000000e+00  0.00000000e+00  0.00000000e+00  0.00000000e+00
  0.00000000e+00  0.00000000e+00  0.00000000e+00  0.00000000e+00
  0.00000000e+00  0.00000000e+00  0.00000000e+00  0.00000000e+00
  0.00000000e+00  0.00000000e+00  0.00000000e+00  0.00000000e+00
  0.00000000e+00  0.00000000e+00  0.00000000e+00  1.11758862e-08
  2.07967529e-15  6.51925885e-09  1.11758738e-08 -1.86264029e-08
 -2.79396729e-09  4.65661331e-09  1.86264846e-09 -9.31320215e-09
 -4.84286421e-08 -2.60770064e-08  2.98023473e-08 -9.31322526e-10
  1.86265158e-09  0.00000000e+00  0.00000000e+00  0.00000000e+00
  0.00000000e+00  0.00000000e+00  0.00000000e+00  0.00000000e+00
  0.00000000e+00  0.00000000e+00  0.00000000e+00  0.00000000e+00
  0.00000000e+00  0.00000000e+00  5.19918823e-16 -2.42143467e-08
 -2.04890782e-08 -5.58793161e-09 -3.72528536e-09 -1.86264320e-08
 -9.77887932e-09  5.58793720e-09  1.49011674e-08  1.49011737e-08
 -2.23517304e-08  7.45058372e-09 -1.49011570e-08  1.11758738e-08
  9.31324310e-09 -2.32828691e-10 -1.86262312e-09  5.58793720e-09
 -3.53902124e-08  3.32748047e-14  0.00000000e+00  0.00000000e+00
  0.00000000e+00  0.00000000e+00  4.65661721e-09  9.31322854e-09
  3.72529108e-09  7.45058372e-09 -9.31319926e-10  3.25962961e-09
 -7.45057748e-09 -1.11758639e-08  5.14099715e-05  7.50665739e-04
  4.27974200e-03  5.16138006e-03 -3.72528952e-09 -1.11758680e-08
 -5.58793161e-09  1.67638117e-08  9.31323374e-09 -7.45057748e-09
  7.45058372e-09 -6.51925459e-09  2.07967529e-15 -7.45057748e-09
  0.00000000e+00  3.16650156e-08  0.00000000e+00  0.00000000e+00
  0.00000000e+00  0.00000000e+00  3.72529108e-09 -1.11758680e-08
 -3.72528952e-09 -4.65661243e-09  7.45058372e-09 -4.84286670e-08
 -1.49011550e-08 -5.16921579e-05 -1.33036386e-03  4.06490984e-04
  4.17875896e-03  1.78101177e-03 -1.34308825e-03 -6.08887387e-05
 -4.11965997e-03  2.23517699e-08 -2.44520901e-04 -3.35275662e-08
 -1.67637947e-08 -1.32659644e-04 -6.51925329e-09 -2.79396562e-08
 -3.72528952e-09  2.23517699e-08  0.00000000e+00  0.00000000e+00
  0.00000000e+00  0.00000000e+00 -1.86264495e-09 -3.72528952e-09
 -7.45057956e-09 -1.11758639e-08  5.91183114e-04 -9.77888426e-09
 -6.05359312e-09  2.65579254e-04 -1.71051624e-03 -7.13233823e-04
  1.67788675e-04  3.05932966e-04 -1.23206043e-03 -4.37688472e-04
  1.49011674e-08 -6.83078060e-04 -5.94013109e-04 -1.10851873e-05
 -5.58793473e-09  1.02405570e-03  1.04645317e-03  0.00000000e+00
  5.58796528e-09  7.45060035e-09 -7.45057748e-09  0.00000000e+00
  0.00000000e+00  0.00000000e+00  2.23517511e-08 -5.58793161e-09
  9.31322854e-09  7.45058372e-09  3.72530356e-09  1.58324958e-08
  5.58793720e-09 -1.11292141e-03 -2.58994824e-03 -6.50526304e-05
  2.19977851e-03 -9.30313907e-04  4.35602669e-04  1.31267995e-03
  9.71959283e-04  2.70018423e-03  1.55790059e-03  9.86819248e-05
  2.57617484e-03  2.46768658e-03 -2.98022974e-08 -1.86264495e-09
  1.14184533e-03 -9.31320839e-09  1.86264638e-09  3.72529524e-09
  0.00000000e+00  0.00000000e+00  0.00000000e+00  1.86264534e-09
  1.11758862e-08  7.45058164e-09 -7.45057748e-09 -1.86263456e-09
 -3.53902124e-08 -5.11625224e-04 -4.41326745e-03  9.31883588e-04
  8.17671069e-04  1.58278940e-03  1.59073103e-03  2.45285737e-03
  1.04919495e-04  8.95144421e-04  1.17128883e-02  6.51940027e-03
  5.57534624e-03 -9.31322399e-09  1.49011654e-08 -1.30385127e-08
  1.58325057e-08  7.45058372e-09 -1.49011383e-08  6.51925963e-09
  0.00000000e+00  0.00000000e+00  1.11758779e-08 -1.11758639e-08
  1.49011654e-08  1.12127672e-04  3.72530356e-09  4.82255679e-04
 -3.06407194e-04 -2.60417568e-03 -8.95932331e-04  6.09547388e-04
  2.79316457e-04 -2.54483650e-04  1.26964133e-03  1.61875776e-03
  1.86244811e-04  2.09833440e-04  2.14600461e-03  5.95140562e-03
  4.52921272e-03  1.91608729e-03  5.59365704e-04 -1.86263821e-08
  8.41107156e-05  2.56113745e-09 -3.72528952e-09  0.00000000e+00
  0.00000000e+00  1.67638180e-08  7.45058164e-09  7.45058372e-09
 -3.72528952e-09  0.00000000e+00  4.65661409e-09  2.41824010e-04
 -1.17490344e-03 -4.07706072e-04  5.24504376e-04 -6.79558188e-04
 -3.09852017e-04 -1.76853584e-03  4.41219518e-04  6.51926821e-09
  6.58280633e-04  4.59698407e-03  7.56466001e-03 -3.36456711e-04
 -9.60799701e-04 -6.58066573e-04  8.34479401e-05  1.53773243e-03
 -1.11758680e-08 -1.02445409e-08  1.67638273e-08 -1.86264195e-08
  0.00000000e+00 -1.86264320e-08  2.98023473e-08 -6.98491605e-09
 -1.49011550e-08 -9.31322087e-09  8.11804742e-05  4.01834512e-04
 -9.81450091e-04  5.97395162e-04 -4.94129154e-04 -6.04292962e-04
 -2.65065277e-03 -2.18984234e-03 -1.38064285e-04  8.82933376e-04
 -1.16332321e-03 -2.90527144e-03 -9.37641018e-03 -2.16255641e-03
 -1.12791508e-02 -3.51128714e-03  6.84987120e-04  0.00000000e+00
 -2.23516992e-08  1.02445503e-08 -3.72528536e-09  1.21072001e-08
  0.00000000e+00  2.98023473e-08  1.11758779e-08 -1.86261584e-09
  2.32830752e-09  2.08213776e-04  4.05412476e-04  4.83466545e-04
 -1.04478610e-04  1.82051578e-03 -2.56970905e-04 -3.00936818e-04
 -1.55172492e-04 -1.16652739e-03 -6.65118368e-04 -1.17085829e-03
  3.31969366e-04 -1.33962114e-03 -4.50327021e-04 -4.24622344e-04
 -1.76631146e-04 -2.96644853e-03 -8.39069684e-04 -3.72783598e-05
  1.11758862e-08  3.72529524e-09 -4.84286421e-08  0.00000000e+00
  0.00000000e+00  3.35277216e-08  2.07967529e-15 -2.32830613e-09
  6.98492088e-09 -5.29597803e-04  5.58793616e-09  3.19685964e-04
  5.35797824e-04  8.92590664e-04  2.31280994e-04 -8.06291031e-04
 -8.00494963e-04  1.86107933e-03  4.18131347e-04 -9.60200841e-06
 -7.05654367e-04  3.23988987e-04  1.77785011e-03  4.10370085e-04
 -7.45052757e-09  1.07831692e-03  1.71846557e-03  4.13659837e-04
  1.87170776e-14 -2.23517137e-08 -2.98023058e-08  0.00000000e+00
  0.00000000e+00  2.04891046e-08  3.72529056e-09  9.31322883e-10
  3.72529108e-09  9.64131025e-05 -7.45057904e-09  6.41081324e-04
  4.20079628e-03  1.12780640e-03 -7.99551395e-04 -1.66032892e-03
  1.85480534e-03  7.69688229e-03  6.99109470e-03  6.88854196e-04
 -1.50499969e-04 -1.09877928e-03 -1.37128111e-04  2.55542778e-04
 -9.19789679e-05  2.09731408e-03  6.38713306e-03  6.81278245e-05
  1.86264534e-09 -6.51925459e-09 -7.45057956e-09  0.00000000e+00
  0.00000000e+00 -1.49011487e-08  1.49011737e-08 -1.86264320e-08
  3.89861020e-04  2.07967529e-15  4.97037433e-04 -5.12657991e-04
  1.65869941e-03  9.31427598e-04 -1.50444995e-04 -7.06121122e-05
  7.33335918e-04  3.92639938e-03  2.04299932e-04 -4.05428773e-04
 -5.55044581e-04 -8.51009245e-04 -2.03022783e-03 -1.37977747e-03
 -1.15619074e-03  2.61863335e-03  4.52906744e-03  3.38218329e-05
  1.86264627e-08  7.45058372e-09  1.11758738e-08  0.00000000e+00
  0.00000000e+00  0.00000000e+00  3.72529108e-09  8.38190608e-09
  0.00000000e+00  1.86264534e-09  7.70232185e-04  7.43346886e-04
  3.58029378e-03  1.09466216e-03 -1.97904914e-03  1.19813815e-03
  3.41803297e-03 -1.98538842e-03 -6.14183073e-04 -1.51219483e-03
 -2.36928579e-05 -3.40860984e-07 -3.06371743e-03 -1.10699173e-03
  7.19527759e-05  8.77013781e-04  2.62687685e-03  0.00000000e+00
  0.00000000e+00  0.00000000e+00  0.00000000e+00  0.00000000e+00
  0.00000000e+00  0.00000000e+00  0.00000000e+00  0.00000000e+00
  0.00000000e+00  0.00000000e+00  1.58114916e-03 -7.66397997e-05
  3.14808355e-03 -1.60487816e-03 -2.47046530e-03  1.77104579e-03
  4.44942264e-04 -9.84265279e-04 -2.81292135e-04 -1.17180041e-03
 -3.40325539e-03 -4.02989381e-04  0.00000000e+00  0.00000000e+00
  8.99630511e-04  1.48060610e-03  3.05123622e-03  0.00000000e+00
  0.00000000e+00  0.00000000e+00  0.00000000e+00  0.00000000e+00
  0.00000000e+00  0.00000000e+00  0.00000000e+00  0.00000000e+00
  0.00000000e+00  0.00000000e+00  1.34090755e-03 -3.02486794e-04
  1.75011549e-03 -2.93341766e-03 -1.64719738e-03 -3.76820593e-03
  1.63548554e-03  4.46263977e-03  5.78404297e-04 -1.67420128e-03
  3.56240480e-05 -5.81103934e-04 -3.82519695e-04 -1.22666430e-03
  3.59781699e-03  7.07109105e-03  7.72178655e-04 -9.20667106e-06
  0.00000000e+00  0.00000000e+00  0.00000000e+00  0.00000000e+00
  0.00000000e+00  0.00000000e+00  0.00000000e+00  0.00000000e+00
  0.00000000e+00  0.00000000e+00 -4.86333750e-04 -1.60557216e-03
  2.35644141e-03  7.48632228e-04 -2.03778661e-03  0.00000000e+00
 -4.37692441e-03  3.21765618e-03  1.82323565e-03 -1.03699965e-03
  2.83108618e-04 -1.15737899e-04 -9.13411734e-04  5.31577864e-03
  4.95982820e-03  5.14721501e-03  0.00000000e+00  9.81545340e-05
  2.17719863e-03  0.00000000e+00  0.00000000e+00  0.00000000e+00
  0.00000000e+00  0.00000000e+00  0.00000000e+00  0.00000000e+00
  0.00000000e+00  0.00000000e+00  7.56387178e-04 -7.61734831e-04
  3.75491741e-04  3.18356398e-03 -1.71654579e-03 -5.67793967e-03
 -3.22418289e-03 -3.02491826e-03  1.94708981e-04  3.42652277e-04
 -9.97912191e-04  4.83822213e-03  2.77960369e-03  6.31304977e-03
  2.45634327e-03 -2.81058525e-03  0.00000000e+00  0.00000000e+00
  0.00000000e+00  0.00000000e+00  0.00000000e+00  0.00000000e+00
  0.00000000e+00  0.00000000e+00  0.00000000e+00  0.00000000e+00
  0.00000000e+00  0.00000000e+00  4.60277804e-04 -7.36283246e-04
 -2.32038242e-03 -1.37794626e-03  3.11689571e-03 -8.76633679e-04
  9.30874143e-04 -6.51008642e-03 -2.73650649e-03  7.41796117e-04
  6.28097001e-04  1.64647722e-03  4.79171772e-03  1.39854843e-03
  1.49144999e-05  0.00000000e+00  2.32961923e-04  0.00000000e+00
  0.00000000e+00  0.00000000e+00  0.00000000e+00  0.00000000e+00
  0.00000000e+00  0.00000000e+00  0.00000000e+00  0.00000000e+00
  0.00000000e+00  0.00000000e+00  0.00000000e+00  0.00000000e+00
 -4.59435451e-04  1.02419277e-03 -2.97664790e-04  3.23460551e-04
  2.16606299e-04  2.37612237e-03  4.10587148e-03  1.09054973e-03
  2.49778998e-03  8.47151571e-04 -1.91898715e-03 -2.82429599e-04
  0.00000000e+00  0.00000000e+00  0.00000000e+00  0.00000000e+00
  0.00000000e+00  0.00000000e+00  0.00000000e+00  0.00000000e+00
  0.00000000e+00  0.00000000e+00  0.00000000e+00  0.00000000e+00
  0.00000000e+00  0.00000000e+00  7.55168199e-05  1.99630800e-03
  2.58214926e-03 -5.87860935e-04 -3.69459018e-03 -3.48264789e-03
 -1.06671842e-05 -1.50740803e-03 -4.00543650e-04 -1.87023371e-03
  1.32946561e-03  1.03703303e-05  0.00000000e+00  4.25459704e-04
  0.00000000e+00  0.00000000e+00  0.00000000e+00  0.00000000e+00
  0.00000000e+00  0.00000000e+00  0.00000000e+00  0.00000000e+00
  0.00000000e+00  0.00000000e+00  0.00000000e+00  0.00000000e+00
  0.00000000e+00  0.00000000e+00  0.00000000e+00  0.00000000e+00
  3.29612147e-03  1.28856322e-03  0.00000000e+00  0.00000000e+00
  3.95571422e-03  3.35398151e-03  0.00000000e+00  1.74501968e-03
  9.19284340e-04  0.00000000e+00  1.04454922e-03  0.00000000e+00
  0.00000000e+00  0.00000000e+00  0.00000000e+00  0.00000000e+00
  0.00000000e+00  0.00000000e+00  0.00000000e+00  0.00000000e+00
  0.00000000e+00  0.00000000e+00  0.00000000e+00  0.00000000e+00
  0.00000000e+00  0.00000000e+00  0.00000000e+00  0.00000000e+00
  7.49891494e-04  0.00000000e+00  5.68057938e-03  7.46352256e-04
  0.00000000e+00  0.00000000e+00  0.00000000e+00  0.00000000e+00
  0.00000000e+00  0.00000000e+00  0.00000000e+00  0.00000000e+00
  0.00000000e+00  0.00000000e+00  0.00000000e+00  0.00000000e+00
  0.00000000e+00  0.00000000e+00  0.00000000e+00  0.00000000e+00
  0.00000000e+00  0.00000000e+00  0.00000000e+00  0.00000000e+00
  0.00000000e+00  0.00000000e+00  0.00000000e+00  0.00000000e+00
  0.00000000e+00  0.00000000e+00  0.00000000e+00  0.00000000e+00
  1.18966401e-03  0.00000000e+00  3.93003369e-04  0.00000000e+00
  0.00000000e+00  0.00000000e+00  0.00000000e+00  0.00000000e+00
  0.00000000e+00  0.00000000e+00  0.00000000e+00  0.00000000e+00
  0.00000000e+00  0.00000000e+00  0.00000000e+00  0.00000000e+00
  0.00000000e+00  0.00000000e+00  0.00000000e+00  0.00000000e+00
  0.00000000e+00  0.00000000e+00  0.00000000e+00  0.00000000e+00
  0.00000000e+00  0.00000000e+00  0.00000000e+00  0.00000000e+00
  0.00000000e+00  0.00000000e+00  0.00000000e+00  0.00000000e+00
  0.00000000e+00  0.00000000e+00  0.00000000e+00  5.45812237e-04
  0.00000000e+00  0.00000000e+00  0.00000000e+00  0.00000000e+00
  0.00000000e+00  0.00000000e+00  0.00000000e+00  0.00000000e+00
  0.00000000e+00  0.00000000e+00  0.00000000e+00  0.00000000e+00
  0.00000000e+00  0.00000000e+00  0.00000000e+00  0.00000000e+00
  0.00000000e+00  0.00000000e+00  0.00000000e+00  0.00000000e+00
  0.00000000e+00  0.00000000e+00  0.00000000e+00  0.00000000e+00
  0.00000000e+00  0.00000000e+00  0.00000000e+00  0.00000000e+00
  0.00000000e+00  0.00000000e+00  0.00000000e+00  0.00000000e+00
  0.00000000e+00  0.00000000e+00  0.00000000e+00  0.00000000e+00]
SHAP runtime:  253.8671
12-th data point, prediction: 9
SHAP scores:  [ 0.00000000e+00  0.00000000e+00  0.00000000e+00  0.00000000e+00
  0.00000000e+00  0.00000000e+00  0.00000000e+00  0.00000000e+00
  0.00000000e+00  0.00000000e+00  0.00000000e+00  0.00000000e+00
  0.00000000e+00  0.00000000e+00  0.00000000e+00  0.00000000e+00
  0.00000000e+00  0.00000000e+00  0.00000000e+00  0.00000000e+00
  0.00000000e+00  0.00000000e+00  0.00000000e+00  0.00000000e+00
  0.00000000e+00  0.00000000e+00  0.00000000e+00  0.00000000e+00
  0.00000000e+00  0.00000000e+00  0.00000000e+00  0.00000000e+00
  0.00000000e+00  0.00000000e+00  0.00000000e+00  7.45057799e-09
 -7.45079194e-09 -1.11758837e-08  2.23517270e-08 -1.49011647e-08
  2.23517183e-08  7.45053624e-09 -2.32830849e-09  0.00000000e+00
 -5.58793605e-09  3.35275946e-08  2.98023085e-08  4.65661251e-09
  7.45057799e-09  0.00000000e+00  0.00000000e+00  0.00000000e+00
  0.00000000e+00  0.00000000e+00  0.00000000e+00  0.00000000e+00
  0.00000000e+00  0.00000000e+00  0.00000000e+00  0.00000000e+00
  0.00000000e+00  0.00000000e+00  7.45057973e-09 -2.98023363e-08
 -2.23517653e-08  5.21539781e-08  6.75208587e-09 -1.49011716e-08
  3.72527960e-08 -2.79396809e-09  7.45057799e-09  7.45056407e-09
 -4.65661454e-09 -1.46683411e-08 -6.51926089e-09 -4.47035219e-08
 -1.86266967e-09  2.23517322e-08 -1.67638161e-08 -2.60770536e-08
  3.72528795e-08  2.98022806e-08  0.00000000e+00  0.00000000e+00
  0.00000000e+00  0.00000000e+00  1.86264499e-09 -1.49014152e-08
  4.65661185e-09 -3.59889271e-04 -7.45058321e-09 -3.72529095e-09
  3.25962184e-08  7.45057799e-09  5.96045822e-08  2.63105413e-03
 -1.73948578e-13 -1.49011647e-08 -3.72530617e-09  1.49011508e-08
  1.49011508e-08  3.72528965e-09  1.67638018e-08  1.86264499e-09
 -1.49011716e-08 -1.86264782e-08 -5.58793865e-09 -4.47035427e-08
 -3.72529443e-09 -2.23517514e-08  0.00000000e+00  0.00000000e+00
  0.00000000e+00  0.00000000e+00 -2.23517931e-08 -1.49012273e-08
  5.96045265e-08 -1.66161236e-06  1.49011577e-08 -1.86264782e-08
  1.57847755e-06  4.36173150e-05  2.76837481e-04  1.44313957e-03
 -1.49011647e-08  1.13667456e-03  2.49247515e-03  2.56113384e-08
  1.08497037e-04  4.96825152e-04  2.79955224e-03  2.71262100e-03
  1.81638993e-05  5.21539781e-08  8.10655786e-04 -1.49012760e-08
  2.23517183e-08 -6.95794311e-15  0.00000000e+00  0.00000000e+00
  0.00000000e+00  0.00000000e+00 -2.23517653e-08 -1.86264574e-08
  1.86264247e-08 -3.72529443e-09  2.60770106e-08  1.49011299e-08
  2.21188875e-08  2.75575518e-03  1.02445460e-08  2.27149526e-05
  2.28379447e-03  3.68476874e-04 -3.60480228e-04  1.28039076e-04
  2.24212588e-04  1.27552549e-03  4.92976322e-04  7.55035066e-04
  2.56025719e-03  1.86263934e-08  5.40165844e-08  1.86264412e-09
  3.16649465e-08  3.25962506e-08 -3.72529682e-08  0.00000000e+00
  0.00000000e+00  0.00000000e+00  1.11758581e-08  8.19562657e-08
  5.21540198e-08  7.45057799e-09 -7.45059712e-09  3.46719371e-03
  1.12177883e-03 -1.39698395e-09  1.20427761e-03  5.88570891e-04
 -9.79118742e-04  2.53902615e-04 -1.11758768e-08 -2.21591133e-04
 -1.75987447e-03  1.88660711e-04 -7.45153452e-04  3.99176723e-04
  1.19005788e-03  1.45200197e-03  2.23517183e-08  1.59175576e-03
 -1.86264531e-09  9.31322534e-10 -2.95695337e-08 -7.45059712e-09
  0.00000000e+00  0.00000000e+00  2.60769862e-08 -5.58793605e-09
  1.49011508e-08 -1.49011716e-08  1.86264499e-09  1.49011421e-08
  1.40980316e-03  2.93380351e-03  2.05578413e-03 -2.71214096e-05
 -1.90629264e-04  9.22355647e-04  8.32489682e-03  3.73569739e-03
  9.12389858e-03  1.72401752e-03 -2.76914174e-03  2.82025190e-04
 -2.47040133e-05 -1.96602857e-04  3.48876523e-04  7.45056407e-09
 -1.49011925e-08  2.23517183e-08  3.35275738e-08  2.98022806e-08
  0.00000000e+00  0.00000000e+00 -1.11758768e-08 -1.86264531e-09
  1.86264247e-08  1.16542813e-04  3.45013718e-03  3.04738168e-05
 -7.45058321e-09  1.09584373e-03 -8.97659932e-05 -6.63010783e-04
  1.67079946e-03  3.61797306e-03  1.99563222e-03  6.20262414e-03
  2.69952630e-03  4.00146630e-03 -7.74353610e-04 -1.27614885e-04
 -1.78401414e-03 -1.14733602e-03  3.72528617e-09  1.32887699e-03
  3.72528795e-08 -1.86264531e-09 -2.23517653e-08  0.00000000e+00
  0.00000000e+00  0.00000000e+00  1.86264247e-08 -1.30385240e-08
  0.00000000e+00  2.04890717e-08  3.04599996e-03 -3.72529443e-09
  6.22017305e-04 -5.85213273e-04 -1.84922210e-03  2.14409177e-03
  3.63328460e-03  2.42279498e-03 -1.04805998e-03 -1.20730172e-04
  2.96679102e-04  8.71366080e-04 -5.40776137e-04  4.06984303e-04
 -2.91860499e-03  8.05145579e-04  1.02210067e-05  7.51694119e-04
  1.11758685e-08 -1.49011716e-08  1.86264421e-08  2.04890421e-08
  0.00000000e+00  2.32830641e-10 -9.31322721e-09  7.45057799e-09
 -1.86264608e-08 -2.23517653e-08  3.04350975e-03  3.27584280e-04
  1.51974067e-03 -5.20304773e-04  3.08233981e-03  4.01286964e-03
  4.03510072e-04  5.86045675e-04  7.89577184e-04  2.17109497e-03
  9.67469497e-04  2.50064985e-05  2.08722670e-03 -1.30023129e-03
  4.05905572e-04  2.23826075e-03  2.54359500e-05 -1.86264531e-09
  8.40541641e-04  7.45057799e-09 -1.11758768e-08 -2.14204286e-08
  0.00000000e+00 -3.72529265e-08  5.96044778e-08  4.47033409e-08
  1.49009072e-08 -9.68576965e-08  4.30888871e-04  5.83521221e-05
 -1.75593814e-03  4.12171495e-05  5.77397181e-04  1.28806363e-03
  4.19830781e-04  1.72315785e-03 -2.23517653e-08  6.09957455e-04
 -6.72925584e-04  1.22346998e-03  4.24812682e-03  3.21413899e-03
  8.31503344e-04  1.65994154e-04 -5.21541503e-08  5.12227075e-09
  2.42143385e-08  2.98022806e-08 -3.72530100e-08  0.00000000e+00
  0.00000000e+00  2.98022459e-08 -6.95794311e-15 -7.45058321e-09
 -2.32830658e-09 -1.57717071e-04 -5.90314356e-04 -7.45062495e-09
  3.93858954e-03  3.26953579e-03  1.17006633e-02 -3.19351191e-03
  5.40942933e-05  3.96264584e-04 -7.16005183e-05  1.48429615e-03
 -1.69292322e-03  1.13547969e-03  8.49165467e-04 -1.69975784e-03
  1.35871275e-03  8.55964111e-07 -7.45058321e-09 -1.67638161e-08
  8.73670374e-04  1.86264456e-08 -9.31322808e-09  0.00000000e+00
  0.00000000e+00 -1.86264608e-08  5.21538807e-08  0.00000000e+00
  0.00000000e+00 -6.28643032e-09  4.94246976e-05 -1.60877922e-03
  3.34880788e-03  6.98547618e-03  3.52302063e-03 -4.80175465e-04
  7.65254974e-05  5.85344429e-04  1.07136225e-03 -1.56553441e-04
 -1.74952064e-03  1.00259192e-03  3.16070904e-03  1.43441861e-05
  7.71094542e-04  2.23517183e-08  2.98023015e-08  5.21538111e-08
  3.57866786e-04  1.11758650e-08  2.14203950e-08  0.00000000e+00
  0.00000000e+00 -4.65661346e-09 -3.72529095e-09  5.21539363e-08
 -1.62913247e-03 -3.41128550e-04 -8.38190560e-09 -1.73077145e-03
  1.36960002e-03  2.82549329e-03  2.59423608e-03 -2.99211686e-05
 -1.91110326e-04 -5.76630214e-04  2.54618075e-05  3.07916544e-04
  1.08142071e-03  2.39806836e-03  1.99974884e-03  2.04966144e-03
  1.54949636e-03  1.74228803e-03  2.50739361e-03 -1.11758837e-08
 -7.45058321e-09 -2.23517514e-08  2.23517183e-08  0.00000000e+00
  0.00000000e+00  0.00000000e+00 -3.81842897e-08 -2.93879220e-04
 -1.11758837e-08  5.38074886e-05  1.49011508e-08 -3.00831312e-05
  1.28685660e-03  3.25345106e-04  7.93174569e-03  1.90042462e-03
 -2.05289238e-04  6.68188409e-04  5.78767166e-04 -4.87320580e-06
  1.33938098e-03  4.20469602e-03 -1.22246403e-03  0.00000000e+00
  1.59984335e-03  0.00000000e+00  2.37999433e-04  0.00000000e+00
  0.00000000e+00 -5.50111981e-05  0.00000000e+00  0.00000000e+00
  0.00000000e+00  0.00000000e+00  0.00000000e+00  0.00000000e+00
  0.00000000e+00  0.00000000e+00  1.11923699e-03  0.00000000e+00
 -1.53751316e-03  2.36463802e-04 -1.52023678e-04  6.24001290e-04
  1.45336973e-03  1.20076739e-03  2.01981360e-03  4.32365303e-04
 -5.85757351e-04  2.79518285e-03 -2.21002222e-04  2.77155331e-03
  3.53193694e-03  1.88570166e-03  0.00000000e+00  0.00000000e+00
  0.00000000e+00 -4.12243969e-05  0.00000000e+00  0.00000000e+00
  0.00000000e+00  0.00000000e+00  0.00000000e+00  0.00000000e+00
  0.00000000e+00  9.88668672e-04 -1.73342831e-04  1.88151979e-04
  6.85661485e-04  0.00000000e+00  8.51315340e-04 -2.13532464e-04
  9.19012873e-04 -1.78136221e-03  7.49890773e-04 -1.31873061e-03
 -1.28411495e-03 -3.77286497e-04  7.69754480e-04  3.38534955e-04
  8.35028277e-03  0.00000000e+00  0.00000000e+00  3.34878261e-05
  0.00000000e+00  0.00000000e+00  0.00000000e+00  0.00000000e+00
  0.00000000e+00  0.00000000e+00  0.00000000e+00  0.00000000e+00
  1.22246808e-04  1.11873845e-03  0.00000000e+00  3.23270822e-04
 -6.89257511e-05  4.39602255e-05  0.00000000e+00  0.00000000e+00
  3.26364858e-03  2.15216255e-03  1.48024830e-03 -1.00008944e-05
  2.59112642e-05 -4.88807617e-04  1.89214517e-03  2.43070274e-03
  4.15476919e-03  2.05391693e-03  0.00000000e+00  2.09313976e-03
  0.00000000e+00  0.00000000e+00  0.00000000e+00  0.00000000e+00
  0.00000000e+00  0.00000000e+00  0.00000000e+00  0.00000000e+00
  0.00000000e+00  0.00000000e+00  0.00000000e+00  6.01896187e-03
  0.00000000e+00  0.00000000e+00  0.00000000e+00  1.79699072e-03
  8.68540538e-05  3.35999111e-03  4.57460016e-06  1.94915089e-04
  2.46357126e-04  8.54183117e-04  2.02116217e-03  1.52015112e-05
  6.61724055e-03  0.00000000e+00  0.00000000e+00  0.00000000e+00
  0.00000000e+00  0.00000000e+00  0.00000000e+00  0.00000000e+00
  0.00000000e+00  0.00000000e+00  0.00000000e+00  0.00000000e+00
  1.22936864e-04  0.00000000e+00  0.00000000e+00  5.73923420e-05
  1.63295920e-03  2.26900004e-03  5.60145495e-05  1.37194471e-04
  0.00000000e+00  1.05757864e-04  8.23018200e-04 -1.30282220e-03
  6.79892938e-04  2.57154769e-03  3.74731977e-03  5.86810565e-03
  0.00000000e+00  2.56479242e-03  0.00000000e+00  0.00000000e+00
  0.00000000e+00  0.00000000e+00  0.00000000e+00  0.00000000e+00
  0.00000000e+00  0.00000000e+00  0.00000000e+00  0.00000000e+00
  0.00000000e+00  0.00000000e+00  0.00000000e+00  1.75824023e-02
  1.38454062e-03  2.21451414e-04  0.00000000e+00  3.08076630e-03
  1.83698812e-03  1.36024195e-03 -1.31796442e-05  1.01900924e-05
  1.82232743e-03  1.03029933e-03  0.00000000e+00  1.09233380e-03
  0.00000000e+00  0.00000000e+00  0.00000000e+00  0.00000000e+00
  0.00000000e+00  0.00000000e+00  0.00000000e+00  0.00000000e+00
  0.00000000e+00  0.00000000e+00  0.00000000e+00  0.00000000e+00
  0.00000000e+00  0.00000000e+00  2.61190446e-04  0.00000000e+00
  0.00000000e+00  4.52235678e-03  2.57119965e-03  6.74765904e-03
  1.67089327e-04  5.98648969e-04 -6.82709559e-04 -1.78763326e-03
  6.24498513e-04  1.07848960e-04 -1.81482865e-03  0.00000000e+00
  0.00000000e+00  0.00000000e+00  0.00000000e+00  0.00000000e+00
  0.00000000e+00  0.00000000e+00  0.00000000e+00  0.00000000e+00
  0.00000000e+00  0.00000000e+00  0.00000000e+00  0.00000000e+00
  0.00000000e+00  0.00000000e+00  0.00000000e+00  0.00000000e+00
  0.00000000e+00  0.00000000e+00  2.25480130e-03  0.00000000e+00
  1.69588766e-04  1.66823063e-05 -7.64857502e-05  1.94328403e-05
 -1.16498435e-04 -3.10071623e-03  0.00000000e+00  0.00000000e+00
 -1.04687214e-04  0.00000000e+00  0.00000000e+00  0.00000000e+00
  0.00000000e+00  0.00000000e+00  0.00000000e+00  0.00000000e+00
  0.00000000e+00  0.00000000e+00  0.00000000e+00  0.00000000e+00
  0.00000000e+00  0.00000000e+00  0.00000000e+00  0.00000000e+00
  0.00000000e+00  4.34703207e-03  0.00000000e+00 -3.62668163e-04
 -8.39798261e-04  2.58047406e-03  4.54185452e-03  5.37079541e-04
  0.00000000e+00  0.00000000e+00 -1.88283175e-03  0.00000000e+00
  0.00000000e+00  0.00000000e+00 -9.58448120e-04  0.00000000e+00
  0.00000000e+00  0.00000000e+00  0.00000000e+00  0.00000000e+00
  0.00000000e+00  0.00000000e+00  0.00000000e+00  0.00000000e+00
  0.00000000e+00  0.00000000e+00  0.00000000e+00  0.00000000e+00
  0.00000000e+00  2.11490087e-04  3.83547736e-04  0.00000000e+00
  0.00000000e+00  1.97966505e-03  2.05072948e-04  1.00404176e-03
  0.00000000e+00  0.00000000e+00  0.00000000e+00  0.00000000e+00
  0.00000000e+00  0.00000000e+00  0.00000000e+00  0.00000000e+00
  0.00000000e+00  0.00000000e+00  0.00000000e+00  0.00000000e+00
  0.00000000e+00  0.00000000e+00  0.00000000e+00  0.00000000e+00
  0.00000000e+00  0.00000000e+00  0.00000000e+00  0.00000000e+00
  0.00000000e+00  0.00000000e+00  0.00000000e+00  9.70057674e-05
  0.00000000e+00  1.07656095e-04  6.03517280e-04  4.63346784e-04
  0.00000000e+00  0.00000000e+00  0.00000000e+00  0.00000000e+00
  0.00000000e+00  0.00000000e+00  0.00000000e+00  0.00000000e+00
  0.00000000e+00  0.00000000e+00  0.00000000e+00  0.00000000e+00
  0.00000000e+00  0.00000000e+00  0.00000000e+00  0.00000000e+00
  0.00000000e+00  0.00000000e+00  0.00000000e+00  0.00000000e+00
  0.00000000e+00  0.00000000e+00  0.00000000e+00  0.00000000e+00
  0.00000000e+00  0.00000000e+00  0.00000000e+00  0.00000000e+00
  0.00000000e+00  0.00000000e+00  0.00000000e+00  0.00000000e+00
  0.00000000e+00  0.00000000e+00  0.00000000e+00  0.00000000e+00
  0.00000000e+00  0.00000000e+00  0.00000000e+00  0.00000000e+00]
SHAP runtime:  261.5303
13-th data point, prediction: 0
SHAP scores:  [ 0.00000000e+00  0.00000000e+00  0.00000000e+00  0.00000000e+00
  0.00000000e+00  0.00000000e+00  0.00000000e+00  0.00000000e+00
  0.00000000e+00  0.00000000e+00  0.00000000e+00  0.00000000e+00
  0.00000000e+00  0.00000000e+00  0.00000000e+00  0.00000000e+00
  0.00000000e+00  0.00000000e+00  0.00000000e+00  0.00000000e+00
  0.00000000e+00  0.00000000e+00  0.00000000e+00  0.00000000e+00
  0.00000000e+00  0.00000000e+00  0.00000000e+00  0.00000000e+00
  0.00000000e+00  0.00000000e+00  0.00000000e+00  0.00000000e+00
  0.00000000e+00  0.00000000e+00  0.00000000e+00  1.11758600e-08
 -2.60770709e-08  1.49011524e-08  7.45057839e-09 -2.98023577e-08
  2.98022870e-08  6.14671513e-08 -2.35697359e-14  2.98023106e-08
  1.04307931e-07  3.72528975e-09  6.70550464e-08  1.67637981e-08
  2.51456910e-08  0.00000000e+00  0.00000000e+00  0.00000000e+00
  0.00000000e+00  0.00000000e+00  0.00000000e+00  0.00000000e+00
  0.00000000e+00  0.00000000e+00  0.00000000e+00  0.00000000e+00
  0.00000000e+00  0.00000000e+00 -5.58793816e-09  5.58793273e-09
 -4.65662062e-08 -1.19209572e-07 -1.86264594e-08  3.72528477e-08
  9.77888447e-09 -1.49011700e-08  1.49011524e-08 -6.70554044e-08
  3.25962790e-09  0.00000000e+00  1.49011052e-08 -1.86264741e-08
  3.72528713e-08  2.98022870e-08 -3.72529085e-09 -4.47037988e-08
  1.67637981e-08  4.84286599e-08  0.00000000e+00  0.00000000e+00
  0.00000000e+00  0.00000000e+00 -4.09783220e-08  1.86264288e-08
  1.86264501e-09 -3.91155796e-08  7.26429905e-08  6.65176107e-04
 -4.19095990e-08 -3.72529229e-08 -2.60770709e-08 -5.96046978e-08
  7.45057839e-09 -2.23517852e-08 -1.11758759e-08  1.49011524e-08
  5.96045034e-08 -2.23517617e-08 -4.47036574e-08 -1.49011700e-08
  4.84286982e-08 -2.23517617e-08 -3.35277105e-08 -1.11759024e-08
 -1.67638102e-08 -1.19209572e-07  0.00000000e+00  0.00000000e+00
  0.00000000e+00  0.00000000e+00  6.89176373e-08  1.86264023e-08
 -1.02445503e-08 -7.45058281e-09 -1.39698431e-08  3.72528091e-09
  5.96045034e-08  1.86264501e-09 -9.31323804e-09  1.86264501e-09
 -9.83025586e-05  6.89339310e-04  8.91011963e-04  9.35442487e-05
 -5.12331870e-04  4.47650276e-05 -7.18164474e-04 -3.72529085e-09
 -3.49245982e-09  2.06155096e-05 -1.76951370e-08 -5.89243398e-15
  1.86264436e-08  1.49011052e-08  0.00000000e+00  0.00000000e+00
  0.00000000e+00  0.00000000e+00 -1.49011700e-08  7.45055850e-08
 -1.62981466e-09 -1.49011641e-08  1.49011524e-08 -2.35697359e-14
 -2.35697359e-14  1.49623746e-03  1.92044838e-04  3.34622330e-04
  1.24295374e-03 -2.39443393e-04  1.28755675e-03  5.84194703e-03
  2.81553478e-03  1.09480802e-03  5.34710724e-04  1.75064689e-03
  3.58667563e-04 -1.56462519e-07  3.07336103e-08 -1.86264576e-08
  7.45040161e-09  4.47034040e-08 -4.47035160e-08  0.00000000e+00
  0.00000000e+00  0.00000000e+00  1.11758659e-08  5.58793273e-09
 -7.07806444e-08  5.75649661e-05 -2.35697359e-14  6.19277646e-04
 -4.44897698e-05 -4.62277236e-06 -9.22596223e-05  8.83896209e-04
 -1.01838107e-03  1.64308913e-03  2.44856822e-03  4.85814217e-03
  2.28272514e-03  1.16102235e-03  1.39817852e-03  3.98179405e-06
  3.71805557e-04 -1.49472498e-05  6.56730858e-04 -9.31322609e-10
 -1.19209478e-07  8.56814170e-08 -1.49011700e-08 -2.60770709e-08
  0.00000000e+00  0.00000000e+00  2.79396646e-08 -1.32963960e-04
  1.49011524e-08  5.21538498e-08 -3.72529085e-09  0.00000000e+00
  6.49049147e-05  7.76546839e-04  3.23772062e-04  2.18663425e-04
  2.26266584e-03  1.76018330e-03  2.66113807e-03  3.83116061e-03
  1.03431365e-03  4.53713154e-04  1.74766792e-03  5.18962837e-03
 -4.84288496e-08 -4.16210351e-04  7.83325505e-04 -1.49011700e-08
  2.91037945e-08 -2.98029234e-08  1.30385063e-08  1.67637981e-08
  0.00000000e+00  0.00000000e+00  2.98022870e-08 -2.35697359e-14
  7.45054303e-09 -7.72999894e-08  6.04096394e-06  3.77686196e-04
  5.94252436e-04  3.69208901e-04  1.10525408e-03  1.46455066e-05
  1.88793167e-03  1.41762458e-03  4.67246182e-04 -2.81471016e-03
  1.09395549e-03  5.68548217e-03  3.82454792e-03  7.75957525e-03
  4.47034040e-08  2.98022870e-08  2.98022870e-08  5.96045741e-08
  1.86264501e-09  7.45057839e-09  4.47034040e-08  0.00000000e+00
  0.00000000e+00  5.49479272e-08  7.45057839e-09  7.45057839e-09
  4.33064184e-08 -1.11758759e-08  5.51611265e-05 -4.61402155e-05
 -9.78129716e-05 -4.95931905e-05 -1.35998975e-03  1.45262338e-03
  2.34254141e-03  4.30220153e-04 -1.34340266e-03 -2.13873980e-03
 -1.02239388e-03 -2.93620504e-03  2.77778533e-03  4.78848824e-03
  7.85288046e-03 -2.01235427e-03 -1.29158888e-03 -7.75676089e-05
 -6.14674285e-08  5.77418551e-08 -1.49012172e-08 -5.21541371e-08
  0.00000000e+00  1.39698378e-09  0.00000000e+00 -7.45058281e-09
  8.84756088e-09  7.62548429e-05 -4.47035160e-08  5.35809259e-04
  6.38943882e-04  1.08751758e-03 -6.22816509e-04  2.15034730e-03
  3.74003793e-04  1.75255469e-03 -3.39157276e-04  1.11999402e-03
  1.23126121e-04  1.38224722e-03  4.90324541e-04  2.38012530e-03
  5.33284725e-03  1.70169045e-03  5.21539913e-08 -3.72529085e-09
  7.45057323e-08 -1.49012584e-08 -1.30385258e-08 -8.19565125e-08
  0.00000000e+00  3.07336103e-08  5.96045976e-08  5.96045741e-08
 -5.96047155e-08  1.49011524e-08  1.59637067e-04  3.87600507e-05
  8.50431977e-04  3.93227342e-03 -3.28996073e-05  1.12044191e-03
  2.36374643e-03 -2.98023577e-08  4.43571522e-04  2.20292909e-03
  2.04890755e-08  1.13486010e-04  1.59300650e-03  4.59314193e-04
  1.03519150e-02  1.24936374e-02 -3.72529347e-08 -3.48363085e-04
  1.49011524e-08 -7.50061988e-04  5.40165578e-08  0.00000000e+00
  0.00000000e+00 -8.56820044e-08  1.26659620e-07  1.86264501e-09
 -7.45058281e-09 -9.17128152e-06  0.00000000e+00 -1.39194397e-03
  4.45289712e-03  4.19448835e-03  1.74832744e-03  4.09045542e-05
  1.14902199e-03  2.72172970e-03  2.06342032e-03  2.30781489e-03
  2.21714937e-03  5.90271857e-03  1.91648540e-03  1.21210494e-03
  8.51103269e-03  1.28876020e-02 -3.08478921e-03 -3.72529085e-09
 -2.60770415e-08  5.96045034e-08 -2.35697359e-14  0.00000000e+00
  0.00000000e+00 -5.21541017e-08  8.94068611e-08 -9.42789436e-14
  0.00000000e+00 -1.74127115e-04  3.72528831e-08 -1.43979348e-03
  3.18908129e-03  3.68395875e-03 -6.21636036e-04  5.69001630e-04
  2.06759759e-03  6.00704537e-03  1.02445464e-08  1.75403580e-03
  1.53954486e-02  7.20974125e-04  1.50608625e-03 -3.91772350e-04
  8.52189815e-03  8.18602625e-03  1.14310144e-03  5.96045741e-08
 -2.98023577e-08  1.21071904e-08  9.31322229e-09  0.00000000e+00
  0.00000000e+00  5.58793494e-09  2.98022870e-08 -2.60770709e-08
  0.00000000e+00 -1.11758759e-08 -3.08416728e-04  2.18588551e-03
  2.98105085e-03 -2.21023151e-03  2.93696153e-03  3.85308605e-03
  3.50009521e-04  1.08569118e-02  4.31543094e-03  4.40056693e-03
  8.91892959e-03  1.21713032e-02  5.39359009e-03  4.01362447e-04
  7.55759758e-03  1.20034694e-02  2.54893821e-03 -2.35697359e-14
 -9.03813602e-04  4.84287336e-08 -2.35697359e-14  0.00000000e+00
  0.00000000e+00  0.00000000e+00  5.86731793e-08  0.00000000e+00
 -1.49011700e-08  2.79396760e-09  1.19208512e-07  3.18271964e-03
  1.37835914e-03 -9.78676541e-04  2.09872452e-03  6.22102914e-03
  5.55578374e-03  5.30066750e-03  3.66793430e-03  2.96606814e-02
  3.45609283e-02  2.00054788e-02  3.10554396e-03 -7.25857076e-04
  7.78587760e-03  1.33350378e-02  2.10177997e-03  0.00000000e+00
  0.00000000e+00  0.00000000e+00  0.00000000e+00  0.00000000e+00
  0.00000000e+00  0.00000000e+00  0.00000000e+00  0.00000000e+00
  0.00000000e+00 -5.54762583e-03  0.00000000e+00  1.32807026e-02
  4.54127573e-03  1.53418199e-03  0.00000000e+00  8.03150625e-03
  1.04265553e-02  3.09714002e-02  1.08931490e-02  1.01465061e-02
  8.81755440e-03  0.00000000e+00 -2.16154440e-05  3.48537044e-04
  8.88682642e-03  7.67272141e-03  2.15428406e-03  0.00000000e+00
  0.00000000e+00  0.00000000e+00  0.00000000e+00  0.00000000e+00
  0.00000000e+00  0.00000000e+00  0.00000000e+00  0.00000000e+00
  0.00000000e+00 -4.58792201e-03  0.00000000e+00  7.89006821e-03
  9.96739653e-03  2.64044337e-03  6.97256504e-03  2.35734554e-03
  4.78388710e-03  3.96086838e-03  1.91911449e-03  6.75175868e-03
  1.63428526e-03  8.70366284e-05  6.00449127e-06  1.25084704e-03
  6.20218074e-03  8.96367395e-03  9.54451794e-04 -1.40349197e-04
  0.00000000e+00  0.00000000e+00  0.00000000e+00  0.00000000e+00
  0.00000000e+00  0.00000000e+00  0.00000000e+00  0.00000000e+00
  0.00000000e+00  0.00000000e+00  0.00000000e+00 -8.85010339e-04
  1.66238987e-03  2.14780203e-03  0.00000000e+00  1.39254059e-03
  0.00000000e+00  5.77622805e-03  1.21641638e-03  3.58333808e-03
  2.49431958e-03  5.31197541e-04  0.00000000e+00 -7.72255673e-05
  6.58371296e-03  1.37867017e-03  0.00000000e+00  0.00000000e+00
  0.00000000e+00  0.00000000e+00  0.00000000e+00  0.00000000e+00
  0.00000000e+00  0.00000000e+00  0.00000000e+00  0.00000000e+00
  0.00000000e+00  0.00000000e+00 -8.47838780e-04  1.62309382e-03
  7.81118406e-03  4.33537298e-04  1.36298342e-04  0.00000000e+00
  3.77026063e-03  5.95833651e-03  4.39129299e-03  1.68769109e-04
 -3.77242886e-04 -1.58810195e-04  3.91103317e-04  5.16648721e-05
  2.42285613e-03 -2.01385565e-04  0.00000000e+00  0.00000000e+00
  0.00000000e+00  0.00000000e+00  0.00000000e+00  0.00000000e+00
  0.00000000e+00  0.00000000e+00  0.00000000e+00  0.00000000e+00
  0.00000000e+00  0.00000000e+00 -5.19007558e-03  0.00000000e+00
  4.67187050e-03  7.93945825e-03  1.00846958e-02  4.10943430e-04
  0.00000000e+00  1.29007041e-03 -1.03441845e-03  9.47726216e-04
 -9.11199639e-04 -6.98585728e-05  2.67984826e-04 -9.93934545e-06
  5.71184355e-04  0.00000000e+00  0.00000000e+00  0.00000000e+00
  0.00000000e+00  0.00000000e+00  0.00000000e+00  0.00000000e+00
  0.00000000e+00  0.00000000e+00  0.00000000e+00 -1.38244113e-05
  0.00000000e+00  0.00000000e+00  0.00000000e+00  0.00000000e+00
 -4.44354664e-03  1.05832651e-03  3.98715648e-03 -1.30744389e-03
 -4.73019851e-03 -4.13751680e-04 -5.41522604e-04 -9.43064575e-04
 -3.46818215e-03  5.20171319e-04  2.34081255e-03  1.67332048e-03
 -5.95056768e-04  0.00000000e+00  0.00000000e+00  0.00000000e+00
  0.00000000e+00  0.00000000e+00  0.00000000e+00  0.00000000e+00
  0.00000000e+00  0.00000000e+00  0.00000000e+00  0.00000000e+00
  0.00000000e+00 -1.35933245e-05  0.00000000e+00 -2.08002496e-04
 -2.87814461e-03 -2.08606462e-03  4.70521389e-03  1.33564780e-03
  6.31564697e-03 -3.73676186e-03  0.00000000e+00  4.11730527e-04
 -4.66580915e-03  3.59451287e-03 -2.53072303e-03 -6.68231097e-04
  0.00000000e+00  0.00000000e+00  0.00000000e+00  0.00000000e+00
  0.00000000e+00  0.00000000e+00  0.00000000e+00  0.00000000e+00
  0.00000000e+00  0.00000000e+00  0.00000000e+00  0.00000000e+00
  0.00000000e+00 -9.92602147e-06 -9.91856811e-06  0.00000000e+00
 -5.38132857e-04 -5.01633427e-04  4.56371449e-04  3.22627684e-03
  1.56319732e-03  2.74710190e-03  4.83063606e-04  1.68949049e-03
  1.99076850e-03  1.33488796e-03 -3.91453224e-04 -2.83833415e-04
  0.00000000e+00  0.00000000e+00  0.00000000e+00  0.00000000e+00
  0.00000000e+00  0.00000000e+00  0.00000000e+00  0.00000000e+00
  0.00000000e+00  0.00000000e+00  0.00000000e+00  0.00000000e+00
  0.00000000e+00  0.00000000e+00  0.00000000e+00  0.00000000e+00
 -1.90406000e-04  0.00000000e+00 -6.95760175e-04  1.95863657e-04
  9.93646477e-04 -3.20170281e-04  5.27039973e-03  4.91851145e-04
  2.43458590e-04 -3.81338024e-06 -2.71946222e-05  0.00000000e+00
  0.00000000e+00  0.00000000e+00  0.00000000e+00  0.00000000e+00
  0.00000000e+00  0.00000000e+00  0.00000000e+00  0.00000000e+00
  0.00000000e+00  0.00000000e+00  0.00000000e+00  0.00000000e+00
  0.00000000e+00  0.00000000e+00  0.00000000e+00  0.00000000e+00
  0.00000000e+00  0.00000000e+00 -5.50203586e-04  0.00000000e+00
  2.73444868e-05  0.00000000e+00  0.00000000e+00  5.57412620e-04
  1.60067980e-03  0.00000000e+00  0.00000000e+00  0.00000000e+00
  0.00000000e+00  0.00000000e+00  0.00000000e+00  0.00000000e+00
  0.00000000e+00  0.00000000e+00  0.00000000e+00  0.00000000e+00
  0.00000000e+00  0.00000000e+00  0.00000000e+00  0.00000000e+00
  0.00000000e+00  0.00000000e+00  0.00000000e+00  0.00000000e+00
  2.63706613e-04  0.00000000e+00  0.00000000e+00  0.00000000e+00
  0.00000000e+00  0.00000000e+00  0.00000000e+00  0.00000000e+00
  0.00000000e+00  0.00000000e+00  0.00000000e+00  0.00000000e+00
  0.00000000e+00  0.00000000e+00  0.00000000e+00  0.00000000e+00
  0.00000000e+00  0.00000000e+00  0.00000000e+00  0.00000000e+00
  0.00000000e+00  0.00000000e+00  0.00000000e+00  0.00000000e+00
  0.00000000e+00  0.00000000e+00  0.00000000e+00  0.00000000e+00
  0.00000000e+00  0.00000000e+00  0.00000000e+00  0.00000000e+00
  0.00000000e+00  0.00000000e+00  0.00000000e+00  0.00000000e+00
  0.00000000e+00  0.00000000e+00  0.00000000e+00  0.00000000e+00
  0.00000000e+00  0.00000000e+00  0.00000000e+00  0.00000000e+00
  0.00000000e+00  0.00000000e+00  0.00000000e+00  0.00000000e+00]
SHAP runtime:  262.5708
14-th data point, prediction: 1
SHAP scores:  [ 0.00000000e+00  0.00000000e+00  0.00000000e+00  0.00000000e+00
  0.00000000e+00  0.00000000e+00  0.00000000e+00  0.00000000e+00
  0.00000000e+00  0.00000000e+00  0.00000000e+00  0.00000000e+00
  0.00000000e+00  0.00000000e+00  0.00000000e+00  0.00000000e+00
  0.00000000e+00  0.00000000e+00  0.00000000e+00  0.00000000e+00
  0.00000000e+00  0.00000000e+00  0.00000000e+00  0.00000000e+00
  0.00000000e+00  0.00000000e+00  0.00000000e+00  0.00000000e+00
  0.00000000e+00  0.00000000e+00  0.00000000e+00  0.00000000e+00
  0.00000000e+00  0.00000000e+00  0.00000000e+00  1.86264273e-09
 -4.65661296e-10 -2.79396842e-09  2.79396702e-09  7.45056617e-09
 -2.98023588e-08  0.00000000e+00  1.76951206e-08  1.49593598e-08
  3.72528062e-09  0.00000000e+00  3.72528703e-08  2.79396702e-09
  1.86264433e-08  0.00000000e+00  0.00000000e+00  0.00000000e+00
  0.00000000e+00  0.00000000e+00  0.00000000e+00  0.00000000e+00
  0.00000000e+00  0.00000000e+00  0.00000000e+00  0.00000000e+00
  0.00000000e+00  0.00000000e+00  5.96045719e-08  7.45057832e-09
  4.47034016e-08  1.86264433e-08 -9.31322610e-10  2.98022859e-08
  3.07336092e-08  6.51925552e-09  1.39698291e-08 -9.31323842e-09
  1.39698383e-09 -2.98023588e-08 -6.14674328e-08 -7.45058288e-09
  1.49011035e-08  2.79396391e-08  2.04890832e-08 -3.72529201e-09
 -2.60770722e-08 -3.35276740e-08  0.00000000e+00  0.00000000e+00
  0.00000000e+00  0.00000000e+00 -1.30385261e-08 -2.98024317e-08
 -1.86264529e-09  2.32830444e-08  7.15953995e-09  2.23517334e-08
 -1.62981537e-08  1.11758597e-08 -2.79396804e-09 -4.47035170e-08
 -8.36735129e-11  0.00000000e+00 -1.49011703e-08  6.25665755e-06
 -4.65661376e-09  1.86264501e-09  5.97518784e-05  9.31322539e-10
 -3.25962964e-09 -1.86264657e-08 -9.31323462e-09  4.84286958e-08
  2.98023102e-08 -1.86264529e-09  0.00000000e+00  0.00000000e+00
  0.00000000e+00  0.00000000e+00  7.45056753e-08  1.49011521e-08
 -7.82312259e-08 -3.79729425e-16 -7.45058743e-09  1.49011521e-08
  1.09139312e-08 -3.11993416e-08 -3.25962964e-09  9.53714473e-05
  7.47159337e-04  1.03442305e-03  3.10764837e-03  1.74464546e-04
 -4.71782317e-04  8.94067606e-08  4.09781608e-08 -1.10481421e-05
 -1.11758821e-08 -3.72529087e-09 -9.72107329e-14 -1.49011703e-08
 -4.19096016e-08 -4.65661319e-09  0.00000000e+00  0.00000000e+00
  0.00000000e+00  0.00000000e+00  2.60770224e-08 -2.91038336e-09
 -7.45060338e-08  1.49011521e-08  0.00000000e+00 -6.05359938e-09
  0.00000000e+00 -1.18377271e-06  1.49011521e-08  5.58793265e-09
  2.47207170e-03 -1.98427071e-03  3.88003595e-03  2.12030170e-03
  3.97923303e-04  9.47414383e-04 -4.46865436e-04 -9.90957801e-07
  3.23742909e-05 -1.93768438e-04  1.40629458e-04 -1.30385185e-08
 -2.23517623e-08  1.67637978e-08  0.00000000e+00  0.00000000e+00
  0.00000000e+00  0.00000000e+00  0.00000000e+00 -4.30736743e-09
  6.51925685e-09 -3.95812149e-09 -1.39698481e-08  5.96045719e-08
 -2.88710371e-08 -4.65661296e-10  1.90141151e-03  1.24436342e-03
  1.02977857e-03  1.97384684e-04  2.75064551e-03  2.46321928e-03
  9.56863781e-04  2.02007810e-04  3.37564458e-04  1.24407774e-03
  1.33309405e-03  9.32585324e-05 -2.98023588e-08 -1.81607984e-08
 -2.98023588e-08 -1.86264529e-09 -1.53668314e-08  4.28407540e-08
  0.00000000e+00  0.00000000e+00  7.45056617e-09 -3.69618704e-09
 -2.98023588e-08 -1.30385261e-08  6.94567956e-06  1.63317444e-03
  2.04371528e-03  1.39698291e-08  1.08146456e-02  4.08945846e-03
  3.38584752e-03 -1.21105309e-03  1.41480990e-03  1.05210059e-03
 -1.57807984e-03 -1.67980598e-04  7.41399055e-04  6.64196652e-04
  7.49499022e-04  2.51580359e-03 -7.56699817e-09 -2.95695284e-08
 -2.23517623e-08  1.39698378e-09 -1.49011703e-08  2.23517334e-08
  0.00000000e+00  0.00000000e+00 -1.39698481e-08  2.67009619e-05
 -3.35276740e-08  1.49011521e-08 -2.98023588e-08 -1.86264529e-09
  1.66582893e-06  1.24527681e-03  3.24596933e-03  1.15878111e-03
  6.39501487e-03 -1.42229886e-03  1.53711857e-03  4.57453102e-03
 -1.42208541e-03 -3.78360690e-03  1.01228681e-04  1.09261498e-03
  6.34763687e-04  5.97056045e-04  1.16415316e-09  8.20077295e-05
  5.96044990e-08 -4.65661296e-10 -6.98492169e-09  0.00000000e+00
  0.00000000e+00 -1.39698394e-09  7.45057832e-09  2.98023102e-08
 -1.42026787e-08 -2.40678723e-06  5.50426034e-06  2.60770133e-08
  9.77635610e-04  5.48458942e-03  3.38042118e-03  5.43826779e-03
  3.67726323e-03 -1.43872727e-04  7.72364365e-03  2.29325202e-03
  2.53441720e-04 -3.81452978e-03 -2.08615489e-03  2.35486098e-03
  2.08963990e-03  9.92154952e-04  1.49011035e-08  1.11758597e-08
  1.02677860e-04  3.35275969e-08  1.76951206e-08 -7.45058288e-09
  0.00000000e+00 -1.11758760e-08 -3.53903168e-08  5.12227365e-09
  2.79396702e-09  4.84286047e-08 -1.49011658e-08  4.19095105e-09
 -1.16415322e-10  4.74877698e-03  2.95165033e-03  6.45873211e-03
  1.64340039e-03  1.56562399e-03  8.26283677e-03  5.62806710e-03
 -3.33033578e-03 -1.75257368e-04  8.05509342e-05  1.65676548e-03
 -2.60770418e-08  4.20205780e-04  6.18068921e-03 -1.16415342e-09
 -2.60770448e-08 -7.45058288e-09  1.86264501e-09  1.11758597e-08
  0.00000000e+00 -7.45061933e-09  7.45057239e-08  2.98022859e-08
 -1.16415342e-09  1.30385060e-08  0.00000000e+00  0.00000000e+00
  4.89442298e-03  2.84834745e-03  7.45057376e-09  3.55060253e-03
  4.26067447e-04  2.12300910e-03  1.17788737e-02  7.86333344e-03
 -7.14999034e-04  2.76809162e-03  2.92269126e-03  2.56576175e-03
  3.85409493e-04  2.09288103e-03  4.15484063e-06 -9.93570485e-06
  9.31322371e-09  5.93716679e-08 -1.38534329e-08  0.00000000e+00
  0.00000000e+00 -1.86264529e-09  1.67638024e-08  3.35275787e-08
  1.86264281e-08  1.86264464e-08 -8.19567352e-08  3.79966940e-06
  5.87026183e-03  8.87787779e-03  8.65826049e-03  3.05716443e-03
  7.45556024e-04  2.99515306e-03  2.82592204e-03  8.01372728e-03
  4.19463080e-05  1.61552094e-03  1.10122905e-03  2.90289253e-03
  6.65095981e-03  1.49011035e-08  3.00407614e-06  5.08153082e-06
  3.35275787e-08  1.53668135e-08  1.49011521e-08  0.00000000e+00
  0.00000000e+00  9.31321400e-10 -7.45058288e-09 -2.98023588e-08
 -1.49011703e-08  2.76242568e-04  3.17330520e-05  7.39866011e-03
  2.79396740e-09  3.72528669e-09  2.02775956e-03  3.13038064e-03
  4.53677785e-04  3.90356746e-03  8.70423516e-03  6.96115123e-03
 -4.83925190e-04  4.07399130e-03  1.42956489e-05  7.25796542e-03
  2.70163997e-03 -1.37370176e-08 -2.98023588e-08 -3.72529599e-08
 -4.54020567e-08 -2.00234575e-08  2.98022859e-08  0.00000000e+00
  0.00000000e+00 -3.72529087e-09 -7.45058288e-09 -1.39698481e-08
  0.00000000e+00  5.04529242e-05  9.92337469e-04 -9.08039716e-09
  2.15010961e-04  3.65353425e-04  5.71298753e-03  7.76270174e-03
 -1.72412198e-04  3.55781535e-03  4.72039677e-03  3.59683003e-03
  6.44253163e-04  4.39781628e-03  3.81348924e-03  1.91461372e-04
  5.58336986e-03  0.00000000e+00 -4.09783837e-08 -3.00351893e-08
  2.98022859e-08 -2.32830913e-09 -2.32830666e-09  0.00000000e+00
  0.00000000e+00  0.00000000e+00 -2.98023588e-08  1.49011582e-08
 -9.08039716e-09 -1.49011642e-08  9.75624850e-04  8.08794334e-04
  8.02990391e-04  1.88042088e-03  1.40280177e-04  3.03638997e-04
 -3.79428450e-03  8.38323570e-05  1.20285864e-02  4.11965317e-05
  4.11966293e-03  7.86466722e-03  3.13267553e-04  3.89364331e-03
  0.00000000e+00  1.45579627e-03  2.75097348e-03  0.00000000e+00
  0.00000000e+00  0.00000000e+00  0.00000000e+00  0.00000000e+00
  0.00000000e+00  0.00000000e+00  0.00000000e+00  0.00000000e+00
  0.00000000e+00  3.26756730e-04  0.00000000e+00  0.00000000e+00
  0.00000000e+00  4.64363104e-03  0.00000000e+00  3.48000290e-03
  0.00000000e+00  1.55311772e-02  1.23439379e-02  5.01025679e-04
  8.92004796e-03  2.20734913e-04  3.44809591e-04  2.34589508e-06
  0.00000000e+00  1.74712895e-05  0.00000000e+00  1.77104421e-03
  0.00000000e+00  0.00000000e+00  0.00000000e+00  0.00000000e+00
  0.00000000e+00  0.00000000e+00  0.00000000e+00  0.00000000e+00
  0.00000000e+00  8.48461205e-04  0.00000000e+00  0.00000000e+00
  2.48625304e-03  5.06278201e-04  0.00000000e+00 -5.23402215e-04
  0.00000000e+00  1.99316850e-03  1.05365595e-02  1.65486107e-03
  5.09445465e-03  0.00000000e+00  8.02372987e-03  0.00000000e+00
  0.00000000e+00  2.15433276e-03  2.02029438e-06  0.00000000e+00
  0.00000000e+00  0.00000000e+00  0.00000000e+00  0.00000000e+00
  0.00000000e+00  0.00000000e+00  0.00000000e+00  0.00000000e+00
  0.00000000e+00  0.00000000e+00  1.63713186e-03  0.00000000e+00
  0.00000000e+00  3.75131321e-03  0.00000000e+00 -5.25799755e-05
 -2.70105374e-03 -3.66125649e-03  8.42846021e-03  8.59658166e-04
  2.64436339e-03  1.21709832e-02  3.42068095e-03  2.01562823e-03
  0.00000000e+00  7.92718987e-03  2.00871071e-04  5.44600200e-04
  0.00000000e+00  2.65796674e-04  0.00000000e+00  0.00000000e+00
  0.00000000e+00  0.00000000e+00  0.00000000e+00  0.00000000e+00
  0.00000000e+00  0.00000000e+00  0.00000000e+00  0.00000000e+00
  7.26974083e-04  3.77776197e-03  1.89584954e-03  0.00000000e+00
  0.00000000e+00  2.46139247e-03  4.42663461e-03  9.36675456e-04
  1.82110425e-03  7.72784303e-04  2.86584039e-03  0.00000000e+00
  0.00000000e+00  8.39528321e-03  0.00000000e+00  2.04953149e-03
  0.00000000e+00  0.00000000e+00  0.00000000e+00  0.00000000e+00
  0.00000000e+00  0.00000000e+00  0.00000000e+00  0.00000000e+00
  0.00000000e+00  0.00000000e+00  8.49139976e-05  2.20327195e-02
  1.38991000e-03  4.17967932e-03 -1.63712824e-04  0.00000000e+00
 -6.21989847e-04  1.16912861e-04  8.02446092e-04 -2.54082069e-06
  5.19512223e-05  5.50955166e-04  2.17419319e-03  0.00000000e+00
  0.00000000e+00  0.00000000e+00  0.00000000e+00  0.00000000e+00
  0.00000000e+00  0.00000000e+00  0.00000000e+00  0.00000000e+00
  0.00000000e+00  0.00000000e+00  0.00000000e+00  0.00000000e+00
  0.00000000e+00  0.00000000e+00  0.00000000e+00  7.99935385e-03
  4.27818653e-03  3.43030065e-03  1.10155458e-03 -3.69020273e-05
 -1.01605575e-03  1.24492125e-03  2.91271320e-03 -5.83586399e-05
  2.19140138e-03  1.45640576e-03  1.51018282e-03  0.00000000e+00
  1.65997328e-03  2.85581468e-03  0.00000000e+00  0.00000000e+00
  0.00000000e+00  0.00000000e+00  0.00000000e+00  0.00000000e+00
  0.00000000e+00  0.00000000e+00  0.00000000e+00  0.00000000e+00
  0.00000000e+00  0.00000000e+00  0.00000000e+00  5.20823978e-03
  7.01076949e-03  6.21444349e-03 -9.45225748e-04 -1.89078525e-06
  5.80379508e-04  3.32083488e-03  1.57185405e-04 -2.74195742e-04
  1.20452002e-03  2.89851116e-05  8.17672070e-03  0.00000000e+00
  0.00000000e+00  0.00000000e+00  0.00000000e+00  0.00000000e+00
  0.00000000e+00  0.00000000e+00  0.00000000e+00  0.00000000e+00
  0.00000000e+00  0.00000000e+00  0.00000000e+00  0.00000000e+00
  0.00000000e+00  0.00000000e+00  0.00000000e+00  0.00000000e+00
  0.00000000e+00  0.00000000e+00  3.11254649e-04  1.31644119e-03
  1.28504763e-03  7.54307145e-04  0.00000000e+00  1.08723000e-05
 -7.19825453e-04  1.95609640e-03  0.00000000e+00  0.00000000e+00
  0.00000000e+00  0.00000000e+00  0.00000000e+00  0.00000000e+00
  0.00000000e+00  0.00000000e+00  0.00000000e+00  0.00000000e+00
  0.00000000e+00  0.00000000e+00  0.00000000e+00  0.00000000e+00
  0.00000000e+00  0.00000000e+00  0.00000000e+00  0.00000000e+00
  0.00000000e+00  2.36903051e-06  0.00000000e+00 -1.04443833e-04
  0.00000000e+00  1.23233141e-03 -1.08618582e-03  0.00000000e+00
  7.12735984e-06  0.00000000e+00  1.88492814e-06  0.00000000e+00
  0.00000000e+00  0.00000000e+00  0.00000000e+00  0.00000000e+00
  0.00000000e+00  0.00000000e+00  0.00000000e+00  0.00000000e+00
  0.00000000e+00  0.00000000e+00  0.00000000e+00  0.00000000e+00
  0.00000000e+00  0.00000000e+00  0.00000000e+00  0.00000000e+00
  0.00000000e+00  0.00000000e+00  0.00000000e+00  0.00000000e+00
  0.00000000e+00  9.30229010e-05  0.00000000e+00  0.00000000e+00
  0.00000000e+00  0.00000000e+00  0.00000000e+00  0.00000000e+00
  0.00000000e+00  0.00000000e+00  0.00000000e+00  0.00000000e+00
  0.00000000e+00  0.00000000e+00  0.00000000e+00  0.00000000e+00
  0.00000000e+00  0.00000000e+00  0.00000000e+00  0.00000000e+00
  0.00000000e+00  0.00000000e+00  0.00000000e+00  5.18000651e-04
  0.00000000e+00  0.00000000e+00  0.00000000e+00  0.00000000e+00
  0.00000000e+00  0.00000000e+00  0.00000000e+00  0.00000000e+00
 -2.24814714e-04  0.00000000e+00  0.00000000e+00  0.00000000e+00
  0.00000000e+00  0.00000000e+00  0.00000000e+00  0.00000000e+00
  0.00000000e+00  0.00000000e+00  0.00000000e+00  0.00000000e+00
  0.00000000e+00  0.00000000e+00  0.00000000e+00  0.00000000e+00
  0.00000000e+00  0.00000000e+00  0.00000000e+00  0.00000000e+00
  0.00000000e+00  0.00000000e+00  0.00000000e+00  0.00000000e+00
  0.00000000e+00  0.00000000e+00  0.00000000e+00  0.00000000e+00
  0.00000000e+00  0.00000000e+00  0.00000000e+00  0.00000000e+00
  0.00000000e+00  0.00000000e+00  0.00000000e+00  0.00000000e+00
  0.00000000e+00  0.00000000e+00  0.00000000e+00  0.00000000e+00]
SHAP runtime:  256.0652
15-th data point, prediction: 3
SHAP scores:  [ 0.00000000e+00  0.00000000e+00  0.00000000e+00  0.00000000e+00
  0.00000000e+00  0.00000000e+00  0.00000000e+00  0.00000000e+00
  0.00000000e+00  0.00000000e+00  0.00000000e+00  0.00000000e+00
  0.00000000e+00  0.00000000e+00  0.00000000e+00  0.00000000e+00
  0.00000000e+00  0.00000000e+00  0.00000000e+00  0.00000000e+00
  0.00000000e+00  0.00000000e+00  0.00000000e+00  0.00000000e+00
  0.00000000e+00  0.00000000e+00  0.00000000e+00  0.00000000e+00
  0.00000000e+00  0.00000000e+00  0.00000000e+00  0.00000000e+00
  0.00000000e+00  0.00000000e+00  0.00000000e+00  2.98022395e-08
  3.72528775e-08  5.21540010e-08  6.51925656e-09 -7.45059077e-08
  2.98023073e-08  3.35275894e-08 -1.49011725e-08  3.72527871e-08
 -5.58793892e-09  3.72527828e-09 -3.01534191e-14 -2.32830891e-08
  1.11758645e-08  0.00000000e+00  0.00000000e+00  0.00000000e+00
  0.00000000e+00  0.00000000e+00  0.00000000e+00  0.00000000e+00
  0.00000000e+00  0.00000000e+00  0.00000000e+00  0.00000000e+00
  0.00000000e+00  0.00000000e+00 -7.53835477e-15 -1.04773856e-08
  7.45053254e-09  4.09781266e-08  7.45048731e-09  2.01164942e-07
  1.11758570e-08  4.47034497e-08  4.37720578e-08 -2.88710460e-08
  2.23517163e-08 -1.58324946e-08 -2.23517522e-08  1.28209210e-03
  1.86264497e-09  7.45057777e-09  7.45057965e-09 -2.18861063e-08
 -5.58793704e-09 -1.49011725e-08  0.00000000e+00  0.00000000e+00
  0.00000000e+00  0.00000000e+00 -1.21071995e-08 -7.91624296e-09
 -3.72529284e-08  7.45057777e-09  2.79396544e-08 -3.16650111e-08
  3.49245552e-08  3.72528625e-08  5.21540010e-08 -3.72529737e-08
 -3.72529435e-08  2.98021867e-08  3.72528818e-09  2.98931691e-04
 -1.11759300e-08  3.55162900e-04  1.11758570e-08  3.35275705e-08
  0.00000000e+00  3.35275705e-08  9.31322530e-10 -4.19095195e-09
  6.98491635e-09  1.11758570e-08  0.00000000e+00  0.00000000e+00
  0.00000000e+00  0.00000000e+00  1.86264225e-08 -1.62981558e-08
  1.49011273e-08  2.23517314e-08 -5.58796248e-09  3.72528959e-09
 -1.33792788e-05  2.79396686e-09 -1.49011725e-08 -4.82114316e-05
  1.59053110e-03  3.61825712e-03  2.35815071e-03  3.00969116e-03
  1.71142800e-04  7.11479678e-03 -2.88253756e-03 -2.07615538e-03
 -6.41662750e-04 -3.72529101e-09 -1.95577912e-08  1.11758683e-08
  3.35275705e-08  0.00000000e+00  0.00000000e+00  0.00000000e+00
  0.00000000e+00  0.00000000e+00 -2.98023676e-08 -4.42378287e-09
 -3.81842951e-08  5.58793386e-09 -3.72529101e-09 -3.72529435e-08
  2.28712241e-03  3.58488711e-03  4.65716297e-03  9.82341317e-03
  3.76391142e-03  1.14565637e-02  7.97168408e-03  2.98377696e-03
  2.93771049e-03  4.25644270e-04 -2.53390948e-04  1.64085651e-06
 -1.30385190e-08  7.45042700e-09  8.26458983e-06 -1.49011725e-08
  1.49011273e-08 -1.86264533e-09  3.35275931e-08  0.00000000e+00
  0.00000000e+00  0.00000000e+00  9.31321002e-09 -1.49011725e-08
 -3.72529101e-09  4.19095093e-09 -2.08846092e-03 -4.47035853e-08
  8.62719242e-03  1.13660619e-02  5.41566715e-03  3.68638304e-03
  2.48798638e-03 -1.05526584e-03 -3.83750333e-04 -2.66990361e-04
 -2.57131162e-03 -4.20348992e-04 -2.31288624e-04  2.33166546e-04
  1.43454975e-04  1.01515049e-03  5.38654312e-04 -3.72529101e-09
  4.78962076e-04  1.86264403e-09 -2.23517522e-08  3.72528625e-08
  0.00000000e+00  0.00000000e+00 -3.01534191e-14  2.42143627e-08
  1.49011499e-08 -9.31322828e-09 -6.78451929e-14  3.72527828e-09
  8.30042259e-03  6.31980409e-03 -1.04354122e-04 -2.37472750e-03
  5.11659828e-05 -6.77403453e-04 -8.39384100e-04 -2.87206656e-03
 -2.37592361e-03 -3.24632755e-04 -1.33881371e-03 -1.61144356e-04
  2.28995278e-03  2.95694463e-08  1.57354685e-04 -6.70553187e-08
  1.30385036e-08 -2.98023450e-08  4.47034195e-08 -3.72529101e-09
  0.00000000e+00  0.00000000e+00  1.51339806e-08 -7.53835477e-15
  1.11758645e-08  3.72528959e-09 -1.02023228e-03  2.17927119e-07
  1.12556604e-04 -1.53774528e-03 -1.59161961e-03  4.74981221e-04
  2.06698155e-03  6.26033447e-04  5.25344367e-05 -1.83835581e-04
 -2.55736009e-03 -8.63893977e-04 -1.73818546e-03  5.94741713e-04
  1.16528587e-03  7.45057777e-09  3.72528959e-09  1.41972716e-03
  2.41232609e-05 -1.67638254e-08  1.30385036e-08  0.00000000e+00
  0.00000000e+00 -3.09665197e-08 -3.58559917e-08 -4.47035175e-08
  1.58324729e-08  2.42143627e-08 -7.86213089e-05  2.64219327e-04
  2.41672102e-03 -1.92500098e-03 -3.64521333e-03  2.49404352e-03
  3.02132002e-03  9.18648559e-04 -1.18644913e-03 -2.77830078e-03
 -4.27386033e-03 -2.60600870e-03  1.64791421e-04  8.38190054e-09
  2.28968181e-03  2.39073867e-03  1.39698353e-08  4.47034421e-08
  1.86263555e-09 -3.72530231e-09 -7.45058342e-09  1.49011574e-08
  0.00000000e+00  1.86264497e-09 -6.98492227e-09 -4.47035853e-08
  3.72526698e-09  8.48292712e-05  7.45057777e-09  5.71444427e-04
 -2.51457332e-08 -4.67550613e-03 -1.08160492e-02  7.09893667e-05
 -2.43468413e-05  1.65861138e-05 -9.47875852e-04 -2.80942433e-03
 -2.86329792e-03 -5.09033518e-03  2.48353391e-04 -1.18734656e-03
  0.00000000e+00  1.35206803e-03  1.30590560e-03  1.93477285e-04
  1.26150188e-04  3.72528625e-08 -4.19095248e-09  1.86264338e-08
  0.00000000e+00  1.54832268e-08  4.47034421e-08 -2.42144394e-08
  4.18942757e-04 -3.49246039e-09  1.49010896e-08  1.84969001e-04
 -4.83830027e-04 -1.14112323e-02 -9.17846442e-03 -1.61509030e-03
  3.06956116e-04  4.33402898e-03  1.52899438e-03  2.74571749e-03
 -4.69523398e-03  1.21726990e-03  2.50345734e-03  1.26412643e-03
  2.67530514e-05  1.61201143e-03  3.49476790e-05  2.76232436e-04
 -2.98023676e-08  2.98022772e-08 -9.68577089e-08  0.00000000e+00
  0.00000000e+00  4.65660296e-08 -7.45058342e-09  7.45056269e-09
  3.72528959e-09  9.31322530e-10  5.17065745e-04 -2.54254841e-04
 -4.57950605e-03 -5.71966171e-03 -1.99046614e-03 -2.05125561e-04
  3.11856080e-04  2.00394042e-03  4.51487859e-03  5.31869242e-03
  3.99155998e-03  2.78527511e-03  1.20904377e-03  3.40142186e-04
  5.36828253e-05  6.61794536e-04  1.21071804e-08 -1.49011650e-08
 -2.23517522e-08 -3.72530231e-09 -2.98023676e-08  0.00000000e+00
  0.00000000e+00 -2.32830777e-09  8.84756189e-09  5.21539709e-08
 -1.07102128e-08  9.31322321e-09  3.85367856e-03  3.91322466e-05
 -7.84569912e-03 -2.90974265e-03  1.59164731e-04 -1.04755555e-03
 -7.20019540e-04 -1.03233061e-03 -3.22668328e-05  4.64225207e-04
 -7.34253306e-04 -3.78172754e-04 -3.10995003e-03 -1.12782874e-03
  7.98747901e-04  1.30786240e-03  9.82221543e-04  3.32682047e-03
  7.45048731e-09 -5.58793704e-09 -1.86265370e-08  0.00000000e+00
  0.00000000e+00 -4.28409432e-08  1.49011499e-08  3.72528775e-08
 -7.45058908e-09  3.72528582e-09 -1.30385219e-08  2.97211672e-03
  7.10170124e-04  9.02954858e-03  4.70997291e-04 -1.49011650e-08
 -8.55768654e-04 -2.91672027e-04  1.26743408e-03 -1.77070519e-03
  1.57265503e-03 -6.98167661e-04 -2.01905641e-03  1.37637832e-03
 -6.75342467e-04 -4.67302923e-04  3.54433307e-03 -3.72531546e-08
 -8.28880486e-08  1.49011499e-08 -3.35276549e-08  0.00000000e+00
  0.00000000e+00  0.00000000e+00  1.30385121e-08 -1.86264616e-08
 -2.23517974e-08  3.72528959e-09  5.06415553e-06  2.12231503e-03
  1.49011574e-08  1.03093922e-03  2.05844791e-03  1.50628670e-03
  4.52802083e-03  8.26678699e-03  3.49539897e-03  6.53451363e-04
  4.07674710e-04 -6.28647273e-04 -7.90234578e-05  2.27634721e-05
 -7.79556651e-04 -3.07560772e-03  1.59634613e-03  0.00000000e+00
  0.00000000e+00  0.00000000e+00  0.00000000e+00  0.00000000e+00
  0.00000000e+00  0.00000000e+00  0.00000000e+00  0.00000000e+00
  0.00000000e+00  0.00000000e+00  0.00000000e+00  1.52782239e-03
  0.00000000e+00  0.00000000e+00  5.36928149e-03  2.70308524e-03
  6.08391169e-03  9.32821985e-04  5.37847891e-03  7.67798838e-03
  7.26977370e-04  1.64927756e-05 -2.32320881e-03  0.00000000e+00
 -2.20440383e-04  1.70229613e-03 -8.34476255e-04 -4.07381512e-04
  0.00000000e+00  0.00000000e+00  0.00000000e+00  0.00000000e+00
  0.00000000e+00  0.00000000e+00  0.00000000e+00  0.00000000e+00
  0.00000000e+00  0.00000000e+00  0.00000000e+00  5.72377534e-05
  4.54228820e-04  8.84904504e-03  1.03203406e-02  6.65406760e-03
  8.26143526e-04  7.55449042e-03  4.77680107e-03  0.00000000e+00
  1.95838612e-03 -5.99624866e-04 -1.81103265e-04 -4.08499846e-03
 -1.48196175e-03  2.62467747e-04 -1.11439653e-03 -1.00544682e-03
  0.00000000e+00  0.00000000e+00  0.00000000e+00  0.00000000e+00
  0.00000000e+00  0.00000000e+00  0.00000000e+00  0.00000000e+00
  0.00000000e+00  0.00000000e+00  0.00000000e+00  9.77428435e-05
  6.21172978e-03  8.91916828e-04  1.13744753e-03  0.00000000e+00
  1.66922346e-03  7.28778244e-03  6.22984656e-03  1.12675064e-03
  6.19399795e-04  9.67070917e-04  0.00000000e+00  0.00000000e+00
 -5.51016774e-04  0.00000000e+00  2.68620551e-04  3.08993959e-03
  0.00000000e+00  0.00000000e+00  0.00000000e+00  0.00000000e+00
  0.00000000e+00  0.00000000e+00  0.00000000e+00 -1.34637822e-04
  0.00000000e+00 -3.33521007e-03  9.94279547e-05 -1.92914633e-04
  2.69398195e-03  7.18504426e-03  8.02108016e-04  1.71433894e-02
  6.96577646e-03  6.22880873e-03  0.00000000e+00  3.30483494e-03
  1.89870333e-03  8.21921751e-05 -1.64247786e-03  0.00000000e+00
  0.00000000e+00  6.87643845e-04  2.25316047e-03  2.32558918e-05
  0.00000000e+00  0.00000000e+00  0.00000000e+00  0.00000000e+00
  0.00000000e+00  0.00000000e+00  0.00000000e+00  0.00000000e+00
  0.00000000e+00  0.00000000e+00  0.00000000e+00 -9.12785201e-04
  3.39103936e-04  1.04483833e-03  0.00000000e+00  2.94567033e-03
  2.86262256e-03  8.74609183e-04  1.25708238e-03  7.25826328e-04
 -8.57101602e-05 -2.95650026e-03 -1.84320900e-03 -4.86782934e-03
 -2.15669417e-04  2.31094895e-03 -7.22355292e-04 -4.33872642e-04
  0.00000000e+00  0.00000000e+00  0.00000000e+00  0.00000000e+00
  0.00000000e+00  0.00000000e+00  0.00000000e+00  0.00000000e+00
 -4.65749492e-03  0.00000000e+00 -2.26700936e-03  2.05054751e-03
  7.11981165e-03 -2.50564543e-04  0.00000000e+00  8.58088169e-04
  5.23703992e-04  1.98230719e-05 -4.64103794e-04 -4.81891144e-03
 -9.02310101e-04  2.35720742e-03 -7.28296144e-05  2.77762836e-03
  1.72270643e-03 -2.90145628e-04  7.69612145e-04  2.09507487e-03
  0.00000000e+00  0.00000000e+00  0.00000000e+00  0.00000000e+00
  0.00000000e+00  0.00000000e+00  0.00000000e+00  0.00000000e+00
  0.00000000e+00  0.00000000e+00 -2.71162984e-04  6.86695288e-03
  8.77857733e-03  6.11874080e-03  5.11219795e-03  9.62670610e-05
 -6.62170718e-04  5.81785640e-04  2.59628782e-03  2.07626265e-03
  4.67716361e-03  4.85956394e-03  3.19841847e-03  2.68579826e-03
  3.49274711e-04  6.28866225e-05  0.00000000e+00  0.00000000e+00
  0.00000000e+00  0.00000000e+00  0.00000000e+00  0.00000000e+00
  0.00000000e+00  0.00000000e+00  0.00000000e+00  0.00000000e+00
  0.00000000e+00  0.00000000e+00  0.00000000e+00 -4.52155443e-03
  1.87464158e-03  1.14655198e-03  4.68617129e-03  8.74686312e-03
  2.74000899e-05  5.17813370e-04  2.62349454e-03  1.32202750e-03
  1.18659805e-03 -1.87376272e-03 -1.75296647e-04  1.72408827e-05
  1.65262766e-05  0.00000000e+00  0.00000000e+00  0.00000000e+00
  0.00000000e+00  0.00000000e+00  0.00000000e+00  0.00000000e+00
  0.00000000e+00  0.00000000e+00  0.00000000e+00  0.00000000e+00
  0.00000000e+00  0.00000000e+00  0.00000000e+00  0.00000000e+00
  0.00000000e+00 -3.64275545e-04 -3.35896831e-03  0.00000000e+00
  0.00000000e+00  0.00000000e+00 -2.89562833e-04  0.00000000e+00
  1.78541460e-03  0.00000000e+00  0.00000000e+00  0.00000000e+00
  0.00000000e+00  0.00000000e+00  0.00000000e+00  0.00000000e+00
  0.00000000e+00  0.00000000e+00  0.00000000e+00  0.00000000e+00
  0.00000000e+00  0.00000000e+00  0.00000000e+00  0.00000000e+00
  0.00000000e+00  0.00000000e+00  0.00000000e+00  0.00000000e+00
  0.00000000e+00  0.00000000e+00  0.00000000e+00  0.00000000e+00
  0.00000000e+00  0.00000000e+00  4.96606208e-04  0.00000000e+00
  0.00000000e+00  0.00000000e+00  0.00000000e+00  0.00000000e+00
  0.00000000e+00  0.00000000e+00  0.00000000e+00  0.00000000e+00
  0.00000000e+00  0.00000000e+00  0.00000000e+00  0.00000000e+00
  0.00000000e+00  0.00000000e+00  0.00000000e+00  0.00000000e+00
  0.00000000e+00  0.00000000e+00  0.00000000e+00  0.00000000e+00
  0.00000000e+00  0.00000000e+00  0.00000000e+00  0.00000000e+00
  0.00000000e+00  0.00000000e+00  0.00000000e+00  0.00000000e+00
  0.00000000e+00  0.00000000e+00  0.00000000e+00  0.00000000e+00
  0.00000000e+00  0.00000000e+00  0.00000000e+00  0.00000000e+00
  0.00000000e+00  0.00000000e+00  0.00000000e+00  0.00000000e+00
  0.00000000e+00  0.00000000e+00  0.00000000e+00  0.00000000e+00
  0.00000000e+00  0.00000000e+00  0.00000000e+00  0.00000000e+00
  0.00000000e+00  0.00000000e+00  0.00000000e+00  0.00000000e+00
  0.00000000e+00  0.00000000e+00  0.00000000e+00  0.00000000e+00
  0.00000000e+00  0.00000000e+00  0.00000000e+00  0.00000000e+00
  0.00000000e+00  0.00000000e+00  0.00000000e+00  0.00000000e+00
  0.00000000e+00  0.00000000e+00  0.00000000e+00  0.00000000e+00]
SHAP runtime:  259.3341
16-th data point, prediction: 9
SHAP scores:  [ 0.00000000e+00  0.00000000e+00  0.00000000e+00  0.00000000e+00
  0.00000000e+00  0.00000000e+00  0.00000000e+00  0.00000000e+00
  0.00000000e+00  0.00000000e+00  0.00000000e+00  0.00000000e+00
  0.00000000e+00  0.00000000e+00  0.00000000e+00  0.00000000e+00
  0.00000000e+00  0.00000000e+00  0.00000000e+00  0.00000000e+00
  0.00000000e+00  0.00000000e+00  0.00000000e+00  0.00000000e+00
  0.00000000e+00  0.00000000e+00  0.00000000e+00  0.00000000e+00
  0.00000000e+00  0.00000000e+00  0.00000000e+00  0.00000000e+00
  0.00000000e+00  0.00000000e+00  0.00000000e+00  2.32830549e-08
  2.60770275e-08 -1.86264554e-08  2.98023137e-08  1.49011590e-08
  3.72528875e-08 -1.02445493e-08  2.60770275e-08 -3.16649795e-08
  9.31322287e-10  7.45057374e-09  2.98023051e-08 -2.42143962e-08
  1.49011569e-08  0.00000000e+00  0.00000000e+00  0.00000000e+00
  0.00000000e+00  0.00000000e+00  0.00000000e+00  0.00000000e+00
  0.00000000e+00  0.00000000e+00  0.00000000e+00  0.00000000e+00
  0.00000000e+00  0.00000000e+00 -1.86264522e-09 -5.58793678e-09
 -2.98023282e-08 -3.72529185e-08 -1.49011655e-08  6.51925773e-09
 -3.72529201e-09  2.98023166e-08 -9.31322744e-09 -1.86264626e-08
  3.72528858e-09  3.72529003e-09 -2.88728520e-15 -1.86264558e-09
 -2.23517450e-08  1.49011598e-08  1.49011482e-08  1.11758685e-08
  0.00000000e+00 -4.65661292e-10  0.00000000e+00  0.00000000e+00
  0.00000000e+00  0.00000000e+00  5.21540284e-08 -2.30502433e-08
  1.90921019e-08  1.49011569e-08 -1.15491408e-14  6.51925719e-09
  1.58324796e-08  1.11758699e-08 -6.49639171e-15  1.24822542e-03
  0.00000000e+00  1.60327624e-03  3.78349769e-09  9.66597075e-04
  5.31983836e-04  3.56230606e-08  1.49011598e-08 -1.49011626e-08
 -1.49011655e-08 -2.23517458e-08 -1.15491408e-14  7.45057951e-09
 -2.88728520e-15  4.09781779e-08  0.00000000e+00  0.00000000e+00
  0.00000000e+00  0.00000000e+00 -1.62981456e-09 -1.11758719e-08
  2.60770232e-08  3.72529003e-09 -7.45058168e-09  8.38190216e-09
 -1.11758719e-08  2.23517378e-08 -1.86264522e-09 -2.02562724e-08
 -3.72529111e-09  9.50446095e-04  1.48249356e-04 -3.72529127e-08
  1.04878782e-03 -7.45058168e-09  7.24150960e-04  9.10439268e-06
 -1.49011655e-08 -3.72529057e-09  2.42143777e-08  1.76951250e-08
 -3.53902859e-08  1.86264491e-08  0.00000000e+00  0.00000000e+00
  0.00000000e+00  0.00000000e+00 -1.65309798e-08  1.86264147e-09
  5.96045957e-08 -7.45058168e-09  7.45057951e-09  4.45933854e-05
  1.23807594e-04  6.50002496e-04  8.99810957e-04  1.55327675e-03
  1.30740674e-03  0.00000000e+00  1.60244578e-03  1.56396608e-03
  2.19674889e-03  2.55906901e-03 -2.88728520e-15 -5.58794269e-08
 -1.15491408e-14  2.93766947e-03 -7.45058168e-09 -1.11758733e-08
  9.31322405e-09 -3.16649842e-08 -7.45058745e-09  0.00000000e+00
  0.00000000e+00  0.00000000e+00 -1.80455325e-16  8.38190216e-09
 -2.04890998e-08 -2.98023310e-08  2.98023051e-08  1.30385149e-08
  6.90048212e-04  2.87854309e-05  1.23137659e-04 -1.45019169e-04
  3.11338293e-04  4.00774157e-03  4.77277094e-04  3.11618561e-03
  1.77581371e-03 -1.09814040e-03 -1.00081159e-03 -2.11157629e-04
  5.50223819e-04  3.35276052e-08  4.65661182e-09  0.00000000e+00
 -2.79396806e-09 -1.11758762e-08 -7.45058168e-09 -7.45058168e-09
  0.00000000e+00  0.00000000e+00 -1.86264522e-09  1.30385127e-08
 -3.72529490e-09 -2.79396788e-09 -4.42378236e-09  0.00000000e+00
  1.11758685e-08  1.53945840e-03 -7.86704191e-04  2.27366651e-03
  5.48749782e-04  3.68475264e-03  4.97512825e-03 -5.95729866e-04
  4.28165669e-03 -1.23575461e-03 -2.40401267e-03  2.48574164e-04
  3.19686143e-04  1.75718406e-03  2.66031134e-04  1.49011569e-08
 -3.72529057e-09  2.23517205e-08  1.49011569e-08 -1.86264583e-08
  0.00000000e+00  0.00000000e+00 -7.45058168e-09  2.51457004e-08
  6.98491876e-09 -7.45058168e-09  4.11316217e-03  1.11758685e-08
 -5.26571549e-04 -9.00430569e-04  7.42456862e-04  3.53323947e-03
 -9.36766719e-04 -1.71849499e-03 -2.66856158e-03 -1.16123458e-03
 -1.34855869e-04  3.98474077e-03  2.03134444e-06 -3.93635810e-04
 -1.89424289e-04  1.57063662e-03 -5.58793678e-09 -1.45495282e-05
 -1.04773791e-09 -1.30385172e-08 -7.45058168e-09  0.00000000e+00
  0.00000000e+00 -1.49011626e-08  1.49011598e-08  5.58793520e-09
  2.23517378e-08 -1.86264738e-09  3.72528586e-08  1.56427616e-03
 -3.31953562e-04  2.94843221e-03  2.40576335e-03 -2.63008283e-03
 -9.49272470e-04  8.47682458e-05 -6.13018088e-06 -3.96374156e-04
  7.58072480e-04  9.00671109e-05 -2.37180904e-04 -5.81854591e-04
 -6.91192942e-03 -1.73822829e-04 -5.13396204e-06 -2.88728520e-15
  5.58793484e-09  6.51925764e-09  3.72528858e-09 -2.23517515e-08
  0.00000000e+00 -1.86264522e-09 -1.11758719e-08  3.72528759e-08
  8.14907150e-09  4.35531058e-04 -4.56217792e-05 -1.30722757e-03
  1.47007489e-03  7.43316722e-03 -2.69626811e-03 -9.86748146e-04
  3.27384265e-04  8.05688737e-05 -1.46436404e-05  6.95943606e-05
  1.88953181e-03  1.10399254e-03 -2.81617051e-04  2.60794977e-04
 -6.70194472e-04  3.25315126e-03  1.91671148e-04  5.58793484e-09
 -1.86264522e-09  3.72528137e-09 -1.11758733e-08  2.23517378e-08
  0.00000000e+00  3.72528932e-08  3.72529003e-09  5.58793412e-09
 -1.49011742e-08  7.45057951e-09 -1.39698431e-08  8.52761748e-04
  5.19292557e-03  1.13877252e-03 -3.56258435e-03 -8.38077882e-04
 -5.18239519e-04 -1.37052921e-05 -6.05060665e-06  1.03956434e-04
 -6.80627056e-04 -1.45554501e-03  3.52302822e-03  6.66083162e-04
  9.66388949e-04  2.23517320e-08 -1.49011634e-08 -2.04891016e-08
  7.45057951e-09  0.00000000e+00 -5.21540884e-08  0.00000000e+00
  0.00000000e+00  7.45057951e-09  1.86264292e-09 -4.65661292e-10
 -1.49011655e-08 -2.69573108e-05  2.60770275e-08  3.67700448e-03
  8.29363943e-03  1.24207298e-04 -2.38110708e-03  8.84011129e-05
 -1.97593775e-03  6.43857346e-04 -7.79189143e-04 -7.13399081e-05
 -1.38119627e-03  4.86390605e-04  2.55950384e-03 -3.85656277e-04
 -1.39828009e-04  9.90742465e-04  1.98246960e-04 -1.62981492e-08
  3.72528570e-09 -3.81842522e-08 -3.35276202e-08  0.00000000e+00
  0.00000000e+00 -1.86264626e-08 -2.14204292e-08  2.60770188e-08
  3.72529003e-09 -5.58793606e-09  9.03416567e-05  4.50702927e-03
  8.50234720e-03  8.36667163e-04 -2.90469819e-03 -7.78868487e-04
 -2.43576884e-05 -2.79892710e-04  6.19580210e-04 -2.55822711e-04
 -2.42980509e-03  1.53879725e-03  4.19286116e-03 -4.39781239e-04
  4.46426980e-06  9.32947762e-04  2.60770275e-08  1.49011482e-08
  2.79396757e-09 -7.45058168e-09  7.45057951e-09  0.00000000e+00
  0.00000000e+00  5.58793484e-09 -7.45058168e-09  3.72529003e-09
  0.00000000e+00 -9.31323646e-09  8.29894247e-05  6.19778207e-03
  6.36123539e-03  1.31484085e-03 -5.50915343e-04 -3.62589960e-03
 -1.86264558e-09 -9.51600041e-05 -2.72085356e-03 -1.83673164e-03
 -1.43274380e-04 -4.22620023e-04  2.11865662e-03 -5.92290296e-04
  1.98062758e-04  2.25742998e-03  1.52767487e-03  3.35275965e-08
  7.18647367e-04  0.00000000e+00 -2.98023310e-08  0.00000000e+00
  0.00000000e+00  0.00000000e+00 -8.38190418e-09 -7.45059900e-09
  1.11758699e-08  3.29513626e-04 -5.64417507e-06  1.66476689e-03
  5.41568406e-03  3.98399857e-05 -3.65120484e-04 -1.06282598e-03
 -3.72319153e-03 -4.88146434e-03 -5.18218492e-04 -1.78047628e-04
  7.68095427e-04  1.68703721e-03  2.16376699e-04 -1.66497549e-03
  1.09055868e-04  1.42504446e-04  0.00000000e+00  4.30096040e-03
  0.00000000e+00  0.00000000e+00  0.00000000e+00  0.00000000e+00
  0.00000000e+00  0.00000000e+00  0.00000000e+00  0.00000000e+00
  0.00000000e+00  0.00000000e+00  0.00000000e+00  1.25153794e-04
  1.17125035e-03  1.59778956e-03  6.86941753e-05  8.53664964e-05
 -1.08715325e-03  3.90197126e-04  1.64397167e-03  2.11924056e-04
  1.68804891e-04  1.65129320e-03 -6.93589114e-04  2.39486452e-03
  1.76624573e-05  1.20761340e-03  4.31426122e-03  0.00000000e+00
  0.00000000e+00  0.00000000e+00  0.00000000e+00  0.00000000e+00
  0.00000000e+00  0.00000000e+00  0.00000000e+00  0.00000000e+00
  0.00000000e+00  0.00000000e+00  5.04505338e-05  0.00000000e+00
  8.49985119e-04 -1.03920517e-03 -1.66885217e-04  5.07859142e-04
 -4.06727533e-04 -1.58880306e-03  1.14927461e-04  1.26233652e-03
 -3.73624086e-04  3.41370905e-04 -2.47638690e-05  8.23067155e-04
  0.00000000e+00  2.36219450e-04  5.00448526e-05  0.00000000e+00
  0.00000000e+00  0.00000000e+00  0.00000000e+00  0.00000000e+00
  0.00000000e+00  0.00000000e+00  0.00000000e+00  0.00000000e+00
  0.00000000e+00  5.09072705e-05  0.00000000e+00  3.27687196e-04
  0.00000000e+00 -7.48903456e-05 -5.31866086e-04  2.19225541e-03
  4.54429559e-04  3.44388787e-03  0.00000000e+00 -6.06771061e-05
  1.21617065e-03 -1.25531166e-04 -5.15947903e-04  0.00000000e+00
  0.00000000e+00  4.39228629e-03  0.00000000e+00  0.00000000e+00
  0.00000000e+00  0.00000000e+00  0.00000000e+00  0.00000000e+00
  0.00000000e+00  0.00000000e+00  0.00000000e+00  0.00000000e+00
  0.00000000e+00  0.00000000e+00  1.35726508e-03  0.00000000e+00
  0.00000000e+00  1.18930176e-03  1.14583940e-03 -8.86487375e-04
  2.81265846e-04  1.29581908e-03  0.00000000e+00 -1.61562328e-03
  3.36609301e-05 -4.95167308e-05  7.68139264e-04  0.00000000e+00
  4.22985238e-03  0.00000000e+00  8.32947798e-04  0.00000000e+00
  0.00000000e+00  0.00000000e+00  0.00000000e+00  0.00000000e+00
  0.00000000e+00  0.00000000e+00  0.00000000e+00  0.00000000e+00
  1.22173043e-04  3.27425513e-03  0.00000000e+00  0.00000000e+00
  0.00000000e+00  0.00000000e+00  0.00000000e+00  3.72725506e-04
  7.17652785e-04  4.92246713e-04 -6.76338706e-04  1.27398755e-04
  9.19475679e-05 -1.34091881e-03 -4.30025945e-04  2.92878344e-03
  0.00000000e+00  0.00000000e+00  0.00000000e+00  0.00000000e+00
  0.00000000e+00  0.00000000e+00  0.00000000e+00  0.00000000e+00
  0.00000000e+00  0.00000000e+00  0.00000000e+00  0.00000000e+00
  0.00000000e+00  0.00000000e+00  0.00000000e+00  8.82880385e-03
  0.00000000e+00  5.19490856e-03  2.70155020e-03  2.32737508e-03
  9.27902197e-04  1.36663978e-03  1.63309551e-04 -1.27222404e-03
  4.55901477e-04  2.28884909e-04  1.03604157e-03 -6.36502643e-05
  4.30659157e-05  0.00000000e+00  0.00000000e+00  0.00000000e+00
  0.00000000e+00  0.00000000e+00  0.00000000e+00  0.00000000e+00
  0.00000000e+00  0.00000000e+00  0.00000000e+00  0.00000000e+00
  0.00000000e+00  0.00000000e+00  0.00000000e+00  3.36855032e-03
  7.92286593e-03  9.73561279e-03  0.00000000e+00  2.53528249e-03
  0.00000000e+00  2.08331552e-03  8.67454011e-05 -1.15475478e-03
 -3.03300335e-03  3.54407782e-04 -1.65545833e-03  0.00000000e+00
  0.00000000e+00  0.00000000e+00  0.00000000e+00  0.00000000e+00
  0.00000000e+00  0.00000000e+00  0.00000000e+00  0.00000000e+00
  0.00000000e+00  0.00000000e+00  0.00000000e+00  0.00000000e+00
  0.00000000e+00  0.00000000e+00  0.00000000e+00  0.00000000e+00
  0.00000000e+00  4.64196395e-05  0.00000000e+00  1.86030204e-03
  1.32926533e-03 -2.80810343e-05  1.02236760e-03 -2.57604530e-03
  2.11331486e-03  6.77626125e-05 -1.40983355e-04  0.00000000e+00
  0.00000000e+00  0.00000000e+00  0.00000000e+00  0.00000000e+00
  0.00000000e+00  0.00000000e+00  0.00000000e+00  0.00000000e+00
  0.00000000e+00  0.00000000e+00  0.00000000e+00  0.00000000e+00
  0.00000000e+00  0.00000000e+00  0.00000000e+00  0.00000000e+00
  0.00000000e+00  0.00000000e+00  0.00000000e+00  1.45536978e-03
 -2.13277424e-05  0.00000000e+00  5.59853447e-04  2.15587938e-03
  3.66306670e-03  0.00000000e+00  0.00000000e+00 -3.18022612e-03
 -3.45261265e-04  0.00000000e+00  0.00000000e+00  0.00000000e+00
  0.00000000e+00  0.00000000e+00  0.00000000e+00  0.00000000e+00
  0.00000000e+00  0.00000000e+00  0.00000000e+00  0.00000000e+00
  0.00000000e+00  0.00000000e+00  0.00000000e+00  0.00000000e+00
  0.00000000e+00  0.00000000e+00  0.00000000e+00  9.37683938e-04
  0.00000000e+00  0.00000000e+00  2.30902369e-03  2.34401611e-03
  3.18603547e-03  0.00000000e+00 -4.21941437e-04  0.00000000e+00
  0.00000000e+00  0.00000000e+00  0.00000000e+00  0.00000000e+00
  0.00000000e+00  0.00000000e+00  0.00000000e+00  0.00000000e+00
  0.00000000e+00  0.00000000e+00  0.00000000e+00  0.00000000e+00
  0.00000000e+00  0.00000000e+00  0.00000000e+00  0.00000000e+00
  0.00000000e+00  0.00000000e+00  0.00000000e+00  0.00000000e+00
  0.00000000e+00  0.00000000e+00  0.00000000e+00  0.00000000e+00
  0.00000000e+00  0.00000000e+00  0.00000000e+00  0.00000000e+00
  0.00000000e+00  0.00000000e+00  0.00000000e+00  0.00000000e+00
  0.00000000e+00  0.00000000e+00  0.00000000e+00  0.00000000e+00
  0.00000000e+00  0.00000000e+00  0.00000000e+00  0.00000000e+00
  0.00000000e+00  0.00000000e+00  0.00000000e+00  0.00000000e+00
  0.00000000e+00  0.00000000e+00  0.00000000e+00  0.00000000e+00
  0.00000000e+00  0.00000000e+00  0.00000000e+00  0.00000000e+00
  0.00000000e+00  0.00000000e+00  0.00000000e+00  0.00000000e+00
  0.00000000e+00  0.00000000e+00  0.00000000e+00  0.00000000e+00
  0.00000000e+00  0.00000000e+00  0.00000000e+00  0.00000000e+00]
SHAP runtime:  266.3233
17-th data point, prediction: 7
SHAP scores:  [ 0.00000000e+00  0.00000000e+00  0.00000000e+00  0.00000000e+00
  0.00000000e+00  0.00000000e+00  0.00000000e+00  0.00000000e+00
  0.00000000e+00  0.00000000e+00  0.00000000e+00  0.00000000e+00
  0.00000000e+00  0.00000000e+00  0.00000000e+00  0.00000000e+00
  0.00000000e+00  0.00000000e+00  0.00000000e+00  0.00000000e+00
  0.00000000e+00  0.00000000e+00  0.00000000e+00  0.00000000e+00
  0.00000000e+00  0.00000000e+00  0.00000000e+00  0.00000000e+00
  0.00000000e+00  0.00000000e+00  0.00000000e+00  0.00000000e+00
  0.00000000e+00  0.00000000e+00  0.00000000e+00  7.91624029e-09
 -5.96046978e-08 -1.39698392e-09 -4.47035079e-08  1.39698380e-09
  1.86264505e-09  4.65661250e-09  2.23517269e-08  2.98022959e-08
 -7.45058225e-09  3.72528326e-09 -2.79396796e-09 -2.98023489e-08
 -1.76642176e-14  0.00000000e+00  0.00000000e+00  0.00000000e+00
  0.00000000e+00  0.00000000e+00  0.00000000e+00  0.00000000e+00
  0.00000000e+00  0.00000000e+00  0.00000000e+00  0.00000000e+00
  0.00000000e+00  0.00000000e+00  0.00000000e+00 -1.76642176e-14
  3.72528351e-08 -7.45059009e-08 -7.06568706e-14  8.94068700e-08
  1.26506813e-04  1.49011546e-08 -1.49011678e-08 -2.60770458e-08
  2.42143562e-08  2.79396495e-08 -3.42261291e-08 -2.60770391e-08
  1.86264411e-08  0.00000000e+00 -7.45058225e-09  0.00000000e+00
  2.32830627e-09 -1.67638125e-08  0.00000000e+00  0.00000000e+00
  0.00000000e+00  0.00000000e+00  7.45057894e-09  1.22236012e-08
 -3.35276374e-08  3.72527664e-09 -2.98023489e-08 -2.63098829e-08
 -5.96046978e-08  5.21540360e-08  6.14671860e-08  3.16649420e-08
  2.00451231e-03  1.39698317e-08  4.47034240e-08  2.93673019e-03
  1.51982537e-03 -1.49011678e-08 -5.58794742e-09 -1.10401360e-15
 -1.49012031e-08  1.86830170e-05  8.38190163e-09  5.58793341e-09
  2.95694651e-08 -7.06568706e-14  0.00000000e+00  0.00000000e+00
  0.00000000e+00  0.00000000e+00  1.49011546e-08 -7.45058225e-09
  1.49011546e-08 -2.98023489e-08  9.31322549e-10  2.79396694e-08
 -2.23517744e-08 -2.60770391e-08 -2.23517744e-08  3.35275394e-08
  2.41074773e-03 -2.04891025e-08 -2.98023489e-08  1.16256689e-03
  1.23003694e-03  1.92858490e-05  1.60194768e-04  7.18992753e-04
  1.49011192e-08 -7.45058556e-09 -4.41605441e-15  3.49245962e-10
 -7.45063525e-09  3.72528988e-09  0.00000000e+00  0.00000000e+00
  0.00000000e+00  0.00000000e+00 -7.45058225e-09 -3.72529071e-09
  2.18866465e-05  5.21540360e-08 -2.23517479e-08 -6.51926805e-08
  7.45055244e-09  7.45057894e-09  8.71208894e-04  7.31535155e-04
  2.14557043e-03  2.22807602e-03  8.41509050e-04  1.85329095e-03
  2.12449647e-03  1.12303724e-04 -7.45058225e-09 -1.49011634e-08
  2.98023136e-08  3.91265192e-07 -9.31322723e-09 -3.72529071e-09
  6.81715218e-05  7.45057563e-09  2.60770228e-08  0.00000000e+00
  0.00000000e+00  0.00000000e+00 -7.45058225e-09 -4.41605441e-15
  1.49011546e-08  1.11758628e-08 -1.76642176e-14  0.00000000e+00
  2.98023136e-08  1.33564294e-03  5.89791975e-05  8.76114973e-04
  4.05588743e-03  4.08183708e-04 -1.11758724e-08  1.43554106e-03
  7.29285457e-04  4.84921318e-03  5.60626310e-03 -2.23517567e-08
  5.37475106e-04  4.40822584e-05  1.29261833e-03  2.98022959e-08
  2.32830586e-09 -5.58793638e-09 -1.11758945e-08  1.49011192e-08
  0.00000000e+00  0.00000000e+00 -1.49011678e-08 -4.65661324e-09
  1.92838787e-03  1.03256358e-02  3.19331365e-03  4.25570546e-03
  3.62532362e-03  2.62412098e-04 -1.63701840e-03  5.37711790e-04
 -1.93189208e-04  2.68382102e-03  3.78091332e-03 -6.18559260e-04
  5.94761966e-03  4.12298681e-03  1.43204682e-03  8.30894221e-04
  4.67501590e-05  2.85723481e-03  3.73971447e-03 -1.86264525e-09
 -1.39698455e-08  3.53902337e-08  5.58793011e-08 -6.90008502e-17
  0.00000000e+00  0.00000000e+00 -2.98023489e-08  0.00000000e+00
  1.67581634e-03  1.36546855e-02  1.20145498e-02  1.45821779e-02
  1.12798367e-02  1.16110677e-02  9.33141073e-03  2.60177727e-03
  2.53659687e-03  3.15014766e-03 -3.26098292e-04  2.43688526e-03
  1.06107935e-03 -2.20726376e-03 -1.52596463e-03 -8.17773086e-04
 -4.45402384e-04 -7.69359612e-04  6.45371860e-04  2.98022959e-08
  1.46683239e-08  9.08039361e-09 -1.58324901e-08  0.00000000e+00
  0.00000000e+00 -1.11758724e-08 -2.79397049e-08  1.86264505e-09
  1.53720279e-04  5.66161489e-03  5.07702712e-03  7.17173146e-03
  7.16089808e-03 -2.55629359e-03  4.72145592e-03 -1.79659995e-03
  3.41906360e-03  5.47236708e-03  1.77615830e-03  5.53769713e-03
  6.53426331e-03  1.91246347e-03  1.07843799e-02  1.15085891e-02
 -6.95982571e-04 -4.36540014e-05  1.72020045e-05  1.22602063e-04
  1.67434778e-03  2.98022429e-08  9.31322426e-09  1.49011546e-08
  0.00000000e+00 -1.21072012e-08  1.42026624e-08 -1.47265449e-08
  4.65661281e-10  7.45057894e-09 -2.23517479e-08 -1.58324901e-08
  2.23517357e-08 -1.04825444e-03 -2.49244634e-04 -2.25195329e-03
 -7.47115862e-04 -1.33908249e-03  1.18384402e-04  3.44076702e-04
  3.05128013e-03  7.88155654e-03  6.09134818e-03  6.46517210e-03
  4.31025686e-03 -1.45670841e-03  1.40077211e-04  4.08239483e-05
  3.72527664e-09  3.72528792e-08 -1.58324901e-08  6.05358624e-08
  0.00000000e+00 -1.10401360e-15  0.00000000e+00 -7.20195743e-04
 -2.60723262e-03  3.72528326e-09 -2.00633693e-05  4.65661281e-10
 -2.72436611e-04 -3.06098380e-06 -1.49012031e-08  1.31198734e-03
  1.18564947e-04  3.02084532e-04  1.45669770e-03 -9.72690481e-04
 -6.50988621e-04 -9.42894530e-04  6.69375700e-03  7.88534754e-03
  1.02331977e-02  1.57155115e-03  1.41346931e-03  1.81607842e-08
 -7.45058225e-09 -1.95577800e-08 -6.14673938e-08  0.00000000e+00
  0.00000000e+00  0.00000000e+00 -4.37722215e-08 -9.31322833e-09
 -1.44341626e-04  0.00000000e+00 -1.91808719e-04 -7.45060875e-09
  2.75123888e-03 -7.45067057e-09 -5.58793638e-09  8.00296990e-03
  9.69887640e-05  2.77493595e-04  6.56110783e-03  4.15202424e-04
 -1.70083966e-04 -2.02312949e-03 -7.54812286e-04  8.83287245e-03
  3.90103305e-03 -5.92083237e-04  3.72528988e-09  0.00000000e+00
  1.30385088e-08  1.67638002e-08  1.49011546e-08  0.00000000e+00
  0.00000000e+00  1.49011546e-08 -3.72529071e-09 -1.49011678e-08
 -8.38190596e-09  2.04890808e-08  6.64018620e-05  2.21363505e-04
 -1.49012031e-08  4.69054951e-04  5.48088951e-03  5.13768241e-04
  1.17465671e-03  4.01535940e-04  2.36929903e-03  3.46439725e-04
  9.71620326e-06 -4.66480966e-04 -7.46093580e-04  2.95818210e-03
  8.56100086e-03  1.57199394e-03 -1.86264685e-08 -7.45058225e-09
  2.04890907e-08 -3.88827578e-08  0.00000000e+00  0.00000000e+00
  0.00000000e+00 -7.45058556e-09  2.32830634e-09 -2.22498933e-08
 -2.98023312e-08 -2.04891125e-08 -6.59927775e-05  2.43689855e-04
  6.17628786e-05  5.09683866e-03  8.02092672e-03  2.85926706e-03
  1.00340873e-02  6.42165593e-03  1.05999428e-02  1.14248076e-03
 -4.15129421e-03 -2.61931400e-03  5.39098061e-03  4.58785123e-03
 -5.52187012e-04  3.77192623e-04 -1.20615644e-04  2.04810684e-03
  1.19945371e-03  5.77418913e-08  2.98022738e-08  0.00000000e+00
  0.00000000e+00  0.00000000e+00  2.42143728e-08  2.98022959e-08
 -2.60770612e-08  1.49011590e-08 -1.86264883e-08  5.18026016e-03
  5.19152269e-03  6.25785556e-03  7.35753156e-03  5.52027313e-03
  8.65293395e-05  1.39139793e-02  2.18651409e-03 -5.11262998e-06
 -2.80438909e-03  4.36013095e-03  4.95760062e-03  3.09242485e-03
  1.29135363e-03  0.00000000e+00  4.18436307e-04  0.00000000e+00
  0.00000000e+00  0.00000000e+00  0.00000000e+00  0.00000000e+00
  0.00000000e+00  0.00000000e+00  0.00000000e+00  0.00000000e+00
  0.00000000e+00  0.00000000e+00  0.00000000e+00  1.43732506e-03
  1.42444273e-02  0.00000000e+00  3.76562236e-05  4.46723993e-03
  1.82140997e-03  7.35172867e-03 -3.54769665e-03 -7.78960672e-03
  1.28600268e-03  3.56258804e-03  4.49748723e-04 -1.06400926e-03
 -4.98407894e-04  4.74468569e-03  0.00000000e+00  1.45536244e-04
  0.00000000e+00  0.00000000e+00  0.00000000e+00  0.00000000e+00
  0.00000000e+00  0.00000000e+00  0.00000000e+00  0.00000000e+00
  1.21160016e-04  1.47062649e-04  0.00000000e+00  7.08313401e-03
  5.87537360e-03  6.70048112e-03  4.68109437e-05  5.56221930e-04
  0.00000000e+00  1.23739800e-03 -3.08978418e-03 -3.18607820e-04
 -4.50078114e-04  3.25598785e-03  1.18071987e-03 -1.43486352e-03
  2.17689432e-03  0.00000000e+00  0.00000000e+00  1.79238380e-03
  0.00000000e+00  0.00000000e+00  0.00000000e+00  0.00000000e+00
  0.00000000e+00  0.00000000e+00  0.00000000e+00  0.00000000e+00
  0.00000000e+00  6.18545420e-03  5.06306559e-04  0.00000000e+00
  2.78654573e-03  7.22863815e-04  0.00000000e+00  1.97430973e-03
  9.60354554e-04 -5.41872226e-03 -5.79823862e-03  8.96439664e-03
  9.32522924e-04 -2.81662122e-04 -3.53513095e-03  4.03119286e-03
  7.67109184e-04  0.00000000e+00  0.00000000e+00  0.00000000e+00
  0.00000000e+00  0.00000000e+00  0.00000000e+00  0.00000000e+00
  0.00000000e+00  0.00000000e+00  0.00000000e+00  0.00000000e+00
  0.00000000e+00  1.21875556e-02  1.38090735e-02  0.00000000e+00
  0.00000000e+00  0.00000000e+00  1.55030331e-03  0.00000000e+00
 -1.89199739e-04 -4.20681512e-03  4.33557185e-03 -2.63848382e-05
  9.95065527e-04 -4.76029353e-04  5.80079809e-03  1.42131813e-02
  7.34858841e-04  0.00000000e+00  0.00000000e+00  0.00000000e+00
  0.00000000e+00  0.00000000e+00  0.00000000e+00  0.00000000e+00
  0.00000000e+00  0.00000000e+00  0.00000000e+00  0.00000000e+00
  0.00000000e+00  0.00000000e+00  0.00000000e+00  1.96383771e-03
  2.52651809e-03  1.79587725e-03  9.41223026e-04  3.85847691e-03
 -1.82240855e-03  1.27727913e-03 -7.36549560e-05  4.35592464e-03
 -1.77613703e-03 -4.98325256e-03  8.22810440e-03  0.00000000e+00
  0.00000000e+00  0.00000000e+00  0.00000000e+00  0.00000000e+00
  0.00000000e+00  0.00000000e+00  0.00000000e+00  0.00000000e+00
  0.00000000e+00  0.00000000e+00  0.00000000e+00  0.00000000e+00
  0.00000000e+00  1.00886981e-02  0.00000000e+00  0.00000000e+00
  2.45064526e-02  1.01748681e-02  9.07252881e-04  1.25102099e-03
  8.83024907e-05  3.33961116e-03  1.71761582e-03  1.84834604e-03
 -1.46072054e-03 -1.85562808e-04  1.50419922e-03  0.00000000e+00
  0.00000000e+00  0.00000000e+00  0.00000000e+00  0.00000000e+00
  0.00000000e+00  0.00000000e+00  0.00000000e+00  0.00000000e+00
  0.00000000e+00  0.00000000e+00  0.00000000e+00  0.00000000e+00
  0.00000000e+00  0.00000000e+00  0.00000000e+00  0.00000000e+00
  1.95047230e-04  5.96740000e-04  8.15028826e-03  1.44389331e-04
  1.17333763e-03 -5.65908794e-04  5.12543646e-05 -5.70626188e-03
  3.95708463e-04  4.84563554e-03  2.74750621e-04  0.00000000e+00
  0.00000000e+00  0.00000000e+00  0.00000000e+00  0.00000000e+00
  0.00000000e+00  0.00000000e+00  0.00000000e+00  0.00000000e+00
  0.00000000e+00  0.00000000e+00  0.00000000e+00  0.00000000e+00
  0.00000000e+00  1.37227733e-06  7.19422856e-04  0.00000000e+00
  0.00000000e+00  9.86822323e-04 -3.09063080e-04  3.25699068e-04
  2.54118330e-04  2.83139497e-04 -7.91056066e-04  1.24206710e-04
  2.12892413e-04  0.00000000e+00  0.00000000e+00 -3.09771382e-06
  3.23431471e-05  0.00000000e+00  2.11849201e-06  0.00000000e+00
  0.00000000e+00  0.00000000e+00  0.00000000e+00  0.00000000e+00
  0.00000000e+00  0.00000000e+00  0.00000000e+00  0.00000000e+00
  0.00000000e+00  0.00000000e+00  0.00000000e+00  0.00000000e+00
  0.00000000e+00  0.00000000e+00  2.31022894e-04  3.16216341e-04
  4.30455269e-03  5.28262288e-04  1.94420725e-03  3.04247412e-05
  0.00000000e+00  0.00000000e+00  0.00000000e+00  0.00000000e+00
  1.18872334e-03  0.00000000e+00  0.00000000e+00  0.00000000e+00
  0.00000000e+00  0.00000000e+00  0.00000000e+00  0.00000000e+00
  0.00000000e+00  0.00000000e+00  0.00000000e+00  0.00000000e+00
  0.00000000e+00  0.00000000e+00  0.00000000e+00  0.00000000e+00
  0.00000000e+00  0.00000000e+00  1.15645502e-03  4.42573106e-03
  2.76257381e-03  4.87048754e-03  6.64074965e-04  0.00000000e+00
  0.00000000e+00  0.00000000e+00  0.00000000e+00  0.00000000e+00
  0.00000000e+00  0.00000000e+00  0.00000000e+00  0.00000000e+00
  0.00000000e+00  0.00000000e+00  0.00000000e+00  0.00000000e+00
  0.00000000e+00  0.00000000e+00  0.00000000e+00  0.00000000e+00
  0.00000000e+00  0.00000000e+00  0.00000000e+00  0.00000000e+00
  0.00000000e+00  0.00000000e+00  3.93034875e-04  2.81840825e-03
  1.27731617e-03 -2.90413194e-04  0.00000000e+00  0.00000000e+00
  0.00000000e+00  0.00000000e+00  0.00000000e+00  0.00000000e+00
  0.00000000e+00  0.00000000e+00  0.00000000e+00  0.00000000e+00
  0.00000000e+00  0.00000000e+00  0.00000000e+00  0.00000000e+00
  0.00000000e+00  0.00000000e+00  0.00000000e+00  0.00000000e+00
  0.00000000e+00  0.00000000e+00  0.00000000e+00  0.00000000e+00
  0.00000000e+00  0.00000000e+00  0.00000000e+00  0.00000000e+00
  0.00000000e+00  0.00000000e+00  0.00000000e+00  0.00000000e+00
  0.00000000e+00  0.00000000e+00  0.00000000e+00  0.00000000e+00
  0.00000000e+00  0.00000000e+00  0.00000000e+00  0.00000000e+00
  0.00000000e+00  0.00000000e+00  0.00000000e+00  0.00000000e+00]
SHAP runtime:  264.3934
18-th data point, prediction: 3
SHAP scores:  [ 0.00000000e+00  0.00000000e+00  0.00000000e+00  0.00000000e+00
  0.00000000e+00  0.00000000e+00  0.00000000e+00  0.00000000e+00
  0.00000000e+00  0.00000000e+00  0.00000000e+00  0.00000000e+00
  0.00000000e+00  0.00000000e+00  0.00000000e+00  0.00000000e+00
  0.00000000e+00  0.00000000e+00  0.00000000e+00  0.00000000e+00
  0.00000000e+00  0.00000000e+00  0.00000000e+00  0.00000000e+00
  0.00000000e+00  0.00000000e+00  0.00000000e+00  0.00000000e+00
  0.00000000e+00  0.00000000e+00  0.00000000e+00  0.00000000e+00
  0.00000000e+00  0.00000000e+00  0.00000000e+00 -4.47035035e-08
 -2.23517567e-08 -3.72529736e-09 -1.49011634e-08  3.72528767e-09
  1.86263951e-09  3.35275392e-08 -3.72529071e-09  9.31322426e-09
 -1.86264525e-09 -3.72529071e-09 -1.11758724e-08  0.00000000e+00
  3.72528714e-08  0.00000000e+00  0.00000000e+00  0.00000000e+00
  0.00000000e+00  0.00000000e+00  0.00000000e+00  0.00000000e+00
  0.00000000e+00  0.00000000e+00  0.00000000e+00  0.00000000e+00
  0.00000000e+00  0.00000000e+00  5.21540094e-08  7.45057007e-09
  1.86264511e-09  5.58793341e-09  3.72528988e-09  1.11758672e-08
  9.31322549e-10  1.52504006e-08 -1.49011678e-08  3.93075289e-04
  4.47034238e-08 -1.49012742e-08  1.49011545e-08 -1.21071970e-08
  1.49011191e-08 -6.98491946e-10  6.51925620e-09  1.11758672e-08
  3.91155245e-08 -7.45058226e-09  0.00000000e+00  0.00000000e+00
  0.00000000e+00  0.00000000e+00  9.31321164e-10 -4.09782325e-08
 -1.11758746e-08  7.45057755e-09 -7.45058226e-09 -6.98491980e-09
  1.11758672e-08 -1.11758746e-08  2.23517268e-08  1.86264478e-08
  9.31321650e-09  1.86264401e-09  4.78574792e-04 -2.32830957e-10
  3.56899194e-04  2.79396494e-08 -2.98023357e-08 -1.11758724e-08
  3.49245962e-10 -3.72529293e-09  2.60770250e-08  1.86264449e-09
 -1.11758746e-08 -1.16415326e-09  0.00000000e+00  0.00000000e+00
  0.00000000e+00  0.00000000e+00 -3.16650025e-08  7.45057977e-09
  1.86264172e-09 -4.65661311e-09  1.03918226e-04  3.02498304e-04
  7.23471691e-04  2.41040007e-03  8.80765465e-04  1.11758627e-08
 -1.16415326e-09  2.23517091e-08  4.65661250e-09 -1.49011678e-08
  1.49011545e-08  4.98505935e-04  5.53916576e-04 -4.65661501e-10
  5.96045916e-08 -1.11758791e-08 -5.21541456e-08 -2.04891125e-08
 -1.02445515e-08  1.58324774e-08  0.00000000e+00  0.00000000e+00
  0.00000000e+00  0.00000000e+00  5.30853063e-08  5.58793341e-09
 -2.60770458e-08  2.58838824e-05  2.11719783e-03  1.32985845e-02
  1.40406534e-02  5.28960193e-03  5.38394764e-03  2.74639553e-03
  2.36177582e-04 -9.12440607e-03 -1.64915771e-03 -2.39957417e-03
 -2.09171223e-03  2.25932220e-04  3.02897190e-04  2.19347013e-03
  3.72528880e-08  0.00000000e+00  6.72465689e-04 -4.47035434e-08
  3.72528988e-09 -3.02679847e-09  1.30385143e-08  0.00000000e+00
  0.00000000e+00  0.00000000e+00  2.67755040e-08 -1.49011678e-08
 -7.45058226e-09  2.17119129e-03  2.69518173e-03  9.04169862e-03
  3.00220561e-03  6.73446986e-03  4.09974545e-03  9.28434647e-03
  4.47480210e-03 -3.03181455e-03 -1.17098127e-03 -1.55931633e-03
 -2.83902251e-03 -5.46293657e-04 -1.13441704e-03 -1.72008356e-05
  1.19343182e-04 -7.45058115e-09  1.08482405e-05  1.86264455e-08
  7.45057894e-09  9.31322481e-09  1.58128473e-04  2.79396721e-09
  0.00000000e+00  0.00000000e+00  9.49946724e-08 -3.72529071e-09
 -5.88513051e-06  2.30092872e-03  4.75043673e-03  5.49277469e-03
  1.08656592e-05 -1.63996705e-03  1.73026229e-03  3.09720213e-03
  1.11177639e-03  1.47846414e-03 -4.21464357e-04 -1.71171151e-03
 -3.18409898e-03 -3.15462740e-03 -3.07791249e-04 -3.63558452e-04
  3.72528767e-09 -3.22474890e-05  5.56868540e-05  3.26769155e-04
  7.31553000e-04 -8.38190777e-09  1.49011545e-08 -1.02445498e-08
  0.00000000e+00  0.00000000e+00 -4.19095211e-09 -9.31326477e-10
 -1.49011811e-08  2.54228514e-03  2.06321557e-03  2.06513038e-04
 -1.55817764e-04  8.27767933e-04  1.33949939e-03  3.23810597e-04
 -5.75367277e-04  2.14450218e-04  9.23484150e-04  2.90332773e-04
  3.80308985e-05 -3.02477882e-03 -2.40080672e-05 -4.44752265e-04
  1.17511829e-04  3.63374242e-03  1.31860253e-05  1.86264411e-08
 -1.49011645e-08  6.51925620e-09  7.45057894e-09  0.00000000e+00
  0.00000000e+00 -7.45058115e-09 -7.45058115e-09  7.45057894e-09
 -1.86264525e-09  1.77462312e-04  9.78563434e-04  8.10510162e-04
  3.81755382e-03  1.35064680e-03  2.28013191e-03  4.78273305e-04
  2.55594526e-03 -2.02993541e-04  1.70859718e-03  1.62916505e-03
  1.16711307e-03  4.78402077e-04  5.73700018e-05  4.41044605e-04
  2.53791032e-04  1.22534011e-03  1.18711096e-04  7.13706235e-06
  2.79396749e-09  6.05359446e-09 -7.45058226e-09  1.11758627e-08
  0.00000000e+00  1.67637952e-08 -5.58793638e-09 -2.76901725e-16
 -9.31322834e-09 -3.51980732e-03 -4.43013525e-03 -1.30672113e-04
  3.07404520e-03  1.59485805e-03  1.86116585e-03  2.66474785e-03
  1.99138233e-04  1.69988237e-05  3.74178102e-03  5.33471495e-03
  4.86801573e-03 -5.44395162e-04 -5.63725396e-05  1.07976859e-04
  2.26945671e-04  2.98586919e-04  1.11104586e-04 -7.45058226e-09
 -1.39236360e-04 -4.43042760e-15  2.23517268e-08 -1.67638125e-08
  0.00000000e+00 -2.79396823e-09 -3.35276375e-08 -1.39698392e-09
 -1.86264858e-09 -3.16087665e-03 -5.69658315e-03  3.11013879e-03
  7.45057894e-09  2.67901525e-03 -1.33396456e-03 -1.49057512e-04
  4.06556447e-05 -5.22953818e-04  5.93376263e-03  1.83988231e-03
  6.31058478e-03  1.33129682e-05  4.09904340e-04  1.07961553e-03
 -5.58793583e-09  1.60465389e-03  9.81711904e-05 -1.02445523e-08
  2.60770228e-08 -7.45058226e-09 -2.98023357e-08  0.00000000e+00
  0.00000000e+00  2.60770250e-08 -1.86264552e-08  3.35275392e-08
 -2.04891064e-08 -5.76919181e-04 -5.61965597e-03 -9.88793508e-04
  3.09559238e-03 -4.56068983e-03 -5.07597452e-03  5.45373051e-05
  1.77672680e-03  3.29295812e-03  4.80266639e-03  2.59982432e-03
  1.64807459e-03 -3.76915478e-04 -5.63837261e-04  8.40173339e-04
  4.37940355e-03  3.20992179e-05  2.62725249e-04 -1.30385195e-08
  1.86264455e-08  2.23517357e-08  1.86264449e-09  0.00000000e+00
  0.00000000e+00  9.31322149e-09  5.58793451e-09  1.11758672e-08
  1.86264478e-08 -1.15497247e-04 -8.74298606e-04  1.26169829e-04
  3.46338071e-03 -1.52686895e-03 -6.96590698e-04  1.79040908e-03
  5.08807337e-03  3.38451990e-03  1.17270505e-03  1.42635631e-03
  8.52282103e-05 -2.75377774e-03  1.32055319e-04 -1.90354857e-03
 -4.13448144e-04  1.08331546e-03  4.19095089e-09  1.49011545e-08
 -1.86264574e-08 -2.98023357e-08 -9.31322601e-10  0.00000000e+00
  0.00000000e+00  0.00000000e+00 -3.35276264e-08 -1.49011645e-08
  3.44420870e-05  3.72528792e-08  2.58046719e-05 -1.86264574e-08
  1.18980226e-03  1.22865864e-03 -8.16628106e-05  6.52205162e-04
  1.67488281e-03  1.88055937e-03 -5.70944552e-04 -3.85793324e-03
  1.01922529e-03  1.81157184e-03 -2.09773140e-03  5.04980675e-04
 -2.55404856e-05 -1.42232839e-03 -3.15261793e-04 -5.58793604e-09
  3.14676465e-05 -1.49011811e-08  5.96045384e-08  0.00000000e+00
  0.00000000e+00  0.00000000e+00  1.11758672e-08 -7.45058558e-09
 -1.86265356e-09  9.00639529e-04  2.83077393e-03  1.60274873e-03
  2.63966692e-03  7.70880038e-04  2.75074929e-03  1.43827728e-03
  4.88948414e-03 -4.80771072e-04  1.70284106e-04 -1.34765011e-03
  1.65632049e-03  1.42639448e-03 -8.51764255e-04  9.20926211e-04
  4.28917103e-03  8.66388584e-04 -1.37133589e-03 -2.23345065e-04
  0.00000000e+00  0.00000000e+00  0.00000000e+00  0.00000000e+00
  0.00000000e+00  0.00000000e+00  0.00000000e+00  0.00000000e+00
  0.00000000e+00  3.37409522e-04  0.00000000e+00  9.83093505e-03
  0.00000000e+00 -1.95799565e-05  3.44369165e-04  0.00000000e+00
  4.23936454e-03  7.75628527e-03  6.07852672e-03  8.13894994e-03
  6.37112147e-03 -1.23099996e-03 -3.65813460e-03  1.35301299e-03
  3.75052482e-03  8.18573355e-04  6.13031617e-04 -2.80987010e-03
  8.10691281e-04  0.00000000e+00  0.00000000e+00  0.00000000e+00
  0.00000000e+00  0.00000000e+00  0.00000000e+00  0.00000000e+00
  0.00000000e+00  0.00000000e+00  1.84550136e-03  6.88310644e-03
 -4.60259558e-03 -3.43934857e-03 -5.23228377e-03 -4.31403426e-03
  6.87953452e-03  2.59617718e-03  7.92895869e-05  1.17478614e-03
  6.80189691e-03  4.80552503e-04 -1.51868014e-03 -1.79691028e-03
 -3.00157559e-03  2.71109566e-03 -6.91280451e-04  1.72426764e-03
 -2.46116925e-04  0.00000000e+00  0.00000000e+00  0.00000000e+00
  0.00000000e+00  0.00000000e+00  0.00000000e+00  0.00000000e+00
  0.00000000e+00  0.00000000e+00  0.00000000e+00  0.00000000e+00
 -2.98568764e-04  1.38836879e-04 -1.58055925e-02 -1.09587413e-02
 -2.50773040e-04  6.16243616e-03  0.00000000e+00  2.58791626e-03
 -1.79215748e-05 -2.58299930e-04 -3.95901525e-03 -1.90371680e-03
  0.00000000e+00 -1.29355369e-03  7.95356648e-04 -3.33305869e-03
 -6.83289032e-04  0.00000000e+00  0.00000000e+00  0.00000000e+00
  0.00000000e+00  0.00000000e+00  0.00000000e+00  0.00000000e+00
  0.00000000e+00 -2.11935877e-04  0.00000000e+00  0.00000000e+00
  0.00000000e+00 -2.36084980e-03  7.04737207e-04 -4.43361773e-03
 -1.20952421e-03  5.85162429e-03  2.85788912e-03  4.73534881e-03
  1.07602414e-03  0.00000000e+00 -5.73530886e-04  0.00000000e+00
 -1.76215752e-03  1.49524959e-04  4.93239525e-03 -4.12210291e-03
 -1.39802675e-03  0.00000000e+00  0.00000000e+00  0.00000000e+00
  0.00000000e+00  0.00000000e+00  0.00000000e+00  0.00000000e+00
  0.00000000e+00  0.00000000e+00 -4.77904017e-05  0.00000000e+00
  0.00000000e+00 -3.37929508e-04  1.11685333e-03 -5.80032006e-03
 -7.72818363e-03 -1.63528641e-03  3.34248697e-05  4.29256130e-04
 -1.40963650e-03 -8.97561014e-04 -4.54202599e-03  1.16491565e-03
  2.36640603e-03  2.83690680e-03 -3.00848607e-03 -2.79941131e-03
 -1.71917885e-03  0.00000000e+00  0.00000000e+00  0.00000000e+00
  0.00000000e+00  0.00000000e+00  0.00000000e+00  0.00000000e+00
  0.00000000e+00  0.00000000e+00 -7.38336475e-04  0.00000000e+00
  0.00000000e+00 -3.43755816e-04  4.81585489e-05  7.95087796e-04
 -2.26662609e-03 -2.89573838e-05 -2.77387600e-05  1.15275821e-04
  3.73610218e-03  2.46755146e-03  2.64541379e-03  4.85743428e-04
  1.92658224e-03 -4.81926228e-04 -2.80062845e-03 -3.59179891e-04
 -2.28537705e-04  0.00000000e+00  0.00000000e+00  0.00000000e+00
  0.00000000e+00  0.00000000e+00  0.00000000e+00  0.00000000e+00
  0.00000000e+00 -7.10527473e-03  0.00000000e+00  0.00000000e+00
  0.00000000e+00  0.00000000e+00 -1.34932598e-04 -6.37241127e-03
 -1.43650038e-03 -2.00490912e-04  4.76177704e-03  7.15058855e-03
  5.62706317e-03  1.15182715e-02  5.75095416e-03  5.35121644e-03
  2.19734018e-04  1.13744374e-04 -7.89655117e-04 -1.49000593e-04
  0.00000000e+00  0.00000000e+00  0.00000000e+00  0.00000000e+00
  0.00000000e+00  0.00000000e+00  0.00000000e+00  0.00000000e+00
  0.00000000e+00  0.00000000e+00  0.00000000e+00  0.00000000e+00
 -1.48005395e-02  0.00000000e+00  0.00000000e+00  0.00000000e+00
 -2.18040820e-03  0.00000000e+00  4.55802173e-04 -4.51693984e-04
  1.86086813e-03  4.97090564e-04  2.94463053e-04 -6.36824192e-04
 -2.39640167e-04 -9.58041818e-06  0.00000000e+00  0.00000000e+00
  0.00000000e+00  0.00000000e+00  0.00000000e+00  0.00000000e+00
  0.00000000e+00  0.00000000e+00  0.00000000e+00  0.00000000e+00
  0.00000000e+00  0.00000000e+00  0.00000000e+00 -5.01163373e-04
  0.00000000e+00 -7.36424063e-04 -5.77320650e-03 -2.39916816e-06
  0.00000000e+00  0.00000000e+00  1.40610417e-04  0.00000000e+00
  3.60387417e-05  1.19974095e-04  0.00000000e+00  0.00000000e+00
  0.00000000e+00  0.00000000e+00  0.00000000e+00  0.00000000e+00
  0.00000000e+00  0.00000000e+00  0.00000000e+00  0.00000000e+00
  0.00000000e+00  0.00000000e+00  0.00000000e+00  0.00000000e+00
  0.00000000e+00  0.00000000e+00  0.00000000e+00  0.00000000e+00
  0.00000000e+00  0.00000000e+00 -1.46579805e-03  0.00000000e+00
 -1.77778169e-05  4.25215374e-04  0.00000000e+00 -3.56783380e-04
  0.00000000e+00  7.06380612e-04  0.00000000e+00  0.00000000e+00
  0.00000000e+00  0.00000000e+00  0.00000000e+00  0.00000000e+00
  0.00000000e+00  0.00000000e+00  0.00000000e+00  0.00000000e+00
  0.00000000e+00  0.00000000e+00  0.00000000e+00  0.00000000e+00
  0.00000000e+00  0.00000000e+00  0.00000000e+00  0.00000000e+00
  0.00000000e+00  0.00000000e+00  0.00000000e+00  0.00000000e+00
  0.00000000e+00  0.00000000e+00  0.00000000e+00  0.00000000e+00
  0.00000000e+00  0.00000000e+00  0.00000000e+00  0.00000000e+00
  0.00000000e+00  0.00000000e+00  0.00000000e+00  0.00000000e+00
  0.00000000e+00  0.00000000e+00  0.00000000e+00  0.00000000e+00
  0.00000000e+00  0.00000000e+00  0.00000000e+00  0.00000000e+00
  0.00000000e+00  0.00000000e+00  0.00000000e+00  0.00000000e+00
  0.00000000e+00  0.00000000e+00  0.00000000e+00  0.00000000e+00
  0.00000000e+00  0.00000000e+00  0.00000000e+00  0.00000000e+00
  0.00000000e+00  0.00000000e+00  0.00000000e+00  0.00000000e+00
  0.00000000e+00  0.00000000e+00  0.00000000e+00  0.00000000e+00
  0.00000000e+00  0.00000000e+00  0.00000000e+00  0.00000000e+00]
SHAP runtime:  263.8389
19-th data point, prediction: 4
SHAP scores:  [ 0.00000000e+00  0.00000000e+00  0.00000000e+00  0.00000000e+00
  0.00000000e+00  0.00000000e+00  0.00000000e+00  0.00000000e+00
  0.00000000e+00  0.00000000e+00  0.00000000e+00  0.00000000e+00
  0.00000000e+00  0.00000000e+00  0.00000000e+00  0.00000000e+00
  0.00000000e+00  0.00000000e+00  0.00000000e+00  0.00000000e+00
  0.00000000e+00  0.00000000e+00  0.00000000e+00  0.00000000e+00
  0.00000000e+00  0.00000000e+00  0.00000000e+00  0.00000000e+00
  0.00000000e+00  0.00000000e+00  0.00000000e+00  0.00000000e+00
  0.00000000e+00  0.00000000e+00  0.00000000e+00  5.58793666e-09
 -1.11758590e-08 -2.60769883e-08  1.21071986e-08 -9.31322492e-10
  4.09782688e-08  1.11759818e-08  1.41408420e-14 -1.02445356e-08
  7.45058590e-09  7.45061418e-09 -1.11758660e-08  4.47036745e-08
  1.86264705e-08  0.00000000e+00  0.00000000e+00  0.00000000e+00
  0.00000000e+00  0.00000000e+00  0.00000000e+00  0.00000000e+00
  0.00000000e+00  0.00000000e+00  0.00000000e+00  0.00000000e+00
  0.00000000e+00  0.00000000e+00  1.86264548e-09 -1.30384927e-08
  7.45058590e-09  8.83802622e-16  6.51926076e-09  1.41408420e-14
  1.86264705e-08  5.21541826e-08 -2.23516375e-08  9.31322873e-09
  2.12350805e-03 -1.49011400e-08 -2.23516941e-08 -1.01281202e-08
 -5.58793246e-09 -7.45057529e-09  0.00000000e+00 -3.72528190e-09
 -7.45040560e-09 -1.30384468e-08  0.00000000e+00  0.00000000e+00
  0.00000000e+00  0.00000000e+00  3.72529790e-08  2.60770546e-08
  1.86264548e-09  2.23517612e-08 -2.91038296e-10  9.31322873e-09
  1.49012248e-08 -1.49011400e-08 -1.49011400e-08  1.25588839e-03
 -3.72528190e-09  6.05361482e-09  5.58794197e-09 -2.23517223e-08
 -1.49011400e-08 -1.49010269e-08  7.45058590e-09 -1.11758448e-08
  1.01629107e-04  1.86264705e-08  0.00000000e+00 -7.45054701e-09
 -3.72528190e-09 -9.31322492e-10  0.00000000e+00  0.00000000e+00
  0.00000000e+00  0.00000000e+00 -3.72528897e-09  1.45519368e-08
  7.45058590e-09 -3.72528190e-09 -1.86264325e-08 -1.86264183e-08
  1.30385270e-08 -2.23517223e-08  4.19095945e-09  2.60770758e-08
  3.72529162e-09  1.73073511e-03  1.19526961e-03  3.83213280e-03
  8.41727036e-04  1.85733394e-05 -1.25242858e-04 -5.21539457e-08
  3.95029728e-06  0.00000000e+00 -7.45057529e-09  0.00000000e+00
  7.45058590e-09  1.86264846e-08  0.00000000e+00  0.00000000e+00
  0.00000000e+00  0.00000000e+00  1.02445530e-08 -3.16648859e-08
 -3.72524655e-09  1.11759182e-08  1.49013945e-08  4.04836947e-04
  1.11758970e-08 -7.45056469e-09  7.45058590e-09  8.23324476e-04
  1.57486950e-03  5.36609719e-03  3.19400516e-03  3.04557236e-03
  2.27504776e-03  4.78069667e-03  6.70237735e-04  6.75547763e-04
  1.57162580e-04 -1.86264482e-09  7.45059651e-09 -2.50280065e-03
  4.47036038e-08 -1.86264482e-09  3.25963003e-09  0.00000000e+00
  0.00000000e+00  0.00000000e+00  7.45058590e-09 -7.45057529e-09
  1.86264548e-09 -1.86264305e-09 -1.11758660e-08  2.23517612e-08
  7.45058590e-09  3.08511303e-05  1.52544075e-05  1.10480401e-03
  1.39299257e-04  2.28120261e-03  9.80022702e-03  4.12724183e-03
  2.60770758e-08  2.53726752e-03 -2.06032623e-03  7.12537254e-04
 -3.31683421e-03 -2.23372376e-03  2.04891155e-08  8.26549283e-09
 -3.72528897e-09  4.84289555e-08  1.62981651e-08  1.11758758e-08
  0.00000000e+00  0.00000000e+00  1.86264548e-09  7.45058590e-09
  2.91508795e-05 -1.67637866e-08 -1.14780286e-05  4.47036745e-08
 -2.29457168e-04  1.49011683e-08 -1.49010976e-08  2.40510079e-03
  5.29521798e-03  1.16633954e-02  1.03743159e-02  7.60769133e-03
  8.51946817e-03 -9.32382574e-05 -3.77041631e-04 -3.66321919e-04
 -2.11254600e-03 -2.98960852e-03 -1.00553166e-03  8.83802622e-16
  7.45058590e-09  2.42144076e-08 -1.30384927e-08 -1.49011400e-08
  0.00000000e+00  0.00000000e+00  3.04426903e-08 -2.98022941e-08
 -1.49011506e-08  3.72533405e-09 -6.05821262e-06  6.51926076e-09
 -4.90335068e-05 -5.35180504e-05  1.35977914e-03  4.55829183e-04
  1.07203893e-03  3.87951626e-03  4.95447712e-03  7.46847686e-03
  5.81038550e-04 -7.82225618e-05  3.81366997e-04  9.08476750e-04
 -2.61400721e-04 -1.08603362e-04 -7.45057529e-09 -1.49011400e-08
 -1.44354782e-08 -9.31319625e-09  9.31323050e-09  0.00000000e+00
  0.00000000e+00 -1.49011400e-08  1.67638155e-08  4.23211068e-04
 -1.49011541e-08 -1.39698368e-09  1.02445517e-08 -7.45057529e-09
 -9.78935895e-04  9.20375192e-04 -1.17318005e-04  1.00459962e-04
  1.07869252e-03  4.99578018e-03  8.82347786e-05  9.40518726e-04
  1.21148197e-03  1.00869477e-03  2.35064134e-03  5.61541301e-04
 -3.72528897e-09 -4.11583620e-04  0.00000000e+00  1.49011824e-08
  7.45061418e-09 -3.72528190e-09  1.86264548e-09  7.45058590e-09
  0.00000000e+00 -1.30384927e-08 -1.49011541e-08  2.23517612e-08
  3.35276564e-08  1.72133877e-04 -1.49011541e-08  1.86264705e-08
 -2.42571171e-03  1.88329757e-03 -3.32146615e-04  6.68743301e-04
  3.14389285e-03  5.07477710e-05  1.45825585e-04  7.02348889e-04
  3.77161750e-04  2.48418885e-03  4.68749234e-03 -8.31361066e-04
 -9.28007372e-04 -1.42113059e-04 -2.98022375e-08 -1.86264325e-08
 -1.86264325e-08  0.00000000e+00  3.72530356e-08 -1.86264482e-09
  0.00000000e+00 -7.45057529e-09  7.45058590e-09  3.72529869e-09
 -1.49011400e-08 -3.37604291e-09  0.00000000e+00  6.51926871e-09
 -5.88019936e-04  2.20453032e-03 -9.40934270e-04 -3.55697170e-04
 -5.62258019e-04  1.65801514e-06  7.90757888e-04  5.03490484e-04
 -2.41900067e-04  2.67612700e-03  3.17302850e-03  4.79161453e-06
 -1.07618770e-03  2.81351410e-04 -5.58793246e-09 -1.49011400e-08
  1.28451599e-04 -3.72528897e-09 -3.72528190e-09  0.00000000e+00
  0.00000000e+00 -7.45057529e-09  7.45059032e-09  2.42144323e-08
 -9.31319625e-09 -2.01162313e-04 -4.69977037e-04  1.41408420e-14
  9.52701135e-04  1.25130387e-02  4.44826158e-04 -5.27697736e-04
 -1.15384587e-05  1.63717644e-03  1.77898876e-03  3.11029885e-04
 -6.60932934e-04  1.61937142e-03  1.85534766e-03 -1.09625356e-03
 -5.56479617e-04  2.60770758e-08  2.59299295e-05  7.45058590e-09
  9.31323983e-10  1.49011824e-08  1.86264634e-08  0.00000000e+00
  0.00000000e+00  1.86264634e-08 -9.31322492e-10  1.67638650e-08
  1.49011683e-08 -1.16601683e-03  0.00000000e+00 -1.26217780e-04
  3.30076824e-03  2.56693426e-03 -6.01902799e-04 -1.69375913e-03
 -2.90616832e-04 -4.02922460e-04  2.20191693e-04  1.27685242e-03
  3.34278893e-04  2.45548874e-03  5.37178429e-04 -1.43306210e-03
  7.45058590e-09 -2.68942915e-06 -9.31240392e-06  7.45058590e-09
 -5.58792893e-09 -1.11758448e-08 -6.51925219e-09  0.00000000e+00
  0.00000000e+00 -7.45057529e-09 -1.11758660e-08  7.45061418e-09
  9.31323403e-09 -5.26198259e-05 -8.11167261e-05 -5.36183433e-04
  5.64172101e-03  6.17276029e-03 -3.39927043e-03  1.19173634e-03
 -4.93904672e-04  7.59749966e-04  4.91852445e-03  8.57195875e-04
  2.36377629e-03  1.17460625e-03  1.00593735e-03 -3.92261087e-03
 -1.90390492e-03 -4.02441318e-03 -7.45057529e-09 -1.49011506e-08
  7.45058590e-09  7.45067074e-09 -7.45057529e-09  0.00000000e+00
  0.00000000e+00  0.00000000e+00  1.86265609e-09  1.49011824e-08
 -7.45057529e-09  1.11758828e-08 -1.75897908e-03  7.66568778e-04
  1.30435530e-03  3.41425025e-03  1.03209068e-02  3.36981085e-03
  3.11843543e-05  5.95863864e-04 -1.04645770e-03 -2.46266201e-03
  2.96802776e-03  2.27822442e-04  4.04570053e-03  3.16725468e-03
 -1.70272535e-03  0.00000000e+00  0.00000000e+00  0.00000000e+00
  0.00000000e+00  0.00000000e+00  0.00000000e+00  0.00000000e+00
  0.00000000e+00  0.00000000e+00  0.00000000e+00  0.00000000e+00
  0.00000000e+00 -9.54156385e-04 -6.00881765e-04 -4.38513495e-03
  5.86932695e-03 -8.97571787e-04  2.25350591e-03  1.25532667e-04
  6.00631433e-04 -2.83744389e-03 -3.13350394e-04 -7.45592486e-05
  1.29937019e-03  3.22664756e-03  4.96000721e-03  2.54134029e-04
 -2.09670697e-03 -1.19718855e-03  0.00000000e+00  2.25724158e-03
  0.00000000e+00  0.00000000e+00  0.00000000e+00  0.00000000e+00
  0.00000000e+00  0.00000000e+00  0.00000000e+00  0.00000000e+00
  0.00000000e+00  0.00000000e+00  0.00000000e+00 -1.12817856e-03
  2.10508516e-04 -1.05018283e-03  2.09142760e-03 -3.27684900e-05
 -7.02751713e-04 -4.80685113e-03 -6.84196971e-03 -3.48703143e-03
  3.54661481e-03  5.92891084e-03 -4.23895588e-04  3.21280004e-04
 -3.00186782e-05  0.00000000e+00  0.00000000e+00  1.36338093e-04
  0.00000000e+00  0.00000000e+00  0.00000000e+00  0.00000000e+00
  0.00000000e+00  0.00000000e+00  0.00000000e+00  0.00000000e+00
  0.00000000e+00  0.00000000e+00 -2.11097412e-05  2.29556323e-03
  0.00000000e+00  1.08089900e-03  0.00000000e+00  0.00000000e+00
 -2.16418271e-06 -2.63291299e-03 -8.77645745e-03 -2.41848595e-04
  1.11529902e-05  1.01593471e-03  0.00000000e+00  1.73866495e-04
  6.92657167e-04  6.40822065e-03  3.06008291e-03  0.00000000e+00
  0.00000000e+00  0.00000000e+00  0.00000000e+00  0.00000000e+00
  0.00000000e+00  0.00000000e+00  0.00000000e+00  0.00000000e+00
  0.00000000e+00  4.66168256e-04  0.00000000e+00  4.89384267e-03
  0.00000000e+00  1.59880609e-04  3.88830232e-03  3.81463805e-03
  6.34724442e-04 -2.08008872e-03 -1.77922014e-04 -2.13679481e-04
  2.37656380e-04  7.08138257e-04  4.11617149e-03  2.32533697e-04
  7.34640035e-04  0.00000000e+00  0.00000000e+00  0.00000000e+00
  0.00000000e+00  0.00000000e+00  0.00000000e+00  0.00000000e+00
  0.00000000e+00  0.00000000e+00  0.00000000e+00  0.00000000e+00
  0.00000000e+00  0.00000000e+00  0.00000000e+00  2.26873147e-04
  0.00000000e+00  5.54379798e-03  0.00000000e+00  4.62337764e-03
  2.11481841e-03  1.65606549e-04 -1.44935044e-04  1.13930843e-04
 -2.06568709e-04  1.08813735e-03  4.11328981e-04  0.00000000e+00
  0.00000000e+00  0.00000000e+00  0.00000000e+00  0.00000000e+00
  0.00000000e+00  0.00000000e+00  0.00000000e+00  0.00000000e+00
  0.00000000e+00  0.00000000e+00  0.00000000e+00  0.00000000e+00
  0.00000000e+00  0.00000000e+00  0.00000000e+00  1.08462219e-03
  0.00000000e+00  0.00000000e+00  1.58900000e-03  0.00000000e+00
  5.92977045e-04  2.15519891e-03  3.29743844e-03  7.55716562e-05
  2.05404566e-04  1.52726628e-03  0.00000000e+00  7.97986624e-03
  0.00000000e+00  0.00000000e+00  0.00000000e+00  0.00000000e+00
  0.00000000e+00  0.00000000e+00  0.00000000e+00  0.00000000e+00
  0.00000000e+00  0.00000000e+00  0.00000000e+00  0.00000000e+00
  0.00000000e+00  0.00000000e+00  0.00000000e+00  0.00000000e+00
  0.00000000e+00  0.00000000e+00  3.72290201e-04  0.00000000e+00
  2.00575574e-04  3.71427204e-03  6.62706162e-04  1.32080241e-03
  1.47947348e-03  3.92863452e-04  1.97969260e-03  0.00000000e+00
  0.00000000e+00  0.00000000e+00  0.00000000e+00  0.00000000e+00
  0.00000000e+00  0.00000000e+00  0.00000000e+00  0.00000000e+00
  0.00000000e+00  0.00000000e+00  0.00000000e+00  0.00000000e+00
  0.00000000e+00  4.59564908e-04  0.00000000e+00  0.00000000e+00
  2.28354085e-03  0.00000000e+00  5.56061500e-03  0.00000000e+00
  5.48181625e-03  7.01751398e-04 -2.53272320e-04  1.25009690e-04
  1.36811149e-03  1.60452954e-04  0.00000000e+00  1.70348576e-03
  0.00000000e+00  0.00000000e+00  0.00000000e+00  0.00000000e+00
  0.00000000e+00  0.00000000e+00  0.00000000e+00  0.00000000e+00
  0.00000000e+00  0.00000000e+00  0.00000000e+00  0.00000000e+00
  0.00000000e+00  0.00000000e+00  0.00000000e+00  0.00000000e+00
  2.10014260e-03  0.00000000e+00  0.00000000e+00  0.00000000e+00
  0.00000000e+00 -8.44202134e-06  0.00000000e+00  9.48756140e-05
 -1.53780844e-03  2.21787805e-03  0.00000000e+00  0.00000000e+00
  0.00000000e+00  0.00000000e+00  0.00000000e+00  0.00000000e+00
  0.00000000e+00  0.00000000e+00  0.00000000e+00  0.00000000e+00
  0.00000000e+00  0.00000000e+00  0.00000000e+00  0.00000000e+00
  0.00000000e+00  0.00000000e+00  0.00000000e+00 -5.75780512e-06
  0.00000000e+00  0.00000000e+00  0.00000000e+00  0.00000000e+00
  0.00000000e+00  0.00000000e+00  0.00000000e+00  8.07878621e-05
  8.95447164e-04  0.00000000e+00  0.00000000e+00  0.00000000e+00
  0.00000000e+00  0.00000000e+00  0.00000000e+00  0.00000000e+00
  0.00000000e+00  0.00000000e+00  0.00000000e+00  0.00000000e+00
  0.00000000e+00  0.00000000e+00  0.00000000e+00  0.00000000e+00
  0.00000000e+00  0.00000000e+00  0.00000000e+00  0.00000000e+00
  0.00000000e+00  0.00000000e+00  0.00000000e+00  0.00000000e+00
  0.00000000e+00  0.00000000e+00  0.00000000e+00  0.00000000e+00
  0.00000000e+00  0.00000000e+00  0.00000000e+00  0.00000000e+00
  0.00000000e+00  0.00000000e+00  0.00000000e+00  0.00000000e+00
  0.00000000e+00  0.00000000e+00  0.00000000e+00  0.00000000e+00
  0.00000000e+00  0.00000000e+00  0.00000000e+00  0.00000000e+00
  0.00000000e+00  0.00000000e+00  0.00000000e+00  0.00000000e+00
  0.00000000e+00  0.00000000e+00  0.00000000e+00  0.00000000e+00
  0.00000000e+00  0.00000000e+00  0.00000000e+00  0.00000000e+00
  0.00000000e+00  0.00000000e+00  0.00000000e+00  0.00000000e+00
  0.00000000e+00  0.00000000e+00  0.00000000e+00  0.00000000e+00
  0.00000000e+00  0.00000000e+00  0.00000000e+00  0.00000000e+00]
SHAP runtime:  260.272

